# Host: localhost  (Version 5.5.53)
# Date: 2018-01-09 11:46:34
# Generator: MySQL-Front 6.0  (Build 2.20)


#
# Structure for table "ly_admin"
#

DROP TABLE IF EXISTS `ly_admin`;
CREATE TABLE `ly_admin` (
  `userid` mediumint(6) unsigned NOT NULL AUTO_INCREMENT,
  `username` varchar(20) DEFAULT NULL,
  `password` varchar(32) DEFAULT NULL,
  `roleid` smallint(5) DEFAULT '0',
  `encrypt` varchar(6) DEFAULT NULL,
  `lastloginip` varchar(15) DEFAULT NULL,
  `lastlogintime` int(10) unsigned DEFAULT '0',
  `email` varchar(40) DEFAULT NULL,
  `realname` varchar(50) NOT NULL DEFAULT '',
  `card` varchar(255) NOT NULL,
  `lang` varchar(6) NOT NULL,
  PRIMARY KEY (`userid`),
  KEY `username` (`username`)
) ENGINE=MyISAM AUTO_INCREMENT=2 DEFAULT CHARSET=utf8;

#
# Data for table "ly_admin"
#

/*!40000 ALTER TABLE `ly_admin` DISABLE KEYS */;
INSERT INTO `ly_admin` VALUES (1,'root','6bfd385525d075282db7efd363bf8a93',1,'SWEdTQ','',1514270418,'1234@qq.com','','','');
/*!40000 ALTER TABLE `ly_admin` ENABLE KEYS */;

#
# Structure for table "ly_admin_panel"
#

DROP TABLE IF EXISTS `ly_admin_panel`;
CREATE TABLE `ly_admin_panel` (
  `menuid` mediumint(8) unsigned NOT NULL,
  `userid` mediumint(8) unsigned NOT NULL DEFAULT '0',
  `name` char(32) DEFAULT NULL,
  `url` char(255) DEFAULT NULL,
  `datetime` int(10) unsigned DEFAULT '0',
  UNIQUE KEY `userid` (`menuid`,`userid`)
) ENGINE=MyISAM DEFAULT CHARSET=utf8;

#
# Data for table "ly_admin_panel"
#


#
# Structure for table "ly_admin_role"
#

DROP TABLE IF EXISTS `ly_admin_role`;
CREATE TABLE `ly_admin_role` (
  `roleid` tinyint(3) unsigned NOT NULL AUTO_INCREMENT,
  `rolename` varchar(50) NOT NULL,
  `description` text NOT NULL,
  `listorder` smallint(5) unsigned NOT NULL DEFAULT '0',
  `disabled` tinyint(1) unsigned NOT NULL DEFAULT '0',
  PRIMARY KEY (`roleid`),
  KEY `listorder` (`listorder`),
  KEY `disabled` (`disabled`)
) ENGINE=MyISAM AUTO_INCREMENT=8 DEFAULT CHARSET=utf8;

#
# Data for table "ly_admin_role"
#

/*!40000 ALTER TABLE `ly_admin_role` DISABLE KEYS */;
INSERT INTO `ly_admin_role` VALUES (1,'超级管理员','超级管理员',0,0),(2,'站点管理员','站点管理员',0,0),(3,'运营总监','运营总监',1,0),(4,'总编','总编',5,0),(5,'编辑','编辑',1,0),(7,'发布人员','发布人员',0,0);
/*!40000 ALTER TABLE `ly_admin_role` ENABLE KEYS */;

#
# Structure for table "ly_admin_role_priv"
#

DROP TABLE IF EXISTS `ly_admin_role_priv`;
CREATE TABLE `ly_admin_role_priv` (
  `roleid` tinyint(3) unsigned NOT NULL DEFAULT '0',
  `m` char(20) NOT NULL,
  `c` char(20) NOT NULL,
  `a` char(20) NOT NULL,
  `data` char(30) NOT NULL DEFAULT '',
  `siteid` smallint(5) unsigned NOT NULL DEFAULT '0',
  KEY `roleid` (`roleid`,`m`,`c`,`a`,`siteid`)
) ENGINE=MyISAM DEFAULT CHARSET=utf8;

#
# Data for table "ly_admin_role_priv"
#


#
# Structure for table "ly_announce"
#

DROP TABLE IF EXISTS `ly_announce`;
CREATE TABLE `ly_announce` (
  `aid` smallint(4) unsigned NOT NULL AUTO_INCREMENT,
  `siteid` smallint(5) unsigned NOT NULL DEFAULT '0',
  `title` char(80) NOT NULL,
  `content` text NOT NULL,
  `starttime` date NOT NULL DEFAULT '0000-00-00',
  `endtime` date NOT NULL DEFAULT '0000-00-00',
  `username` varchar(40) NOT NULL,
  `addtime` int(10) unsigned NOT NULL DEFAULT '0',
  `hits` smallint(5) unsigned NOT NULL DEFAULT '0',
  `passed` tinyint(1) unsigned NOT NULL DEFAULT '0',
  `style` char(15) NOT NULL,
  `show_template` char(30) NOT NULL,
  PRIMARY KEY (`aid`),
  KEY `siteid` (`siteid`,`passed`,`endtime`)
) ENGINE=MyISAM DEFAULT CHARSET=utf8;

#
# Data for table "ly_announce"
#


#
# Structure for table "ly_attachment"
#

DROP TABLE IF EXISTS `ly_attachment`;
CREATE TABLE `ly_attachment` (
  `aid` int(10) unsigned NOT NULL AUTO_INCREMENT,
  `module` char(15) NOT NULL,
  `catid` smallint(5) unsigned NOT NULL DEFAULT '0',
  `filename` char(50) NOT NULL,
  `filepath` char(200) NOT NULL,
  `filesize` int(10) unsigned NOT NULL DEFAULT '0',
  `fileext` char(10) NOT NULL,
  `isimage` tinyint(1) unsigned NOT NULL DEFAULT '0',
  `isthumb` tinyint(1) unsigned NOT NULL DEFAULT '0',
  `downloads` mediumint(8) unsigned NOT NULL DEFAULT '0',
  `userid` mediumint(8) unsigned NOT NULL DEFAULT '0',
  `uploadtime` int(10) unsigned NOT NULL DEFAULT '0',
  `uploadip` char(15) NOT NULL,
  `status` tinyint(1) NOT NULL DEFAULT '0',
  `authcode` char(32) NOT NULL,
  `siteid` smallint(5) unsigned NOT NULL DEFAULT '0',
  PRIMARY KEY (`aid`),
  KEY `authcode` (`authcode`)
) ENGINE=MyISAM AUTO_INCREMENT=33 DEFAULT CHARSET=utf8;

#
# Data for table "ly_attachment"
#

/*!40000 ALTER TABLE `ly_attachment` DISABLE KEYS */;
INSERT INTO `ly_attachment` VALUES (1,'content',20,'1-1406222350034U.jpg','2017/1204/20171204041439691.jpg',23737,'jpg',1,0,0,1,1512375279,'',1,'2283e8d2f3f74b05ed5baebf0f26f265',1),(2,'content',20,'【荷 ~ 荷花】集锦辑_2942293116985885.jpg','2017/1204/20171204041501257.jpg',31049,'jpg',1,0,0,1,1512375301,'',1,'eaec75e7f5c9df1a7b318973ef4c48f9',1),(3,'content',16,'3-161130135631.jpg','2017/1204/20171204041531547.jpg',10834,'jpg',1,0,0,1,1512375331,'',1,'f36904f8ea83e44b527f812619a65bdc',1),(4,'content',18,'-1551487132.jpg','2017/1205/20171205024906473.jpg',486244,'jpg',1,0,0,1,1512456546,'',1,'62bba579cbb6f651cf624a3d90bce277',1),(5,'content',18,'231024B15-27.jpg','2017/1205/20171205024921788.jpg',27268,'jpg',1,0,0,1,1512456561,'',1,'404abc86124ec4f0b8afb88dbbeba640',1),(6,'content',18,'231024F95-13.jpg','2017/1205/20171205025020862.jpg',45102,'jpg',1,0,0,1,1512456620,'',1,'a5715bc722ce1adb10b929ca1fdc2b5b',1),(7,'content',18,'115431O10-11.jpg','2017/1205/20171205025032755.jpg',23872,'jpg',1,0,0,1,1512456632,'',1,'5e0f5c7fe63db9fb25db7a668dbaf2cc',1),(8,'content',18,'640.jpg','2017/1205/20171205025054675.jpg',168373,'jpg',1,0,0,1,1512456654,'',1,'4366abf28c6e873ad05f49cd52b93301',1),(9,'content',18,'286448.jpg','2017/1205/20171205025106388.jpg',24029,'jpg',1,0,0,1,1512456666,'',1,'60b06b38b3c5738db303ec99f3029f6f',1),(10,'content',18,'23102413Y-8.jpg','2017/1205/20171205025145524.jpg',48901,'jpg',1,0,0,1,1512456704,'',1,'b741784b02e67facfcf828ddc41a9e5f',1),(11,'content',18,'3-161130135631.jpg','2017/1205/20171205025201797.jpg',10834,'jpg',1,0,0,1,1512456721,'',1,'0b8289b0ef0740002b43693f09a2764a',1),(12,'content',18,'1154316141-21.jpg','2017/1205/20171205025402410.jpg',39721,'jpg',1,0,0,1,1512456842,'',1,'0c7a7d60092799da269859fb1387b411',1),(13,'content',18,'wallpaper_11.png','2017/1205/20171205034116624.png',446558,'png',1,0,0,1,1512459676,'',1,'db7ce72a0ceb8de086f45a2e765f9571',1),(14,'content',18,'wallpaper_9.png','2017/1205/20171205034134515.png',529306,'png',1,0,0,1,1512459694,'',1,'1d6dc545482aea7f3b87c26f2e733995',1),(15,'content',18,'wallpaper_8.png','2017/1205/20171205034151917.png',516947,'png',1,0,0,1,1512459711,'',1,'fb26cca3c4587dcfe14f6eb6d0bb4058',1),(16,'content',18,'wallpaper_1.png','2017/1205/20171205034211367.png',666350,'png',1,0,0,1,1512459731,'',1,'1f3603c0a8578360ff96b169e7129d2d',1),(17,'content',18,'wallpaper_4.png','2017/1205/20171205034224845.png',448976,'png',1,0,0,1,1512459744,'',1,'d1e7c311237260ff60a22f33e117ade0',1),(18,'content',18,'tx20096.jpg','2017/1205/20171205034247475.jpg',38626,'jpg',1,0,0,1,1512459767,'',1,'febe6a5bd0edb9bf804bef6818af05ba',1),(19,'content',18,'timg (4).jpg','2017/1205/20171205034314116.jpg',19346,'jpg',1,0,0,1,1512459794,'',1,'187a77e5e85450c16cc1d17d2324d533',1),(20,'content',18,'2202391463-18.jpg','2017/1205/20171205034328154.jpg',12872,'jpg',1,0,0,1,1512459808,'',1,'63dc657e6e59f3d930a1386e2edfaae1',1),(21,'content',18,'wallpaper_2.png','2017/1205/20171205034348598.png',541790,'png',1,0,0,1,1512459828,'',1,'942298affa5457e0d6aa737bcd9b9dd8',1),(22,'content',18,'tx22007.jpg','2017/1205/20171205034401885.jpg',38704,'jpg',1,0,0,1,1512459841,'',1,'9e6f67fa94c6e77ba1faf1c6662b2965',1),(23,'content',10,'2304405091-8.jpg','2017/1206/20171206033742278.jpg',32280,'jpg',1,0,0,1,1512545862,'',1,'b29118b11fc8575a8d2bb942f73b41f9',1),(24,'content',10,'0b5afa1b0da9953d11eff4dd02221f1c.jpg','2017/1207/20171207033439644.jpg',22082,'jpg',1,0,0,1,1512632079,'',1,'8c4dc7f70a2eb19af0472ca987d3d4d8',1),(25,'content',10,'1-1406222350034U.jpg','2017/1207/20171207033545416.jpg',23737,'jpg',1,0,0,1,1512632145,'',1,'fcd6772ae2e103c990dff6881cd57661',1),(26,'content',10,'2b8f5fbbc72a709c1b94a05da2642ebf.jpg','2017/1207/20171207033636233.jpg',30516,'jpg',1,0,0,1,1512632196,'',1,'8417a1f25059bd46a9003ef1808a36b1',1),(27,'content',10,'0b5afa1b0da9953d11eff4dd02221f1c.jpg','2017/1211/20171211023942297.jpg',22082,'jpg',1,0,0,1,1512974382,'',1,'899db4681df9201cca14e7487f125b22',1),(28,'content',24,'2b8f5fbbc72a709c1b94a05da2642ebf.jpg','2017/1225/20171225023515921.jpg',30516,'jpg',1,0,0,1,1514183715,'',1,'be1871508ee689ee7279e7c37d071ab6',1),(29,'content',24,'4-1FG4103U0.jpg','2017/1225/20171225023625829.jpg',15465,'jpg',1,0,0,1,1514183785,'',1,'bd9d4b52816405d8219b7e7495511e60',1),(30,'content',25,'【荷 ~ 荷花】集锦辑_2942293116985885.jpg','2017/1225/20171225025623901.jpg',31049,'jpg',1,0,0,1,1514184983,'',1,'be2ab24ebd2e2462e96fcbf7f7f9fa16',1),(31,'content',25,'4-1FZG35920.jpg','2017/1225/20171225025735582.jpg',18041,'jpg',1,0,0,1,1514185055,'',1,'b5c171bcfe78e6f84777f4ed80d0fdfc',1),(32,'content',24,'2b8f5fbbc72a709c1b94a05da2642ebf.jpg','2017/1226/20171226082859562.jpg',30516,'jpg',1,0,0,1,1514248139,'',1,'73e9fd9072931f13aa067a9d6ab54189',1);
/*!40000 ALTER TABLE `ly_attachment` ENABLE KEYS */;

#
# Structure for table "ly_attachment_index"
#

DROP TABLE IF EXISTS `ly_attachment_index`;
CREATE TABLE `ly_attachment_index` (
  `keyid` char(30) NOT NULL,
  `aid` char(10) NOT NULL,
  KEY `keyid` (`keyid`),
  KEY `aid` (`aid`)
) ENGINE=MyISAM DEFAULT CHARSET=utf8;

#
# Data for table "ly_attachment_index"
#

/*!40000 ALTER TABLE `ly_attachment_index` DISABLE KEYS */;
INSERT INTO `ly_attachment_index` VALUES ('c-20-19','1'),('c-20-20','2'),('c-16-31','3'),('c-18-40','4'),('c-18-39','5'),('c-18-38','6'),('c-18-37','7'),('c-18-36','8'),('c-18-35','9'),('c-18-34','10'),('c-18-33','11'),('c-18-32','12'),('c-18-30','13'),('c-18-29','14'),('c-18-28','15'),('c-18-27','16'),('c-18-26','17'),('c-18-25','18'),('c-18-24','19'),('c-18-23','20'),('c-18-22','21'),('c-18-21','22'),('c-10-41','23'),('c-10-42','24'),('c-10-43','25'),('c-10-44','26'),('c-10-45','27'),('c-24-46','28'),('c-24-47','29'),('c-25-48','30'),('c-25-49','31'),('c-24-61','32');
/*!40000 ALTER TABLE `ly_attachment_index` ENABLE KEYS */;

#
# Structure for table "ly_badword"
#

DROP TABLE IF EXISTS `ly_badword`;
CREATE TABLE `ly_badword` (
  `badid` smallint(5) unsigned NOT NULL AUTO_INCREMENT,
  `badword` char(20) NOT NULL,
  `level` tinyint(5) NOT NULL DEFAULT '1',
  `replaceword` char(20) NOT NULL DEFAULT '0',
  `lastusetime` int(10) unsigned NOT NULL DEFAULT '0',
  `listorder` tinyint(3) unsigned NOT NULL DEFAULT '0',
  PRIMARY KEY (`badid`),
  UNIQUE KEY `badword` (`badword`),
  KEY `usetimes` (`replaceword`,`listorder`),
  KEY `hits` (`listorder`)
) ENGINE=MyISAM DEFAULT CHARSET=utf8;

#
# Data for table "ly_badword"
#


#
# Structure for table "ly_block"
#

DROP TABLE IF EXISTS `ly_block`;
CREATE TABLE `ly_block` (
  `id` int(10) NOT NULL AUTO_INCREMENT,
  `siteid` smallint(5) unsigned DEFAULT '0',
  `name` char(50) DEFAULT NULL,
  `pos` char(30) DEFAULT NULL,
  `type` tinyint(1) DEFAULT '0',
  `data` text,
  `template` text,
  PRIMARY KEY (`id`),
  KEY `pos` (`pos`),
  KEY `type` (`type`),
  KEY `siteid` (`siteid`)
) ENGINE=MyISAM DEFAULT CHARSET=utf8;

#
# Data for table "ly_block"
#


#
# Structure for table "ly_block_history"
#

DROP TABLE IF EXISTS `ly_block_history`;
CREATE TABLE `ly_block_history` (
  `id` int(10) NOT NULL AUTO_INCREMENT,
  `blockid` int(10) unsigned DEFAULT '0',
  `data` text,
  `creat_at` int(10) unsigned DEFAULT '0',
  `userid` mediumint(8) unsigned DEFAULT '0',
  `username` char(20) DEFAULT NULL,
  PRIMARY KEY (`id`)
) ENGINE=MyISAM DEFAULT CHARSET=utf8;

#
# Data for table "ly_block_history"
#


#
# Structure for table "ly_block_priv"
#

DROP TABLE IF EXISTS `ly_block_priv`;
CREATE TABLE `ly_block_priv` (
  `id` int(10) unsigned NOT NULL AUTO_INCREMENT,
  `roleid` tinyint(3) unsigned DEFAULT '0',
  `siteid` smallint(5) unsigned DEFAULT '0',
  `blockid` int(10) unsigned DEFAULT '0',
  PRIMARY KEY (`id`),
  KEY `blockid` (`blockid`),
  KEY `roleid` (`roleid`,`siteid`)
) ENGINE=MyISAM DEFAULT CHARSET=utf8;

#
# Data for table "ly_block_priv"
#


#
# Structure for table "ly_cache"
#

DROP TABLE IF EXISTS `ly_cache`;
CREATE TABLE `ly_cache` (
  `filename` char(50) NOT NULL,
  `path` char(50) NOT NULL,
  `data` mediumtext NOT NULL,
  PRIMARY KEY (`filename`,`path`)
) ENGINE=MyISAM DEFAULT CHARSET=utf8;

#
# Data for table "ly_cache"
#

/*!40000 ALTER TABLE `ly_cache` DISABLE KEYS */;
INSERT INTO `ly_cache` VALUES ('badword.cache.php','caches_commons/caches_data/','<?php\nreturn array (\n);\n?>'),('category_content.cache.php','caches_commons/caches_data/','<?php\nreturn array (\n  24 => \'1\',\n  25 => \'1\',\n  26 => \'1\',\n  27 => \'1\',\n  28 => \'1\',\n  29 => \'1\',\n  30 => \'1\',\n  31 => \'1\',\n  10 => \'1\',\n  14 => \'1\',\n  15 => \'1\',\n  16 => \'1\',\n  17 => \'1\',\n  18 => \'1\',\n  20 => \'1\',\n  21 => \'1\',\n  22 => \'1\',\n);\n?>'),('category_content_1.cache.php','caches_commons/caches_data/','<?php\nreturn array (\n  24 => \n  array (\n    \'catid\' => \'24\',\n    \'siteid\' => \'1\',\n    \'type\' => \'0\',\n    \'modelid\' => \'1\',\n    \'parentid\' => \'0\',\n    \'arrparentid\' => \'\',\n    \'child\' => \'0\',\n    \'arrchildid\' => \'\',\n    \'catname\' => \'拓展训练\',\n    \'style\' => \'\',\n    \'image\' => \'\',\n    \'description\' => \'\',\n    \'parentdir\' => \'\',\n    \'catdir\' => \'tzxl\',\n    \'url\' => \'http://localhost/lycms/install_package\',\n    \'items\' => \'8\',\n    \'hits\' => \'0\',\n    \'setting\' => \'{\"workflowid\":\"\",\"ishtml\":\"0\",\"content_ishtml\":\"0\",\"create_to_html_root\":\"0\",\"template_list\":\"ly\",\"category_template\":\"category\",\"list_template\":\"list_chengshi\",\"show_template\":\"show_content\",\"meta_title\":\"\",\"meta_keywords\":\"\",\"meta_description\":\"\",\"presentpoint\":\"1\",\"defaultchargepoint\":\"0\",\"paytype\":\"0\",\"repeatchargedays\":\"1\",\"category_ruleid\":\"6\",\"show_ruleid\":\"16\"}\',\n    \'listorder\' => \'0\',\n    \'ismenu\' => \'1\',\n    \'sethtml\' => \'0\',\n    \'letter\' => \'\',\n    \'usable_type\' => \'\',\n    \'create_to_html_root\' => \'0\',\n    \'ishtml\' => \'0\',\n    \'content_ishtml\' => \'0\',\n    \'category_ruleid\' => \'6\',\n    \'show_ruleid\' => \'16\',\n    \'workflowid\' => \'\',\n    \'isdomain\' => \'0\',\n  ),\n  26 => \n  array (\n    \'catid\' => \'26\',\n    \'siteid\' => \'1\',\n    \'type\' => \'0\',\n    \'modelid\' => \'1\',\n    \'parentid\' => \'0\',\n    \'arrparentid\' => \'\',\n    \'child\' => \'0\',\n    \'arrchildid\' => \'\',\n    \'catname\' => \'就业喜报\',\n    \'style\' => \'\',\n    \'image\' => \'\',\n    \'description\' => \'\',\n    \'parentdir\' => \'\',\n    \'catdir\' => \'jyxb\',\n    \'url\' => \'http://localhost/lycms/install_package\',\n    \'items\' => \'2\',\n    \'hits\' => \'0\',\n    \'setting\' => \'{\"workflowid\":\"\",\"ishtml\":\"0\",\"content_ishtml\":\"0\",\"create_to_html_root\":\"0\",\"template_list\":\"ly\",\"category_template\":\"category\",\"list_template\":\"list_chengshi\",\"show_template\":\"show_content\",\"meta_title\":\"\",\"meta_keywords\":\"\",\"meta_description\":\"\",\"presentpoint\":\"1\",\"defaultchargepoint\":\"0\",\"paytype\":\"0\",\"repeatchargedays\":\"1\",\"category_ruleid\":\"6\",\"show_ruleid\":\"16\"}\',\n    \'listorder\' => \'0\',\n    \'ismenu\' => \'1\',\n    \'sethtml\' => \'0\',\n    \'letter\' => \'\',\n    \'usable_type\' => \'\',\n    \'create_to_html_root\' => \'0\',\n    \'ishtml\' => \'0\',\n    \'content_ishtml\' => \'0\',\n    \'category_ruleid\' => \'6\',\n    \'show_ruleid\' => \'16\',\n    \'workflowid\' => \'\',\n    \'isdomain\' => \'0\',\n  ),\n  27 => \n  array (\n    \'catid\' => \'27\',\n    \'siteid\' => \'1\',\n    \'type\' => \'0\',\n    \'modelid\' => \'1\',\n    \'parentid\' => \'0\',\n    \'arrparentid\' => \'\',\n    \'child\' => \'0\',\n    \'arrchildid\' => \'\',\n    \'catname\' => \'荣誉榜\',\n    \'style\' => \'\',\n    \'image\' => \'\',\n    \'description\' => \'\',\n    \'parentdir\' => \'\',\n    \'catdir\' => \'ryb\',\n    \'url\' => \'http://localhost/lycms/install_package\',\n    \'items\' => \'2\',\n    \'hits\' => \'0\',\n    \'setting\' => \'{\"workflowid\":\"\",\"ishtml\":\"0\",\"content_ishtml\":\"0\",\"create_to_html_root\":\"0\",\"template_list\":\"ly\",\"category_template\":\"category\",\"list_template\":\"list_chengshi\",\"show_template\":\"show_content\",\"meta_title\":\"\",\"meta_keywords\":\"\",\"meta_description\":\"\",\"presentpoint\":\"1\",\"defaultchargepoint\":\"0\",\"paytype\":\"0\",\"repeatchargedays\":\"1\",\"category_ruleid\":\"6\",\"show_ruleid\":\"16\"}\',\n    \'listorder\' => \'0\',\n    \'ismenu\' => \'1\',\n    \'sethtml\' => \'0\',\n    \'letter\' => \'\',\n    \'usable_type\' => \'\',\n    \'create_to_html_root\' => \'0\',\n    \'ishtml\' => \'0\',\n    \'content_ishtml\' => \'0\',\n    \'category_ruleid\' => \'6\',\n    \'show_ruleid\' => \'16\',\n    \'workflowid\' => \'\',\n    \'isdomain\' => \'0\',\n  ),\n  28 => \n  array (\n    \'catid\' => \'28\',\n    \'siteid\' => \'1\',\n    \'type\' => \'0\',\n    \'modelid\' => \'1\',\n    \'parentid\' => \'0\',\n    \'arrparentid\' => \'\',\n    \'child\' => \'0\',\n    \'arrchildid\' => \'\',\n    \'catname\' => \'大智课程\',\n    \'style\' => \'\',\n    \'image\' => \'\',\n    \'description\' => \'\',\n    \'parentdir\' => \'\',\n    \'catdir\' => \'dzkc\',\n    \'url\' => \'http://localhost/lycms/install_package\',\n    \'items\' => \'1\',\n    \'hits\' => \'0\',\n    \'setting\' => \'{\"workflowid\":\"\",\"ishtml\":\"0\",\"content_ishtml\":\"0\",\"create_to_html_root\":\"0\",\"template_list\":\"ly\",\"category_template\":\"category\",\"list_template\":\"list_dianying\",\"show_template\":\"show_content\",\"meta_title\":\"\",\"meta_keywords\":\"\",\"meta_description\":\"\",\"presentpoint\":\"1\",\"defaultchargepoint\":\"0\",\"paytype\":\"0\",\"repeatchargedays\":\"1\",\"category_ruleid\":\"6\",\"show_ruleid\":\"16\"}\',\n    \'listorder\' => \'0\',\n    \'ismenu\' => \'1\',\n    \'sethtml\' => \'0\',\n    \'letter\' => \'\',\n    \'usable_type\' => \'\',\n    \'create_to_html_root\' => \'0\',\n    \'ishtml\' => \'0\',\n    \'content_ishtml\' => \'0\',\n    \'category_ruleid\' => \'6\',\n    \'show_ruleid\' => \'16\',\n    \'workflowid\' => \'\',\n    \'isdomain\' => \'0\',\n  ),\n  25 => \n  array (\n    \'catid\' => \'25\',\n    \'siteid\' => \'1\',\n    \'type\' => \'0\',\n    \'modelid\' => \'1\',\n    \'parentid\' => \'0\',\n    \'arrparentid\' => \'\',\n    \'child\' => \'0\',\n    \'arrchildid\' => \'\',\n    \'catname\' => \'精彩活动\',\n    \'style\' => \'\',\n    \'image\' => \'\',\n    \'description\' => \'\',\n    \'parentdir\' => \'\',\n    \'catdir\' => \'jchd\',\n    \'url\' => \'http://localhost/lycms/install_package\',\n    \'items\' => \'2\',\n    \'hits\' => \'0\',\n    \'setting\' => \'{\"workflowid\":\"\",\"ishtml\":\"0\",\"content_ishtml\":\"0\",\"create_to_html_root\":\"0\",\"template_list\":\"ly\",\"category_template\":\"category\",\"list_template\":\"list_chengshi\",\"show_template\":\"show_content\",\"meta_title\":\"\",\"meta_keywords\":\"\",\"meta_description\":\"\",\"presentpoint\":\"1\",\"defaultchargepoint\":\"0\",\"paytype\":\"0\",\"repeatchargedays\":\"1\",\"category_ruleid\":\"6\",\"show_ruleid\":\"16\"}\',\n    \'listorder\' => \'0\',\n    \'ismenu\' => \'1\',\n    \'sethtml\' => \'0\',\n    \'letter\' => \'\',\n    \'usable_type\' => \'\',\n    \'create_to_html_root\' => \'0\',\n    \'ishtml\' => \'0\',\n    \'content_ishtml\' => \'0\',\n    \'category_ruleid\' => \'6\',\n    \'show_ruleid\' => \'16\',\n    \'workflowid\' => \'\',\n    \'isdomain\' => \'0\',\n  ),\n  29 => \n  array (\n    \'catid\' => \'29\',\n    \'siteid\' => \'1\',\n    \'type\' => \'0\',\n    \'modelid\' => \'1\',\n    \'parentid\' => \'0\',\n    \'arrparentid\' => \'\',\n    \'child\' => \'0\',\n    \'arrchildid\' => \'\',\n    \'catname\' => \'学习资料\',\n    \'style\' => \'\',\n    \'image\' => \'\',\n    \'description\' => \'\',\n    \'parentdir\' => \'\',\n    \'catdir\' => \'xxzl\',\n    \'url\' => \'http://localhost/lycms/install_package\',\n    \'items\' => \'2\',\n    \'hits\' => \'0\',\n    \'setting\' => \'{\"workflowid\":\"\",\"ishtml\":\"0\",\"content_ishtml\":\"0\",\"create_to_html_root\":\"0\",\"template_list\":\"ly\",\"category_template\":\"category\",\"list_template\":\"list_koubei\",\"show_template\":\"\",\"meta_title\":\"\",\"meta_keywords\":\"\",\"meta_description\":\"\",\"presentpoint\":\"1\",\"defaultchargepoint\":\"0\",\"paytype\":\"0\",\"repeatchargedays\":\"1\",\"category_ruleid\":\"6\",\"show_ruleid\":\"16\"}\',\n    \'listorder\' => \'0\',\n    \'ismenu\' => \'1\',\n    \'sethtml\' => \'0\',\n    \'letter\' => \'\',\n    \'usable_type\' => \'\',\n    \'create_to_html_root\' => \'0\',\n    \'ishtml\' => \'0\',\n    \'content_ishtml\' => \'0\',\n    \'category_ruleid\' => \'6\',\n    \'show_ruleid\' => \'16\',\n    \'workflowid\' => \'\',\n    \'isdomain\' => \'0\',\n  ),\n  30 => \n  array (\n    \'catid\' => \'30\',\n    \'siteid\' => \'1\',\n    \'type\' => \'0\',\n    \'modelid\' => \'1\',\n    \'parentid\' => \'0\',\n    \'arrparentid\' => \'\',\n    \'child\' => \'0\',\n    \'arrchildid\' => \'\',\n    \'catname\' => \'校园新闻\',\n    \'style\' => \'\',\n    \'image\' => \'\',\n    \'description\' => \'\',\n    \'parentdir\' => \'\',\n    \'catdir\' => \'xiaoyuan\',\n    \'url\' => \'http://localhost/lycms/install_package\',\n    \'items\' => \'2\',\n    \'hits\' => \'0\',\n    \'setting\' => \'{\"workflowid\":\"\",\"ishtml\":\"0\",\"content_ishtml\":\"0\",\"create_to_html_root\":\"0\",\"template_list\":\"ly\",\"category_template\":\"category\",\"list_template\":\"list_dianying\",\"show_template\":\"show_content\",\"meta_title\":\"\",\"meta_keywords\":\"\",\"meta_description\":\"\",\"presentpoint\":\"1\",\"defaultchargepoint\":\"0\",\"paytype\":\"0\",\"repeatchargedays\":\"1\",\"category_ruleid\":\"6\",\"show_ruleid\":\"16\"}\',\n    \'listorder\' => \'0\',\n    \'ismenu\' => \'1\',\n    \'sethtml\' => \'0\',\n    \'letter\' => \'\',\n    \'usable_type\' => \'\',\n    \'create_to_html_root\' => \'0\',\n    \'ishtml\' => \'0\',\n    \'content_ishtml\' => \'0\',\n    \'category_ruleid\' => \'6\',\n    \'show_ruleid\' => \'16\',\n    \'workflowid\' => \'\',\n    \'isdomain\' => \'0\',\n  ),\n  31 => \n  array (\n    \'catid\' => \'31\',\n    \'siteid\' => \'1\',\n    \'type\' => \'0\',\n    \'modelid\' => \'1\',\n    \'parentid\' => \'0\',\n    \'arrparentid\' => \'\',\n    \'child\' => \'0\',\n    \'arrchildid\' => \'\',\n    \'catname\' => \'行业动态\',\n    \'style\' => \'\',\n    \'image\' => \'\',\n    \'description\' => \'\',\n    \'parentdir\' => \'\',\n    \'catdir\' => \'hangye\',\n    \'url\' => \'http://localhost/lycms/install_package\',\n    \'items\' => \'2\',\n    \'hits\' => \'0\',\n    \'setting\' => \'{\"workflowid\":\"\",\"ishtml\":\"0\",\"content_ishtml\":\"0\",\"create_to_html_root\":\"0\",\"template_list\":\"ly\",\"category_template\":\"category\",\"list_template\":\"list_chengshi\",\"show_template\":\"show_content\",\"meta_title\":\"\",\"meta_keywords\":\"\",\"meta_description\":\"\",\"presentpoint\":\"1\",\"defaultchargepoint\":\"0\",\"paytype\":\"0\",\"repeatchargedays\":\"1\",\"category_ruleid\":\"6\",\"show_ruleid\":\"16\"}\',\n    \'listorder\' => \'0\',\n    \'ismenu\' => \'1\',\n    \'sethtml\' => \'0\',\n    \'letter\' => \'\',\n    \'usable_type\' => \'\',\n    \'create_to_html_root\' => \'0\',\n    \'ishtml\' => \'0\',\n    \'content_ishtml\' => \'0\',\n    \'category_ruleid\' => \'6\',\n    \'show_ruleid\' => \'16\',\n    \'workflowid\' => \'\',\n    \'isdomain\' => \'0\',\n  ),\n  10 => \n  array (\n    \'catid\' => \'10\',\n    \'siteid\' => \'1\',\n    \'type\' => \'0\',\n    \'modelid\' => \'1\',\n    \'parentid\' => \'0\',\n    \'arrparentid\' => \'0\',\n    \'child\' => \'0\',\n    \'arrchildid\' => \'10\',\n    \'catname\' => \'临沂\',\n    \'style\' => \'\',\n    \'image\' => \'\',\n    \'description\' => \'\',\n    \'parentdir\' => \'\',\n    \'catdir\' => \'linyi\',\n    \'url\' => \'http://localhost/yii2/web/index.php?r=rnews/linyi\',\n    \'items\' => \'14\',\n    \'hits\' => \'0\',\n    \'setting\' => \'{\"workflowid\":\"\",\"ishtml\":\"0\",\"content_ishtml\":\"0\",\"create_to_html_root\":\"0\",\"template_list\":\"ly\",\"category_template\":\"category\",\"list_template\":\"list_linyi\",\"show_template\":\"show_content\",\"meta_title\":\"\",\"meta_keywords\":\"\",\"meta_description\":\"\",\"presentpoint\":\"1\",\"defaultchargepoint\":\"0\",\"paytype\":\"0\",\"repeatchargedays\":\"1\",\"category_ruleid\":\"6\",\"show_ruleid\":\"16\"}\',\n    \'listorder\' => \'10\',\n    \'ismenu\' => \'1\',\n    \'sethtml\' => \'0\',\n    \'letter\' => \'\',\n    \'usable_type\' => \'\',\n    \'create_to_html_root\' => \'0\',\n    \'ishtml\' => \'0\',\n    \'content_ishtml\' => \'0\',\n    \'category_ruleid\' => \'6\',\n    \'show_ruleid\' => \'16\',\n    \'workflowid\' => \'\',\n    \'isdomain\' => \'0\',\n  ),\n  14 => \n  array (\n    \'catid\' => \'14\',\n    \'siteid\' => \'1\',\n    \'type\' => \'0\',\n    \'modelid\' => \'1\',\n    \'parentid\' => \'0\',\n    \'arrparentid\' => \'0\',\n    \'child\' => \'0\',\n    \'arrchildid\' => \'14\',\n    \'catname\' => \'娱乐\',\n    \'style\' => \'\',\n    \'image\' => \'\',\n    \'description\' => \'\',\n    \'parentdir\' => \'\',\n    \'catdir\' => \'yule\',\n    \'url\' => \'http://localhost/yii2/web/index.php?r=rnews/yule\',\n    \'items\' => \'0\',\n    \'hits\' => \'0\',\n    \'setting\' => \'{\"workflowid\":\"\",\"ishtml\":\"0\",\"content_ishtml\":\"0\",\"create_to_html_root\":\"0\",\"template_list\":\"ly\",\"category_template\":\"category\",\"list_template\":\"list_yule\",\"show_template\":\"show_content\",\"meta_title\":\"\",\"meta_keywords\":\"\",\"meta_description\":\"\",\"presentpoint\":\"1\",\"defaultchargepoint\":\"0\",\"paytype\":\"0\",\"repeatchargedays\":\"1\",\"category_ruleid\":\"6\",\"show_ruleid\":\"16\"}\',\n    \'listorder\' => \'14\',\n    \'ismenu\' => \'1\',\n    \'sethtml\' => \'0\',\n    \'letter\' => \'\',\n    \'usable_type\' => \'\',\n    \'create_to_html_root\' => \'0\',\n    \'ishtml\' => \'0\',\n    \'content_ishtml\' => \'0\',\n    \'category_ruleid\' => \'6\',\n    \'show_ruleid\' => \'16\',\n    \'workflowid\' => \'\',\n    \'isdomain\' => \'0\',\n  ),\n  15 => \n  array (\n    \'catid\' => \'15\',\n    \'siteid\' => \'1\',\n    \'type\' => \'0\',\n    \'modelid\' => \'1\',\n    \'parentid\' => \'14\',\n    \'arrparentid\' => \'0\',\n    \'child\' => \'0\',\n    \'arrchildid\' => \'15\',\n    \'catname\' => \'明星\',\n    \'style\' => \'\',\n    \'image\' => \'\',\n    \'description\' => \'\',\n    \'parentdir\' => \'\',\n    \'catdir\' => \'mingxing\',\n    \'url\' => \'http://localhost/yii2/web/index.php?r=rnews/mingxing\',\n    \'items\' => \'2\',\n    \'hits\' => \'0\',\n    \'setting\' => \'{\"workflowid\":\"\",\"ishtml\":\"0\",\"content_ishtml\":\"0\",\"create_to_html_root\":\"0\",\"template_list\":\"ly\",\"category_template\":\"category\",\"list_template\":\"list_mingxing\",\"show_template\":\"show_content\",\"meta_title\":\"\",\"meta_keywords\":\"\",\"meta_description\":\"\",\"presentpoint\":\"1\",\"defaultchargepoint\":\"0\",\"paytype\":\"0\",\"repeatchargedays\":\"1\",\"category_ruleid\":\"6\",\"show_ruleid\":\"16\"}\',\n    \'listorder\' => \'15\',\n    \'ismenu\' => \'1\',\n    \'sethtml\' => \'0\',\n    \'letter\' => \'\',\n    \'usable_type\' => \'\',\n    \'create_to_html_root\' => \'0\',\n    \'ishtml\' => \'0\',\n    \'content_ishtml\' => \'0\',\n    \'category_ruleid\' => \'6\',\n    \'show_ruleid\' => \'16\',\n    \'workflowid\' => \'\',\n    \'isdomain\' => \'0\',\n  ),\n  16 => \n  array (\n    \'catid\' => \'16\',\n    \'siteid\' => \'1\',\n    \'type\' => \'0\',\n    \'modelid\' => \'1\',\n    \'parentid\' => \'14\',\n    \'arrparentid\' => \'0\',\n    \'child\' => \'0\',\n    \'arrchildid\' => \'16\',\n    \'catname\' => \'电视剧\',\n    \'style\' => \'\',\n    \'image\' => \'\',\n    \'description\' => \'\',\n    \'parentdir\' => \'\',\n    \'catdir\' => \'dianshiju\',\n    \'url\' => \'http://localhost/yii2/web/index.php?r=rnews/dianshiju\',\n    \'items\' => \'2\',\n    \'hits\' => \'0\',\n    \'setting\' => \'{\"workflowid\":\"\",\"ishtml\":\"0\",\"content_ishtml\":\"0\",\"create_to_html_root\":\"0\",\"template_list\":\"ly\",\"category_template\":\"category\",\"list_template\":\"list_tv\",\"show_template\":\"show_content\",\"meta_title\":\"\",\"meta_keywords\":\"\",\"meta_description\":\"\",\"presentpoint\":\"1\",\"defaultchargepoint\":\"0\",\"paytype\":\"0\",\"repeatchargedays\":\"1\",\"category_ruleid\":\"6\",\"show_ruleid\":\"16\"}\',\n    \'listorder\' => \'16\',\n    \'ismenu\' => \'1\',\n    \'sethtml\' => \'0\',\n    \'letter\' => \'\',\n    \'usable_type\' => \'\',\n    \'create_to_html_root\' => \'0\',\n    \'ishtml\' => \'0\',\n    \'content_ishtml\' => \'0\',\n    \'category_ruleid\' => \'6\',\n    \'show_ruleid\' => \'16\',\n    \'workflowid\' => \'\',\n    \'isdomain\' => \'0\',\n  ),\n  17 => \n  array (\n    \'catid\' => \'17\',\n    \'siteid\' => \'1\',\n    \'type\' => \'0\',\n    \'modelid\' => \'1\',\n    \'parentid\' => \'14\',\n    \'arrparentid\' => \'0\',\n    \'child\' => \'0\',\n    \'arrchildid\' => \'17\',\n    \'catname\' => \'综艺\',\n    \'style\' => \'\',\n    \'image\' => \'\',\n    \'description\' => \'\',\n    \'parentdir\' => \'\',\n    \'catdir\' => \'zongyi\',\n    \'url\' => \'http://localhost/yii2/web/index.php?r=rnews/zongyi\',\n    \'items\' => \'1\',\n    \'hits\' => \'0\',\n    \'setting\' => \'{\"workflowid\":\"\",\"ishtml\":\"0\",\"content_ishtml\":\"0\",\"create_to_html_root\":\"0\",\"template_list\":\"ly\",\"category_template\":\"category\",\"list_template\":\"list_zongyi\",\"show_template\":\"show_content\",\"meta_title\":\"\",\"meta_keywords\":\"\",\"meta_description\":\"\",\"presentpoint\":\"1\",\"defaultchargepoint\":\"0\",\"paytype\":\"0\",\"repeatchargedays\":\"1\",\"category_ruleid\":\"6\",\"show_ruleid\":\"16\"}\',\n    \'listorder\' => \'17\',\n    \'ismenu\' => \'1\',\n    \'sethtml\' => \'0\',\n    \'letter\' => \'\',\n    \'usable_type\' => \'\',\n    \'create_to_html_root\' => \'0\',\n    \'ishtml\' => \'0\',\n    \'content_ishtml\' => \'0\',\n    \'category_ruleid\' => \'6\',\n    \'show_ruleid\' => \'16\',\n    \'workflowid\' => \'\',\n    \'isdomain\' => \'0\',\n  ),\n  18 => \n  array (\n    \'catid\' => \'18\',\n    \'siteid\' => \'1\',\n    \'type\' => \'0\',\n    \'modelid\' => \'1\',\n    \'parentid\' => \'14\',\n    \'arrparentid\' => \'0\',\n    \'child\' => \'0\',\n    \'arrchildid\' => \'18\',\n    \'catname\' => \'电影\',\n    \'style\' => \'\',\n    \'image\' => \'\',\n    \'description\' => \'\',\n    \'parentdir\' => \'\',\n    \'catdir\' => \'dianying\',\n    \'url\' => \'http://localhost/yii2/web/index.php?r=rnews/dianying\',\n    \'items\' => \'1\',\n    \'hits\' => \'0\',\n    \'setting\' => \'{\"workflowid\":\"\",\"ishtml\":\"0\",\"content_ishtml\":\"0\",\"create_to_html_root\":\"0\",\"template_list\":\"ly\",\"category_template\":\"category\",\"list_template\":\"list_dianying\",\"show_template\":\"show_content\",\"meta_title\":\"\",\"meta_keywords\":\"\",\"meta_description\":\"\",\"presentpoint\":\"1\",\"defaultchargepoint\":\"0\",\"paytype\":\"0\",\"repeatchargedays\":\"1\",\"category_ruleid\":\"6\",\"show_ruleid\":\"16\"}\',\n    \'listorder\' => \'18\',\n    \'ismenu\' => \'1\',\n    \'sethtml\' => \'0\',\n    \'letter\' => \'\',\n    \'usable_type\' => \'\',\n    \'create_to_html_root\' => \'0\',\n    \'ishtml\' => \'0\',\n    \'content_ishtml\' => \'0\',\n    \'category_ruleid\' => \'6\',\n    \'show_ruleid\' => \'16\',\n    \'workflowid\' => \'\',\n    \'isdomain\' => \'0\',\n  ),\n  20 => \n  array (\n    \'catid\' => \'20\',\n    \'siteid\' => \'1\',\n    \'type\' => \'0\',\n    \'modelid\' => \'1\',\n    \'parentid\' => \'10\',\n    \'arrparentid\' => \'0\',\n    \'child\' => \'0\',\n    \'arrchildid\' => \'20\',\n    \'catname\' => \'城事\',\n    \'style\' => \'\',\n    \'image\' => \'\',\n    \'description\' => \'\',\n    \'parentdir\' => \'\',\n    \'catdir\' => \'chengshi\',\n    \'url\' => \'http://localhost/yii2/web/index.php?r=rnews/chengxu\',\n    \'items\' => \'4\',\n    \'hits\' => \'0\',\n    \'setting\' => \'{\"workflowid\":\"\",\"ishtml\":\"0\",\"content_ishtml\":\"0\",\"create_to_html_root\":\"0\",\"template_list\":\"ly\",\"category_template\":\"category\",\"list_template\":\"list_chengshi\",\"show_template\":\"show_content\",\"meta_title\":\"\",\"meta_keywords\":\"\",\"meta_description\":\"\",\"presentpoint\":\"1\",\"defaultchargepoint\":\"0\",\"paytype\":\"0\",\"repeatchargedays\":\"1\",\"category_ruleid\":\"6\",\"show_ruleid\":\"16\"}\',\n    \'listorder\' => \'20\',\n    \'ismenu\' => \'1\',\n    \'sethtml\' => \'0\',\n    \'letter\' => \'\',\n    \'usable_type\' => \'\',\n    \'create_to_html_root\' => \'0\',\n    \'ishtml\' => \'0\',\n    \'content_ishtml\' => \'0\',\n    \'category_ruleid\' => \'6\',\n    \'show_ruleid\' => \'16\',\n    \'workflowid\' => \'\',\n    \'isdomain\' => \'0\',\n  ),\n  21 => \n  array (\n    \'catid\' => \'21\',\n    \'siteid\' => \'1\',\n    \'type\' => \'0\',\n    \'modelid\' => \'1\',\n    \'parentid\' => \'10\',\n    \'arrparentid\' => \'0\',\n    \'child\' => \'0\',\n    \'arrchildid\' => \'21\',\n    \'catname\' => \'口碑\',\n    \'style\' => \'\',\n    \'image\' => \'\',\n    \'description\' => \'\',\n    \'parentdir\' => \'\',\n    \'catdir\' => \'koubei\',\n    \'url\' => \'http://localhost/yii2/web/index.php?r=rnews/koubei\',\n    \'items\' => \'3\',\n    \'hits\' => \'0\',\n    \'setting\' => \'{\"workflowid\":\"\",\"ishtml\":\"0\",\"content_ishtml\":\"0\",\"create_to_html_root\":\"0\",\"template_list\":\"ly\",\"category_template\":\"category\",\"list_template\":\"list_koubei\",\"show_template\":\"show_content\",\"meta_title\":\"\",\"meta_keywords\":\"\",\"meta_description\":\"\",\"presentpoint\":\"1\",\"defaultchargepoint\":\"0\",\"paytype\":\"0\",\"repeatchargedays\":\"1\",\"category_ruleid\":\"6\",\"show_ruleid\":\"16\"}\',\n    \'listorder\' => \'21\',\n    \'ismenu\' => \'1\',\n    \'sethtml\' => \'0\',\n    \'letter\' => \'\',\n    \'usable_type\' => \'\',\n    \'create_to_html_root\' => \'0\',\n    \'ishtml\' => \'0\',\n    \'content_ishtml\' => \'0\',\n    \'category_ruleid\' => \'6\',\n    \'show_ruleid\' => \'16\',\n    \'workflowid\' => \'\',\n    \'isdomain\' => \'0\',\n  ),\n  22 => \n  array (\n    \'catid\' => \'22\',\n    \'siteid\' => \'1\',\n    \'type\' => \'0\',\n    \'modelid\' => \'1\',\n    \'parentid\' => \'10\',\n    \'arrparentid\' => \'0\',\n    \'child\' => \'0\',\n    \'arrchildid\' => \'22\',\n    \'catname\' => \'品味\',\n    \'style\' => \'\',\n    \'image\' => \'\',\n    \'description\' => \'\',\n    \'parentdir\' => \'\',\n    \'catdir\' => \'pinwei\',\n    \'url\' => \'http://localhost/yii2/web/index.php?r=rnews/pinwei\',\n    \'items\' => \'9\',\n    \'hits\' => \'0\',\n    \'setting\' => \'{\"workflowid\":\"\",\"ishtml\":\"0\",\"content_ishtml\":\"0\",\"create_to_html_root\":\"0\",\"template_list\":\"ly\",\"category_template\":\"category\",\"list_template\":\"list_pinwei\",\"show_template\":\"show_content\",\"meta_title\":\"\",\"meta_keywords\":\"\",\"meta_description\":\"\",\"presentpoint\":\"1\",\"defaultchargepoint\":\"0\",\"paytype\":\"0\",\"repeatchargedays\":\"1\",\"category_ruleid\":\"6\",\"show_ruleid\":\"16\"}\',\n    \'listorder\' => \'22\',\n    \'ismenu\' => \'1\',\n    \'sethtml\' => \'0\',\n    \'letter\' => \'\',\n    \'usable_type\' => \'\',\n    \'create_to_html_root\' => \'0\',\n    \'ishtml\' => \'0\',\n    \'content_ishtml\' => \'0\',\n    \'category_ruleid\' => \'6\',\n    \'show_ruleid\' => \'16\',\n    \'workflowid\' => \'\',\n    \'isdomain\' => \'0\',\n  ),\n);\n?>'),('category_items_1.cache.php','caches_commons/caches_data/','<?php\nreturn array (\n  10 => \'14\',\n  20 => \'4\',\n  24 => \'8\',\n  26 => \'2\',\n  27 => \'2\',\n  14 => \'0\',\n  28 => \'1\',\n  21 => \'3\',\n  15 => \'2\',\n  16 => \'2\',\n  17 => \'1\',\n  18 => \'1\',\n  22 => \'9\',\n  25 => \'2\',\n  29 => \'2\',\n  30 => \'2\',\n  31 => \'2\',\n);\n?>'),('category_items_11.cache.php','caches_commons/caches_data/','<?php\nreturn array (\n);\n?>'),('category_items_2.cache.php','caches_commons/caches_data/','<?php\nreturn array (\n);\n?>'),('category_items_3.cache.php','caches_commons/caches_data/','<?php\nreturn array (\n);\n?>'),('common.cache.php','caches_commons/caches_data/','<?php\nreturn array (\n  \'admin_email\' => \'phpcms@phpcms.cn\',\n  \'adminaccessip\' => \'0\',\n  \'maxloginfailedtimes\' => \'8\',\n  \'maxiplockedtime\' => \'15\',\n  \'minrefreshtime\' => \'2\',\n  \'mail_type\' => \'1\',\n  \'mail_server\' => \'smtp.qq.com\',\n  \'mail_port\' => \'25\',\n  \'mail_user\' => \'phpcms.cn@foxmail.com\',\n  \'mail_auth\' => \'1\',\n  \'mail_from\' => \'phpcms.cn@foxmail.com\',\n  \'mail_password\' => \'\',\n  \'errorlog_size\' => \'20\',\n);\n?>'),('downservers.cache.php','caches_commons/caches_data/','<?php\nreturn NULL;\n?>'),('ipbanned.cache.php','caches_commons/caches_data/','<?php\nreturn array (\n);\n?>'),('keylink.cache.php','caches_commons/caches_data/','<?php\nreturn array (\n);\n?>'),('link.cache.php','caches_commons/caches_data/','<?php\nreturn array (\n  1 => \n  array (\n    \'is_post\' => \'1\',\n    \'enablecheckcode\' => \'0\',\n  ),\n);\n?>'),('member_model.cache.php','caches_commons/caches_data/','<?php\nreturn array (\n  10 => \n  array (\n    \'modelid\' => \'10\',\n    \'siteid\' => \'1\',\n    \'name\' => \'普通会员\',\n    \'description\' => \'普通会员\',\n    \'tablename\' => \'member_detail\',\n    \'setting\' => \'\',\n    \'addtime\' => \'0\',\n    \'items\' => \'0\',\n    \'enablesearch\' => \'1\',\n    \'disabled\' => \'0\',\n    \'default_style\' => \'\',\n    \'category_template\' => \'\',\n    \'list_template\' => \'\',\n    \'show_template\' => \'\',\n    \'js_template\' => \'\',\n    \'admin_list_template\' => \'\',\n    \'member_add_template\' => \'\',\n    \'member_list_template\' => \'\',\n    \'sort\' => \'0\',\n    \'type\' => \'2\',\n  ),\n);\n?>'),('model.cache.php','caches_commons/caches_data/','<?php\nreturn array (\n  1 => \n  array (\n    \'modelid\' => \'1\',\n    \'siteid\' => \'1\',\n    \'name\' => \'文章模型\',\n    \'description\' => \'\',\n    \'tablename\' => \'news\',\n    \'setting\' => \'\',\n    \'addtime\' => \'0\',\n    \'items\' => \'0\',\n    \'enablesearch\' => \'1\',\n    \'disabled\' => \'0\',\n    \'default_style\' => \'default\',\n    \'category_template\' => \'category\',\n    \'list_template\' => \'list\',\n    \'show_template\' => \'show\',\n    \'js_template\' => \'\',\n    \'admin_list_template\' => \'\',\n    \'member_add_template\' => \'\',\n    \'member_list_template\' => \'\',\n    \'sort\' => \'0\',\n    \'type\' => \'0\',\n  ),\n  2 => \n  array (\n    \'modelid\' => \'2\',\n    \'siteid\' => \'1\',\n    \'name\' => \'下载模型\',\n    \'description\' => \'\',\n    \'tablename\' => \'download\',\n    \'setting\' => \'\',\n    \'addtime\' => \'0\',\n    \'items\' => \'0\',\n    \'enablesearch\' => \'1\',\n    \'disabled\' => \'0\',\n    \'default_style\' => \'default\',\n    \'category_template\' => \'category_download\',\n    \'list_template\' => \'list_download\',\n    \'show_template\' => \'show_download\',\n    \'js_template\' => \'\',\n    \'admin_list_template\' => \'\',\n    \'member_add_template\' => \'\',\n    \'member_list_template\' => \'\',\n    \'sort\' => \'0\',\n    \'type\' => \'0\',\n  ),\n  3 => \n  array (\n    \'modelid\' => \'3\',\n    \'siteid\' => \'1\',\n    \'name\' => \'图片模型\',\n    \'description\' => \'\',\n    \'tablename\' => \'picture\',\n    \'setting\' => \'\',\n    \'addtime\' => \'0\',\n    \'items\' => \'0\',\n    \'enablesearch\' => \'1\',\n    \'disabled\' => \'0\',\n    \'default_style\' => \'default\',\n    \'category_template\' => \'category_picture\',\n    \'list_template\' => \'list_picture\',\n    \'show_template\' => \'show_picture\',\n    \'js_template\' => \'\',\n    \'admin_list_template\' => \'\',\n    \'member_add_template\' => \'\',\n    \'member_list_template\' => \'\',\n    \'sort\' => \'0\',\n    \'type\' => \'0\',\n  ),\n  11 => \n  array (\n    \'modelid\' => \'11\',\n    \'siteid\' => \'1\',\n    \'name\' => \'视频模型\',\n    \'description\' => \'\',\n    \'tablename\' => \'video\',\n    \'setting\' => \'\',\n    \'addtime\' => \'0\',\n    \'items\' => \'0\',\n    \'enablesearch\' => \'1\',\n    \'disabled\' => \'0\',\n    \'default_style\' => \'default\',\n    \'category_template\' => \'category_video\',\n    \'list_template\' => \'list_video\',\n    \'show_template\' => \'show_video\',\n    \'js_template\' => \'\',\n    \'admin_list_template\' => \'\',\n    \'member_add_template\' => \'\',\n    \'member_list_template\' => \'\',\n    \'sort\' => \'0\',\n    \'type\' => \'0\',\n  ),\n);\n?>'),('modules.cache.php','caches_commons/caches_data/','<?php\nreturn array (\n  \'admin\' => \n  array (\n    \'module\' => \'admin\',\n    \'name\' => \'admin\',\n    \'url\' => \'\',\n    \'iscore\' => \'1\',\n    \'version\' => \'1.0\',\n    \'description\' => \'\',\n    \'setting\' => \'array (\n  \\\'admin_email\\\' => \\\'phpcms@phpcms.cn\\\',\n  \\\'adminaccessip\\\' => \\\'0\\\',\n  \\\'maxloginfailedtimes\\\' => \\\'8\\\',\n  \\\'maxiplockedtime\\\' => \\\'15\\\',\n  \\\'minrefreshtime\\\' => \\\'2\\\',\n  \\\'mail_type\\\' => \\\'1\\\',\n  \\\'mail_server\\\' => \\\'smtp.qq.com\\\',\n  \\\'mail_port\\\' => \\\'25\\\',\n  \\\'mail_user\\\' => \\\'phpcms.cn@foxmail.com\\\',\n  \\\'mail_auth\\\' => \\\'1\\\',\n  \\\'mail_from\\\' => \\\'phpcms.cn@foxmail.com\\\',\n  \\\'mail_password\\\' => \\\'\\\',\n  \\\'errorlog_size\\\' => \\\'20\\\',\n)\',\n    \'listorder\' => \'0\',\n    \'disabled\' => \'0\',\n    \'installdate\' => \'2010-10-18\',\n    \'updatedate\' => \'2010-10-18\',\n  ),\n  \'member\' => \n  array (\n    \'module\' => \'member\',\n    \'name\' => \'会员\',\n    \'url\' => \'\',\n    \'iscore\' => \'1\',\n    \'version\' => \'1.0\',\n    \'description\' => \'\',\n    \'setting\' => \'array (\n  \\\'allowregister\\\' => \\\'1\\\',\n  \\\'choosemodel\\\' => \\\'1\\\',\n  \\\'enablemailcheck\\\' => \\\'0\\\',\n  \\\'registerverify\\\' => \\\'0\\\',\n  \\\'showapppoint\\\' => \\\'0\\\',\n  \\\'rmb_point_rate\\\' => \\\'10\\\',\n  \\\'defualtpoint\\\' => \\\'0\\\',\n  \\\'defualtamount\\\' => \\\'0\\\',\n  \\\'showregprotocol\\\' => \\\'0\\\',\n  \\\'regprotocol\\\' => \\\'\t\t 欢迎您注册成为phpcms用户\r\n请仔细阅读下面的协议，只有接受协议才能继续进行注册。 \r\n1．服务条款的确认和接纳\r\n　　phpcms用户服务的所有权和运作权归phpcms拥有。phpcms所提供的服务将按照有关章程、服务条款和操作规则严格执行。用户通过注册程序点击“我同意” 按钮，即表示用户与phpcms达成协议并接受所有的服务条款。\r\n2． phpcms服务简介\r\n　　phpcms通过国际互联网为用户提供新闻及文章浏览、图片浏览、软件下载、网上留言和BBS论坛等服务。\r\n　　用户必须： \r\n　　1)购置设备，包括个人电脑一台、调制解调器一个及配备上网装置。 \r\n　　2)个人上网和支付与此服务有关的电话费用、网络费用。\r\n　　用户同意： \r\n　　1)提供及时、详尽及准确的个人资料。 \r\n　　2)不断更新注册资料，符合及时、详尽、准确的要求。所有原始键入的资料将引用为注册资料。 \r\n　　3)用户同意遵守《中华人民共和国保守国家秘密法》、《中华人民共和国计算机信息系统安全保护条例》、《计算机软件保护条例》等有关计算机及互联网规定的法律和法规、实施办法。在任何情况下，phpcms合理地认为用户的行为可能违反上述法律、法规，phpcms可以在任何时候，不经事先通知终止向该用户提供服务。用户应了解国际互联网的无国界性，应特别注意遵守当地所有有关的法律和法规。\r\n3． 服务条款的修改\r\n　　phpcms会不定时地修改服务条款，服务条款一旦发生变动，将会在相关页面上提示修改内容。如果您同意改动，则再一次点击“我同意”按钮。 如果您不接受，则及时取消您的用户使用服务资格。\r\n4． 服务修订\r\n　　phpcms保留随时修改或中断服务而不需知照用户的权利。phpcms行使修改或中断服务的权利，不需对用户或第三方负责。\r\n5． 用户隐私制度\r\n　　尊重用户个人隐私是phpcms的 基本政策。phpcms不会公开、编辑或透露用户的注册信息，除非有法律许可要求，或phpcms在诚信的基础上认为透露这些信息在以下三种情况是必要的： \r\n　　1)遵守有关法律规定，遵从合法服务程序。 \r\n　　2)保持维护phpcms的商标所有权。 \r\n　　3)在紧急情况下竭力维护用户个人和社会大众的隐私安全。 \r\n　　4)符合其他相关的要求。 \r\n6．用户的帐号，密码和安全性\r\n　　一旦注册成功成为phpcms用户，您将得到一个密码和帐号。如果您不保管好自己的帐号和密码安全，将对因此产生的后果负全部责任。另外，每个用户都要对其帐户中的所有活动和事件负全责。您可随时根据指示改变您的密码，也可以结束旧的帐户重开一个新帐户。用户同意若发现任何非法使用用户帐号或安全漏洞的情况，立即通知phpcms。\r\n7． 免责条款\r\n　　用户明确同意网站服务的使用由用户个人承担风险。 　　 \r\n　　phpcms不作任何类型的担保，不担保服务一定能满足用户的要求，也不担保服务不会受中断，对服务的及时性，安全性，出错发生都不作担保。用户理解并接受：任何通过phpcms服务取得的信息资料的可靠性取决于用户自己，用户自己承担所有风险和责任。 \r\n8．有限责任\r\n　　phpcms对任何直接、间接、偶然、特殊及继起的损害不负责任。\r\n9． 不提供零售和商业性服务 \r\n　　用户使用网站服务的权利是个人的。用户只能是一个单独的个体而不能是一个公司或实体商业性组织。用户承诺不经phpcms同意，不能利用网站服务进行销售或其他商业用途。\r\n10．用户责任 \r\n　　用户单独承担传输内容的责任。用户必须遵循： \r\n　　1)从中国境内向外传输技术性资料时必须符合中国有关法规。 \r\n　　2)使用网站服务不作非法用途。 \r\n　　3)不干扰或混乱网络服务。 \r\n　　4)不在论坛BBS或留言簿发表任何与政治相关的信息。 \r\n　　5)遵守所有使用网站服务的网络协议、规定、程序和惯例。\r\n　　6)不得利用本站危害国家安全、泄露国家秘密，不得侵犯国家社会集体的和公民的合法权益。\r\n　　7)不得利用本站制作、复制和传播下列信息： \r\n　　　1、煽动抗拒、破坏宪法和法律、行政法规实施的；\r\n　　　2、煽动颠覆国家政权，推翻社会主义制度的；\r\n　　　3、煽动分裂国家、破坏国家统一的；\r\n　　　4、煽动民族仇恨、民族歧视，破坏民族团结的；\r\n　　　5、捏造或者歪曲事实，散布谣言，扰乱社会秩序的；\r\n　　　6、宣扬封建迷信、淫秽、色情、赌博、暴力、凶杀、恐怖、教唆犯罪的；\r\n　　　7、公然侮辱他人或者捏造事实诽谤他人的，或者进行其他恶意攻击的；\r\n　　　8、损害国家机关信誉的；\r\n　　　9、其他违反宪法和法律行政法规的；\r\n　　　10、进行商业广告行为的。\r\n　　用户不能传输任何教唆他人构成犯罪行为的资料；不能传输长国内不利条件和涉及国家安全的资料；不能传输任何不符合当地法规、国家法律和国际法 律的资料。未经许可而非法进入其它电脑系统是禁止的。若用户的行为不符合以上的条款，phpcms将取消用户服务帐号。\r\n11．网站内容的所有权\r\n　　phpcms定义的内容包括：文字、软件、声音、相片、录象、图表；在广告中全部内容；电子邮件的全部内容；phpcms为用户提供的商业信息。所有这些内容受版权、商标、标签和其它财产所有权法律的保护。所以，用户只能在phpcms和广告商授权下才能使用这些内容，而不能擅自复制、篡改这些内容、或创造与内容有关的派生产品。\r\n12．附加信息服务\r\n　　用户在享用phpcms提供的免费服务的同时，同意接受phpcms提供的各类附加信息服务。\r\n13．解释权\r\n　　本注册协议的解释权归phpcms所有。如果其中有任何条款与国家的有关法律相抵触，则以国家法律的明文规定为准。 \\\',\n  \\\'registerverifymessage\\\' => \\\' 欢迎您注册成为phpcms用户，您的账号需要邮箱认证，点击下面链接进行认证：{click}\r\n或者将网址复制到浏览器：{url}\\\',\n  \\\'forgetpassword\\\' => \\\' phpcms密码找回，请在一小时内点击下面链接进行操作：{click}\r\n或者将网址复制到浏览器：{url}\\\',\n)\',\n    \'listorder\' => \'0\',\n    \'disabled\' => \'0\',\n    \'installdate\' => \'2010-09-06\',\n    \'updatedate\' => \'2010-09-06\',\n  ),\n  \'pay\' => \n  array (\n    \'module\' => \'pay\',\n    \'name\' => \'支付\',\n    \'url\' => \'\',\n    \'iscore\' => \'1\',\n    \'version\' => \'1.0\',\n    \'description\' => \'\',\n    \'setting\' => \'\',\n    \'listorder\' => \'0\',\n    \'disabled\' => \'0\',\n    \'installdate\' => \'2010-09-06\',\n    \'updatedate\' => \'2010-09-06\',\n  ),\n  \'digg\' => \n  array (\n    \'module\' => \'digg\',\n    \'name\' => \'顶一下\',\n    \'url\' => \'\',\n    \'iscore\' => \'0\',\n    \'version\' => \'1.0\',\n    \'description\' => \'\',\n    \'setting\' => \'\',\n    \'listorder\' => \'0\',\n    \'disabled\' => \'0\',\n    \'installdate\' => \'2010-09-06\',\n    \'updatedate\' => \'2010-09-06\',\n  ),\n  \'special\' => \n  array (\n    \'module\' => \'special\',\n    \'name\' => \'专题\',\n    \'url\' => \'\',\n    \'iscore\' => \'0\',\n    \'version\' => \'1.0\',\n    \'description\' => \'\',\n    \'setting\' => \'\',\n    \'listorder\' => \'0\',\n    \'disabled\' => \'0\',\n    \'installdate\' => \'2010-09-06\',\n    \'updatedate\' => \'2010-09-06\',\n  ),\n  \'content\' => \n  array (\n    \'module\' => \'content\',\n    \'name\' => \'内容模块\',\n    \'url\' => \'\',\n    \'iscore\' => \'1\',\n    \'version\' => \'1.0\',\n    \'description\' => \'\',\n    \'setting\' => \'\',\n    \'listorder\' => \'0\',\n    \'disabled\' => \'0\',\n    \'installdate\' => \'2010-09-06\',\n    \'updatedate\' => \'2010-09-06\',\n  ),\n  \'search\' => \n  array (\n    \'module\' => \'search\',\n    \'name\' => \'全站搜索\',\n    \'url\' => \'\',\n    \'iscore\' => \'0\',\n    \'version\' => \'1.0\',\n    \'description\' => \'\',\n    \'setting\' => \'array (\n  \\\'fulltextenble\\\' => \\\'1\\\',\n  \\\'relationenble\\\' => \\\'1\\\',\n  \\\'suggestenable\\\' => \\\'1\\\',\n  \\\'sphinxenable\\\' => \\\'0\\\',\n  \\\'sphinxhost\\\' => \\\'10.228.134.102\\\',\n  \\\'sphinxport\\\' => \\\'9312\\\',\n)\',\n    \'listorder\' => \'0\',\n    \'disabled\' => \'0\',\n    \'installdate\' => \'2010-09-06\',\n    \'updatedate\' => \'2010-09-06\',\n  ),\n  \'scan\' => \n  array (\n    \'module\' => \'scan\',\n    \'name\' => \'木马扫描\',\n    \'url\' => \'scan\',\n    \'iscore\' => \'0\',\n    \'version\' => \'1.0\',\n    \'description\' => \'\',\n    \'setting\' => \'\',\n    \'listorder\' => \'0\',\n    \'disabled\' => \'0\',\n    \'installdate\' => \'2010-09-01\',\n    \'updatedate\' => \'2010-09-06\',\n  ),\n  \'attachment\' => \n  array (\n    \'module\' => \'attachment\',\n    \'name\' => \'附件\',\n    \'url\' => \'attachment\',\n    \'iscore\' => \'1\',\n    \'version\' => \'1.0\',\n    \'description\' => \'\',\n    \'setting\' => \'\',\n    \'listorder\' => \'0\',\n    \'disabled\' => \'0\',\n    \'installdate\' => \'2010-09-01\',\n    \'updatedate\' => \'2010-09-06\',\n  ),\n  \'block\' => \n  array (\n    \'module\' => \'block\',\n    \'name\' => \'碎片\',\n    \'url\' => \'\',\n    \'iscore\' => \'1\',\n    \'version\' => \'1.0\',\n    \'description\' => \'\',\n    \'setting\' => \'\',\n    \'listorder\' => \'0\',\n    \'disabled\' => \'0\',\n    \'installdate\' => \'2010-09-01\',\n    \'updatedate\' => \'2010-09-06\',\n  ),\n  \'collection\' => \n  array (\n    \'module\' => \'collection\',\n    \'name\' => \'采集模块\',\n    \'url\' => \'collection\',\n    \'iscore\' => \'1\',\n    \'version\' => \'1.0\',\n    \'description\' => \'\',\n    \'setting\' => \'\',\n    \'listorder\' => \'0\',\n    \'disabled\' => \'0\',\n    \'installdate\' => \'2010-09-01\',\n    \'updatedate\' => \'2010-09-06\',\n  ),\n  \'dbsource\' => \n  array (\n    \'module\' => \'dbsource\',\n    \'name\' => \'数据源\',\n    \'url\' => \'\',\n    \'iscore\' => \'1\',\n    \'version\' => \'\',\n    \'description\' => \'\',\n    \'setting\' => \'\',\n    \'listorder\' => \'0\',\n    \'disabled\' => \'0\',\n    \'installdate\' => \'2010-09-01\',\n    \'updatedate\' => \'2010-09-06\',\n  ),\n  \'template\' => \n  array (\n    \'module\' => \'template\',\n    \'name\' => \'模板风格\',\n    \'url\' => \'\',\n    \'iscore\' => \'1\',\n    \'version\' => \'1.0\',\n    \'description\' => \'\',\n    \'setting\' => \'\',\n    \'listorder\' => \'0\',\n    \'disabled\' => \'0\',\n    \'installdate\' => \'2010-09-01\',\n    \'updatedate\' => \'2010-09-06\',\n  ),\n  \'release\' => \n  array (\n    \'module\' => \'release\',\n    \'name\' => \'发布点\',\n    \'url\' => \'\',\n    \'iscore\' => \'1\',\n    \'version\' => \'1.0\',\n    \'description\' => \'\',\n    \'setting\' => \'\',\n    \'listorder\' => \'0\',\n    \'disabled\' => \'0\',\n    \'installdate\' => \'2010-09-01\',\n    \'updatedate\' => \'2010-09-06\',\n  ),\n  \'video\' => \n  array (\n    \'module\' => \'video\',\n    \'name\' => \'视频库\',\n    \'url\' => \'\',\n    \'iscore\' => \'0\',\n    \'version\' => \'1.0\',\n    \'description\' => \'\',\n    \'setting\' => \'\',\n    \'listorder\' => \'0\',\n    \'disabled\' => \'0\',\n    \'installdate\' => \'2012-09-28\',\n    \'updatedate\' => \'2012-09-28\',\n  ),\n  \'announce\' => \n  array (\n    \'module\' => \'announce\',\n    \'name\' => \'公告\',\n    \'url\' => \'announce/\',\n    \'iscore\' => \'0\',\n    \'version\' => \'1.0\',\n    \'description\' => \'公告\',\n    \'setting\' => \'\',\n    \'listorder\' => \'0\',\n    \'disabled\' => \'0\',\n    \'installdate\' => \'2017-11-29\',\n    \'updatedate\' => \'2017-11-29\',\n  ),\n  \'comment\' => \n  array (\n    \'module\' => \'comment\',\n    \'name\' => \'评论\',\n    \'url\' => \'comment/\',\n    \'iscore\' => \'0\',\n    \'version\' => \'1.0\',\n    \'description\' => \'评论\',\n    \'setting\' => \'\',\n    \'listorder\' => \'0\',\n    \'disabled\' => \'0\',\n    \'installdate\' => \'2017-11-29\',\n    \'updatedate\' => \'2017-11-29\',\n  ),\n  \'link\' => \n  array (\n    \'module\' => \'link\',\n    \'name\' => \'友情链接\',\n    \'url\' => \'\',\n    \'iscore\' => \'0\',\n    \'version\' => \'1.0\',\n    \'description\' => \'\',\n    \'setting\' => \'array (\n  1 => \n  array (\n    \\\'is_post\\\' => \\\'1\\\',\n    \\\'enablecheckcode\\\' => \\\'0\\\',\n  ),\n)\',\n    \'listorder\' => \'0\',\n    \'disabled\' => \'0\',\n    \'installdate\' => \'2010-09-06\',\n    \'updatedate\' => \'2010-09-06\',\n  ),\n  \'vote\' => \n  array (\n    \'module\' => \'vote\',\n    \'name\' => \'投票\',\n    \'url\' => \'\',\n    \'iscore\' => \'0\',\n    \'version\' => \'1.0\',\n    \'description\' => \'\',\n    \'setting\' => \'array (\r\n  1 => \r\n  array (\r\n    \\\'default_style\\\' => \\\'default\\\',\r\n    \\\'vote_tp_template\\\' => \\\'vote_tp\\\',\r\n    \\\'allowguest\\\' => \\\'1\\\',\r\n    \\\'enabled\\\' => \\\'1\\\',\r\n    \\\'interval\\\' => \\\'1\\\',\r\n    \\\'credit\\\' => \\\'1\\\',\r\n  ),\r\n)\',\n    \'listorder\' => \'0\',\n    \'disabled\' => \'0\',\n    \'installdate\' => \'2010-09-06\',\n    \'updatedate\' => \'2010-09-06\',\n  ),\n  \'message\' => \n  array (\n    \'module\' => \'message\',\n    \'name\' => \'短消息\',\n    \'url\' => \'\',\n    \'iscore\' => \'0\',\n    \'version\' => \'1.0\',\n    \'description\' => \'\',\n    \'setting\' => \'\',\n    \'listorder\' => \'0\',\n    \'disabled\' => \'0\',\n    \'installdate\' => \'2010-09-06\',\n    \'updatedate\' => \'2010-09-06\',\n  ),\n  \'mood\' => \n  array (\n    \'module\' => \'mood\',\n    \'name\' => \'新闻心情\',\n    \'url\' => \'mood/\',\n    \'iscore\' => \'0\',\n    \'version\' => \'1.0\',\n    \'description\' => \'新闻心情\',\n    \'setting\' => \'\',\n    \'listorder\' => \'0\',\n    \'disabled\' => \'0\',\n    \'installdate\' => \'2017-11-29\',\n    \'updatedate\' => \'2017-11-29\',\n  ),\n  \'poster\' => \n  array (\n    \'module\' => \'poster\',\n    \'name\' => \'广告模块\',\n    \'url\' => \'poster/\',\n    \'iscore\' => \'0\',\n    \'version\' => \'1.0\',\n    \'description\' => \'广告模块\',\n    \'setting\' => \'\',\n    \'listorder\' => \'0\',\n    \'disabled\' => \'0\',\n    \'installdate\' => \'2017-11-29\',\n    \'updatedate\' => \'2017-11-29\',\n  ),\n  \'formguide\' => \n  array (\n    \'module\' => \'formguide\',\n    \'name\' => \'表单向导\',\n    \'url\' => \'formguide/\',\n    \'iscore\' => \'0\',\n    \'version\' => \'1.0\',\n    \'description\' => \'formguide\',\n    \'setting\' => \'array (\n  \\\'allowmultisubmit\\\' => \\\'1\\\',\n  \\\'interval\\\' => \\\'30\\\',\n  \\\'allowunreg\\\' => \\\'0\\\',\n  \\\'mailmessage\\\' => \\\'用户向我们提交了表单数据，赶快去看看吧。\\\',\n)\',\n    \'listorder\' => \'0\',\n    \'disabled\' => \'0\',\n    \'installdate\' => \'2010-10-20\',\n    \'updatedate\' => \'2010-10-20\',\n  ),\n  \'wap\' => \n  array (\n    \'module\' => \'wap\',\n    \'name\' => \'手机门户\',\n    \'url\' => \'wap/\',\n    \'iscore\' => \'0\',\n    \'version\' => \'1.0\',\n    \'description\' => \'手机门户\',\n    \'setting\' => \'\',\n    \'listorder\' => \'0\',\n    \'disabled\' => \'0\',\n    \'installdate\' => \'2017-11-29\',\n    \'updatedate\' => \'2017-11-29\',\n  ),\n  \'upgrade\' => \n  array (\n    \'module\' => \'upgrade\',\n    \'name\' => \'在线升级\',\n    \'url\' => \'\',\n    \'iscore\' => \'0\',\n    \'version\' => \'1.0\',\n    \'description\' => \'\',\n    \'setting\' => \'\',\n    \'listorder\' => \'0\',\n    \'disabled\' => \'0\',\n    \'installdate\' => \'2011-05-18\',\n    \'updatedate\' => \'2011-05-18\',\n  ),\n  \'tag\' => \n  array (\n    \'module\' => \'tag\',\n    \'name\' => \'标签向导\',\n    \'url\' => \'tag/\',\n    \'iscore\' => \'0\',\n    \'version\' => \'1.0\',\n    \'description\' => \'标签向导\',\n    \'setting\' => \'\',\n    \'listorder\' => \'0\',\n    \'disabled\' => \'0\',\n    \'installdate\' => \'2017-11-29\',\n    \'updatedate\' => \'2017-11-29\',\n  ),\n  \'sms\' => \n  array (\n    \'module\' => \'sms\',\n    \'name\' => \'短信平台\',\n    \'url\' => \'sms/\',\n    \'iscore\' => \'0\',\n    \'version\' => \'1.0\',\n    \'description\' => \'短信平台\',\n    \'setting\' => \'\',\n    \'listorder\' => \'0\',\n    \'disabled\' => \'0\',\n    \'installdate\' => \'2011-09-02\',\n    \'updatedate\' => \'2011-09-02\',\n  ),\n);\n?>'),('mood_program.cache.php','caches_commons/caches_data/','<?php\nreturn array (\n  1 => \n  array (\n    1 => \n    array (\n      \'use\' => \'1\',\n      \'name\' => \'震惊\',\n      \'pic\' => \'mood/a1.gif\',\n    ),\n    2 => \n    array (\n      \'use\' => \'1\',\n      \'name\' => \'不解\',\n      \'pic\' => \'mood/a2.gif\',\n    ),\n    3 => \n    array (\n      \'use\' => \'1\',\n      \'name\' => \'愤怒\',\n      \'pic\' => \'mood/a3.gif\',\n    ),\n    4 => \n    array (\n      \'use\' => \'1\',\n      \'name\' => \'杯具\',\n      \'pic\' => \'mood/a4.gif\',\n    ),\n    5 => \n    array (\n      \'use\' => \'1\',\n      \'name\' => \'无聊\',\n      \'pic\' => \'mood/a5.gif\',\n    ),\n    6 => \n    array (\n      \'use\' => \'1\',\n      \'name\' => \'高兴\',\n      \'pic\' => \'mood/a6.gif\',\n    ),\n    7 => \n    array (\n      \'use\' => \'1\',\n      \'name\' => \'支持\',\n      \'pic\' => \'mood/a7.gif\',\n    ),\n    8 => \n    array (\n      \'use\' => \'1\',\n      \'name\' => \'超赞\',\n      \'pic\' => \'mood/a8.gif\',\n    ),\n    9 => \n    array (\n      \'use\' => NULL,\n      \'name\' => \'\',\n      \'pic\' => \'\',\n    ),\n    10 => \n    array (\n      \'use\' => NULL,\n      \'name\' => \'\',\n      \'pic\' => \'\',\n    ),\n  ),\n);\n?>'),('position.cache.php','caches_commons/caches_data/','<?php\nreturn array (\n  2 => \n  array (\n    \'posid\' => \'2\',\n    \'modelid\' => \'0\',\n    \'catid\' => \'0\',\n    \'name\' => \'首页头条推荐\',\n    \'maxnum\' => \'20\',\n    \'extention\' => NULL,\n    \'listorder\' => \'4\',\n    \'siteid\' => \'1\',\n    \'thumb\' => \'\',\n  ),\n  1 => \n  array (\n    \'posid\' => \'1\',\n    \'modelid\' => \'0\',\n    \'catid\' => \'0\',\n    \'name\' => \'首页焦点图推荐\',\n    \'maxnum\' => \'20\',\n    \'extention\' => NULL,\n    \'listorder\' => \'1\',\n    \'siteid\' => \'1\',\n    \'thumb\' => \'\',\n  ),\n  16 => \n  array (\n    \'posid\' => \'16\',\n    \'modelid\' => \'0\',\n    \'catid\' => \'0\',\n    \'name\' => \'视频首页每日热点\',\n    \'maxnum\' => \'20\',\n    \'extention\' => \'\',\n    \'listorder\' => \'0\',\n    \'siteid\' => \'1\',\n    \'thumb\' => \'\',\n  ),\n  15 => \n  array (\n    \'posid\' => \'15\',\n    \'modelid\' => \'0\',\n    \'catid\' => \'0\',\n    \'name\' => \'视频首页头条推荐\',\n    \'maxnum\' => \'20\',\n    \'extention\' => \'\',\n    \'listorder\' => \'0\',\n    \'siteid\' => \'1\',\n    \'thumb\' => \'\',\n  ),\n  14 => \n  array (\n    \'posid\' => \'14\',\n    \'modelid\' => \'0\',\n    \'catid\' => \'0\',\n    \'name\' => \'视频首页焦点图\',\n    \'maxnum\' => \'20\',\n    \'extention\' => \'\',\n    \'listorder\' => \'0\',\n    \'siteid\' => \'1\',\n    \'thumb\' => \'\',\n  ),\n  12 => \n  array (\n    \'posid\' => \'12\',\n    \'modelid\' => \'0\',\n    \'catid\' => \'0\',\n    \'name\' => \'首页图片推荐\',\n    \'maxnum\' => \'20\',\n    \'extention\' => NULL,\n    \'listorder\' => \'0\',\n    \'siteid\' => \'1\',\n    \'thumb\' => \'\',\n  ),\n  10 => \n  array (\n    \'posid\' => \'10\',\n    \'modelid\' => \'0\',\n    \'catid\' => \'0\',\n    \'name\' => \'栏目首页推荐\',\n    \'maxnum\' => \'20\',\n    \'extention\' => NULL,\n    \'listorder\' => \'0\',\n    \'siteid\' => \'1\',\n    \'thumb\' => \'\',\n  ),\n  9 => \n  array (\n    \'posid\' => \'9\',\n    \'modelid\' => \'0\',\n    \'catid\' => \'0\',\n    \'name\' => \'网站顶部推荐\',\n    \'maxnum\' => \'20\',\n    \'extention\' => NULL,\n    \'listorder\' => \'0\',\n    \'siteid\' => \'1\',\n    \'thumb\' => \'\',\n  ),\n  8 => \n  array (\n    \'posid\' => \'8\',\n    \'modelid\' => \'30\',\n    \'catid\' => \'54\',\n    \'name\' => \'图片频道首页焦点图\',\n    \'maxnum\' => \'20\',\n    \'extention\' => NULL,\n    \'listorder\' => \'0\',\n    \'siteid\' => \'1\',\n    \'thumb\' => \'\',\n  ),\n  5 => \n  array (\n    \'posid\' => \'5\',\n    \'modelid\' => \'69\',\n    \'catid\' => \'0\',\n    \'name\' => \'推荐下载\',\n    \'maxnum\' => \'20\',\n    \'extention\' => NULL,\n    \'listorder\' => \'0\',\n    \'siteid\' => \'1\',\n    \'thumb\' => \'\',\n  ),\n  13 => \n  array (\n    \'posid\' => \'13\',\n    \'modelid\' => \'82\',\n    \'catid\' => \'0\',\n    \'name\' => \'栏目页焦点图\',\n    \'maxnum\' => \'20\',\n    \'extention\' => NULL,\n    \'listorder\' => \'0\',\n    \'siteid\' => \'1\',\n    \'thumb\' => \'\',\n  ),\n  17 => \n  array (\n    \'posid\' => \'17\',\n    \'modelid\' => \'0\',\n    \'catid\' => \'0\',\n    \'name\' => \'视频栏目精彩推荐\',\n    \'maxnum\' => \'20\',\n    \'extention\' => \'\',\n    \'listorder\' => \'0\',\n    \'siteid\' => \'1\',\n    \'thumb\' => \'\',\n  ),\n);\n?>'),('role.cache.php','caches_commons/caches_data/','<?php\nreturn array (\n  1 => \'超级管理员\',\n  2 => \'站点管理员\',\n  3 => \'运营总监\',\n  4 => \'总编\',\n  5 => \'编辑\',\n  7 => \'发布人员\',\n);\n?>'),('role_siteid.cache.php','caches_commons/caches_data/','<?php\nreturn array (\n);\n?>'),('sitelist.cache.php','caches_commons/caches_data/','<?php\nreturn array (\n  1 => \n  array (\n    \'siteid\' => \'1\',\n    \'name\' => \'默认站点\',\n    \'dirname\' => \'\',\n    \'domain\' => \'http://localhost/lycms/install_package/\',\n    \'site_title\' => \'PHPCMS演示站\',\n    \'keywords\' => \'PHPCMS演示站\',\n    \'description\' => \'PHPCMS演示站\',\n    \'release_point\' => \'\',\n    \'default_style\' => \'ly\',\n    \'template\' => \'ly\',\n    \'setting\' => \'{\"upload_maxsize\":\"2048\",\"upload_allowext\":\"jpg|jpeg|gif|bmp|png|doc|docx|xls|xlsx|ppt|pptx|pdf|txt|rar|zip|swf\",\"watermark_enable\":\"1\",\"watermark_minwidth\":\"300\",\"watermark_minheight\":\"300\",\"watermark_img\":\"statics\\\\/images\\\\/water\\\\/\\\\/mark.png\",\"watermark_pct\":\"85\",\"watermark_quality\":\"80\",\"watermark_pos\":\"9\"}\',\n    \'uuid\' => \'6c029851-d4b6-11e7-9f51-fc4596419116\',\n    \'url\' => \'http://localhost/lycms/install_package/\',\n  ),\n);\n?>'),('special.cache.php','caches_commons/caches_data/','<?php\nreturn array (\n);\n?>'),('type_content.cache.php','caches_commons/caches_data/','<?php\nreturn array (\n);\n?>'),('type_content_1.cache.php','caches_commons/caches_data/','<?php\nreturn array (\n);\n?>'),('urlrules.cache.php','caches_commons/caches_data/','<?php\nreturn array (\n  1 => \'{$categorydir}{$catdir}/index.html|{$categorydir}{$catdir}/{$page}.html\',\n  6 => \'index.php?m=content&c=index&a=lists&catid={$catid}|index.php?m=content&c=index&a=lists&catid={$catid}&page={$page}\',\n  11 => \'{$year}/{$catdir}_{$month}{$day}/{$id}.html|{$year}/{$catdir}_{$month}{$day}/{$id}_{$page}.html\',\n  12 => \'{$categorydir}{$catdir}/{$year}/{$month}{$day}/{$id}.html|{$categorydir}{$catdir}/{$year}/{$month}{$day}/{$id}_{$page}.html\',\n  16 => \'index.php?m=content&c=index&a=show&catid={$catid}&id={$id}|index.php?m=content&c=index&a=show&catid={$catid}&id={$id}&page={$page}\',\n  17 => \'show-{$catid}-{$id}-{$page}.html\',\n  18 => \'content-{$catid}-{$id}-{$page}.html\',\n  30 => \'list-{$catid}-{$page}.html\',\n);\n?>'),('urlrules_detail.cache.php','caches_commons/caches_data/','<?php\nreturn array (\n  1 => \n  array (\n    \'urlruleid\' => \'1\',\n    \'module\' => \'content\',\n    \'file\' => \'category\',\n    \'ishtml\' => \'1\',\n    \'urlrule\' => \'{$categorydir}{$catdir}/index.html|{$categorydir}{$catdir}/{$page}.html\',\n    \'example\' => \'news/china/1000.html\',\n  ),\n  6 => \n  array (\n    \'urlruleid\' => \'6\',\n    \'module\' => \'content\',\n    \'file\' => \'category\',\n    \'ishtml\' => \'0\',\n    \'urlrule\' => \'index.php?m=content&c=index&a=lists&catid={$catid}|index.php?m=content&c=index&a=lists&catid={$catid}&page={$page}\',\n    \'example\' => \'index.php?m=content&c=index&a=lists&catid=1&page=1\',\n  ),\n  11 => \n  array (\n    \'urlruleid\' => \'11\',\n    \'module\' => \'content\',\n    \'file\' => \'show\',\n    \'ishtml\' => \'1\',\n    \'urlrule\' => \'{$year}/{$catdir}_{$month}{$day}/{$id}.html|{$year}/{$catdir}_{$month}{$day}/{$id}_{$page}.html\',\n    \'example\' => \'2010/catdir_0720/1_2.html\',\n  ),\n  12 => \n  array (\n    \'urlruleid\' => \'12\',\n    \'module\' => \'content\',\n    \'file\' => \'show\',\n    \'ishtml\' => \'1\',\n    \'urlrule\' => \'{$categorydir}{$catdir}/{$year}/{$month}{$day}/{$id}.html|{$categorydir}{$catdir}/{$year}/{$month}{$day}/{$id}_{$page}.html\',\n    \'example\' => \'it/product/2010/0720/1_2.html\',\n  ),\n  16 => \n  array (\n    \'urlruleid\' => \'16\',\n    \'module\' => \'content\',\n    \'file\' => \'show\',\n    \'ishtml\' => \'0\',\n    \'urlrule\' => \'index.php?m=content&c=index&a=show&catid={$catid}&id={$id}|index.php?m=content&c=index&a=show&catid={$catid}&id={$id}&page={$page}\',\n    \'example\' => \'index.php?m=content&c=index&a=show&catid=1&id=1\',\n  ),\n  17 => \n  array (\n    \'urlruleid\' => \'17\',\n    \'module\' => \'content\',\n    \'file\' => \'show\',\n    \'ishtml\' => \'0\',\n    \'urlrule\' => \'show-{$catid}-{$id}-{$page}.html\',\n    \'example\' => \'show-1-2-1.html\',\n  ),\n  18 => \n  array (\n    \'urlruleid\' => \'18\',\n    \'module\' => \'content\',\n    \'file\' => \'show\',\n    \'ishtml\' => \'0\',\n    \'urlrule\' => \'content-{$catid}-{$id}-{$page}.html\',\n    \'example\' => \'content-1-2-1.html\',\n  ),\n  30 => \n  array (\n    \'urlruleid\' => \'30\',\n    \'module\' => \'content\',\n    \'file\' => \'category\',\n    \'ishtml\' => \'0\',\n    \'urlrule\' => \'list-{$catid}-{$page}.html\',\n    \'example\' => \'list-1-1.html\',\n  ),\n);\n?>'),('vote.cache.php','caches_commons/caches_data/','<?php\nreturn array (\n  1 => \n  array (\n    \'default_style\' => \'default\',\n    \'vote_tp_template\' => \'vote_tp\',\n    \'allowguest\' => \'1\',\n    \'enabled\' => \'1\',\n    \'interval\' => \'1\',\n    \'credit\' => \'1\',\n  ),\n);\n?>'),('workflow_1.cache.php','caches_commons/caches_data/','<?php\nreturn array (\n  1 => \n  array (\n    \'workflowid\' => \'1\',\n    \'siteid\' => \'1\',\n    \'steps\' => \'1\',\n    \'workname\' => \'一级审核\',\n    \'description\' => \'审核一次\',\n    \'setting\' => \'\',\n    \'flag\' => \'0\',\n  ),\n  2 => \n  array (\n    \'workflowid\' => \'2\',\n    \'siteid\' => \'1\',\n    \'steps\' => \'2\',\n    \'workname\' => \'二级审核\',\n    \'description\' => \'审核两次\',\n    \'setting\' => \'\',\n    \'flag\' => \'0\',\n  ),\n  3 => \n  array (\n    \'workflowid\' => \'3\',\n    \'siteid\' => \'1\',\n    \'steps\' => \'3\',\n    \'workname\' => \'三级审核\',\n    \'description\' => \'审核三次\',\n    \'setting\' => \'\',\n    \'flag\' => \'0\',\n  ),\n  4 => \n  array (\n    \'workflowid\' => \'4\',\n    \'siteid\' => \'1\',\n    \'steps\' => \'4\',\n    \'workname\' => \'四级审核\',\n    \'description\' => \'四级审核\',\n    \'setting\' => \'\',\n    \'flag\' => \'0\',\n  ),\n);\n?>');
/*!40000 ALTER TABLE `ly_cache` ENABLE KEYS */;

#
# Structure for table "ly_category"
#

DROP TABLE IF EXISTS `ly_category`;
CREATE TABLE `ly_category` (
  `catid` smallint(5) unsigned NOT NULL AUTO_INCREMENT,
  `siteid` smallint(5) unsigned NOT NULL DEFAULT '0',
  `module` varchar(15) NOT NULL,
  `type` tinyint(1) unsigned NOT NULL DEFAULT '0',
  `modelid` smallint(5) unsigned NOT NULL DEFAULT '0',
  `parentid` smallint(5) unsigned NOT NULL DEFAULT '0',
  `arrparentid` varchar(255) NOT NULL,
  `child` tinyint(1) unsigned NOT NULL DEFAULT '0',
  `arrchildid` mediumtext NOT NULL,
  `catname` varchar(30) NOT NULL,
  `style` varchar(5) NOT NULL,
  `image` varchar(100) NOT NULL,
  `description` mediumtext NOT NULL,
  `parentdir` varchar(100) NOT NULL,
  `catdir` varchar(30) NOT NULL,
  `url` varchar(100) NOT NULL,
  `items` mediumint(8) unsigned NOT NULL DEFAULT '0',
  `hits` int(10) unsigned NOT NULL DEFAULT '0',
  `setting` mediumtext NOT NULL,
  `listorder` smallint(5) unsigned NOT NULL DEFAULT '0',
  `ismenu` tinyint(1) unsigned NOT NULL DEFAULT '1',
  `sethtml` tinyint(1) unsigned NOT NULL DEFAULT '0',
  `letter` varchar(30) NOT NULL,
  `usable_type` varchar(255) NOT NULL,
  PRIMARY KEY (`catid`),
  KEY `module` (`module`,`parentid`,`listorder`,`catid`),
  KEY `siteid` (`siteid`,`type`)
) ENGINE=MyISAM AUTO_INCREMENT=32 DEFAULT CHARSET=utf8;

#
# Data for table "ly_category"
#

/*!40000 ALTER TABLE `ly_category` DISABLE KEYS */;
INSERT INTO `ly_category` VALUES (10,1,'content',0,1,0,'0',0,'10','临沂','','','','','linyi','http://localhost/yii2/web/index.php?r=rnews/linyi',14,0,'{\"workflowid\":\"\",\"ishtml\":\"0\",\"content_ishtml\":\"0\",\"create_to_html_root\":\"0\",\"template_list\":\"ly\",\"category_template\":\"category\",\"list_template\":\"list_linyi\",\"show_template\":\"show_content\",\"meta_title\":\"\",\"meta_keywords\":\"\",\"meta_description\":\"\",\"presentpoint\":\"1\",\"defaultchargepoint\":\"0\",\"paytype\":\"0\",\"repeatchargedays\":\"1\",\"category_ruleid\":\"6\",\"show_ruleid\":\"16\"}',10,1,0,'',''),(14,1,'content',0,1,0,'0',0,'14','娱乐','','','','','yule','http://localhost/yii2/web/index.php?r=rnews/yule',0,0,'{\"workflowid\":\"\",\"ishtml\":\"0\",\"content_ishtml\":\"0\",\"create_to_html_root\":\"0\",\"template_list\":\"ly\",\"category_template\":\"category\",\"list_template\":\"list_yule\",\"show_template\":\"show_content\",\"meta_title\":\"\",\"meta_keywords\":\"\",\"meta_description\":\"\",\"presentpoint\":\"1\",\"defaultchargepoint\":\"0\",\"paytype\":\"0\",\"repeatchargedays\":\"1\",\"category_ruleid\":\"6\",\"show_ruleid\":\"16\"}',14,1,0,'',''),(15,1,'content',0,1,14,'0',0,'15','明星','','','','','mingxing','http://localhost/yii2/web/index.php?r=rnews/mingxing',2,0,'{\"workflowid\":\"\",\"ishtml\":\"0\",\"content_ishtml\":\"0\",\"create_to_html_root\":\"0\",\"template_list\":\"ly\",\"category_template\":\"category\",\"list_template\":\"list_mingxing\",\"show_template\":\"show_content\",\"meta_title\":\"\",\"meta_keywords\":\"\",\"meta_description\":\"\",\"presentpoint\":\"1\",\"defaultchargepoint\":\"0\",\"paytype\":\"0\",\"repeatchargedays\":\"1\",\"category_ruleid\":\"6\",\"show_ruleid\":\"16\"}',15,1,0,'',''),(16,1,'content',0,1,14,'0',0,'16','电视剧','','','','','dianshiju','http://localhost/yii2/web/index.php?r=rnews/dianshiju',2,0,'{\"workflowid\":\"\",\"ishtml\":\"0\",\"content_ishtml\":\"0\",\"create_to_html_root\":\"0\",\"template_list\":\"ly\",\"category_template\":\"category\",\"list_template\":\"list_tv\",\"show_template\":\"show_content\",\"meta_title\":\"\",\"meta_keywords\":\"\",\"meta_description\":\"\",\"presentpoint\":\"1\",\"defaultchargepoint\":\"0\",\"paytype\":\"0\",\"repeatchargedays\":\"1\",\"category_ruleid\":\"6\",\"show_ruleid\":\"16\"}',16,1,0,'',''),(17,1,'content',0,1,14,'0',0,'17','综艺','','','','','zongyi','http://localhost/yii2/web/index.php?r=rnews/zongyi',1,0,'{\"workflowid\":\"\",\"ishtml\":\"0\",\"content_ishtml\":\"0\",\"create_to_html_root\":\"0\",\"template_list\":\"ly\",\"category_template\":\"category\",\"list_template\":\"list_zongyi\",\"show_template\":\"show_content\",\"meta_title\":\"\",\"meta_keywords\":\"\",\"meta_description\":\"\",\"presentpoint\":\"1\",\"defaultchargepoint\":\"0\",\"paytype\":\"0\",\"repeatchargedays\":\"1\",\"category_ruleid\":\"6\",\"show_ruleid\":\"16\"}',17,1,0,'',''),(18,1,'content',0,1,14,'0',0,'18','电影','','','','','dianying','http://localhost/yii2/web/index.php?r=rnews/dianying',1,0,'{\"workflowid\":\"\",\"ishtml\":\"0\",\"content_ishtml\":\"0\",\"create_to_html_root\":\"0\",\"template_list\":\"ly\",\"category_template\":\"category\",\"list_template\":\"list_dianying\",\"show_template\":\"show_content\",\"meta_title\":\"\",\"meta_keywords\":\"\",\"meta_description\":\"\",\"presentpoint\":\"1\",\"defaultchargepoint\":\"0\",\"paytype\":\"0\",\"repeatchargedays\":\"1\",\"category_ruleid\":\"6\",\"show_ruleid\":\"16\"}',18,1,0,'',''),(20,1,'content',0,1,10,'0',0,'20','城事','','','','','chengshi','http://localhost/yii2/web/index.php?r=rnews/chengxu',4,0,'{\"workflowid\":\"\",\"ishtml\":\"0\",\"content_ishtml\":\"0\",\"create_to_html_root\":\"0\",\"template_list\":\"ly\",\"category_template\":\"category\",\"list_template\":\"list_chengshi\",\"show_template\":\"show_content\",\"meta_title\":\"\",\"meta_keywords\":\"\",\"meta_description\":\"\",\"presentpoint\":\"1\",\"defaultchargepoint\":\"0\",\"paytype\":\"0\",\"repeatchargedays\":\"1\",\"category_ruleid\":\"6\",\"show_ruleid\":\"16\"}',20,1,0,'',''),(21,1,'content',0,1,10,'0',0,'21','口碑','','','','','koubei','http://localhost/yii2/web/index.php?r=rnews/koubei',3,0,'{\"workflowid\":\"\",\"ishtml\":\"0\",\"content_ishtml\":\"0\",\"create_to_html_root\":\"0\",\"template_list\":\"ly\",\"category_template\":\"category\",\"list_template\":\"list_koubei\",\"show_template\":\"show_content\",\"meta_title\":\"\",\"meta_keywords\":\"\",\"meta_description\":\"\",\"presentpoint\":\"1\",\"defaultchargepoint\":\"0\",\"paytype\":\"0\",\"repeatchargedays\":\"1\",\"category_ruleid\":\"6\",\"show_ruleid\":\"16\"}',21,1,0,'',''),(22,1,'content',0,1,10,'0',0,'22','品味','','','','','pinwei','http://localhost/yii2/web/index.php?r=rnews/pinwei',9,0,'{\"workflowid\":\"\",\"ishtml\":\"0\",\"content_ishtml\":\"0\",\"create_to_html_root\":\"0\",\"template_list\":\"ly\",\"category_template\":\"category\",\"list_template\":\"list_pinwei\",\"show_template\":\"show_content\",\"meta_title\":\"\",\"meta_keywords\":\"\",\"meta_description\":\"\",\"presentpoint\":\"1\",\"defaultchargepoint\":\"0\",\"paytype\":\"0\",\"repeatchargedays\":\"1\",\"category_ruleid\":\"6\",\"show_ruleid\":\"16\"}',22,1,0,'',''),(24,1,'content',0,1,0,'',0,'','拓展训练','','','','','tzxl','',8,0,'{\"workflowid\":\"\",\"ishtml\":\"0\",\"content_ishtml\":\"0\",\"create_to_html_root\":\"0\",\"template_list\":\"ly\",\"category_template\":\"category\",\"list_template\":\"list_chengshi\",\"show_template\":\"show_content\",\"meta_title\":\"\",\"meta_keywords\":\"\",\"meta_description\":\"\",\"presentpoint\":\"1\",\"defaultchargepoint\":\"0\",\"paytype\":\"0\",\"repeatchargedays\":\"1\",\"category_ruleid\":\"6\",\"show_ruleid\":\"16\"}',0,1,0,'',''),(25,1,'content',0,1,0,'',0,'','精彩活动','','','','','jchd','',2,0,'{\"workflowid\":\"\",\"ishtml\":\"0\",\"content_ishtml\":\"0\",\"create_to_html_root\":\"0\",\"template_list\":\"ly\",\"category_template\":\"category\",\"list_template\":\"list_chengshi\",\"show_template\":\"show_content\",\"meta_title\":\"\",\"meta_keywords\":\"\",\"meta_description\":\"\",\"presentpoint\":\"1\",\"defaultchargepoint\":\"0\",\"paytype\":\"0\",\"repeatchargedays\":\"1\",\"category_ruleid\":\"6\",\"show_ruleid\":\"16\"}',0,1,0,'',''),(26,1,'content',0,1,0,'',0,'','就业喜报','','','','','jyxb','',2,0,'{\"workflowid\":\"\",\"ishtml\":\"0\",\"content_ishtml\":\"0\",\"create_to_html_root\":\"0\",\"template_list\":\"ly\",\"category_template\":\"category\",\"list_template\":\"list_chengshi\",\"show_template\":\"show_content\",\"meta_title\":\"\",\"meta_keywords\":\"\",\"meta_description\":\"\",\"presentpoint\":\"1\",\"defaultchargepoint\":\"0\",\"paytype\":\"0\",\"repeatchargedays\":\"1\",\"category_ruleid\":\"6\",\"show_ruleid\":\"16\"}',0,1,0,'',''),(27,1,'content',0,1,0,'',0,'','荣誉榜','','','','','ryb','',2,0,'{\"workflowid\":\"\",\"ishtml\":\"0\",\"content_ishtml\":\"0\",\"create_to_html_root\":\"0\",\"template_list\":\"ly\",\"category_template\":\"category\",\"list_template\":\"list_chengshi\",\"show_template\":\"show_content\",\"meta_title\":\"\",\"meta_keywords\":\"\",\"meta_description\":\"\",\"presentpoint\":\"1\",\"defaultchargepoint\":\"0\",\"paytype\":\"0\",\"repeatchargedays\":\"1\",\"category_ruleid\":\"6\",\"show_ruleid\":\"16\"}',0,1,0,'',''),(28,1,'content',0,1,0,'',0,'','大智课程','','','','','dzkc','',1,0,'{\"workflowid\":\"\",\"ishtml\":\"0\",\"content_ishtml\":\"0\",\"create_to_html_root\":\"0\",\"template_list\":\"ly\",\"category_template\":\"category\",\"list_template\":\"list_dianying\",\"show_template\":\"show_content\",\"meta_title\":\"\",\"meta_keywords\":\"\",\"meta_description\":\"\",\"presentpoint\":\"1\",\"defaultchargepoint\":\"0\",\"paytype\":\"0\",\"repeatchargedays\":\"1\",\"category_ruleid\":\"6\",\"show_ruleid\":\"16\"}',0,1,0,'',''),(29,1,'content',0,1,0,'',0,'','学习资料','','','','','xxzl','',2,0,'{\"workflowid\":\"\",\"ishtml\":\"0\",\"content_ishtml\":\"0\",\"create_to_html_root\":\"0\",\"template_list\":\"ly\",\"category_template\":\"category\",\"list_template\":\"list_koubei\",\"show_template\":\"\",\"meta_title\":\"\",\"meta_keywords\":\"\",\"meta_description\":\"\",\"presentpoint\":\"1\",\"defaultchargepoint\":\"0\",\"paytype\":\"0\",\"repeatchargedays\":\"1\",\"category_ruleid\":\"6\",\"show_ruleid\":\"16\"}',0,1,0,'',''),(30,1,'content',0,1,0,'',0,'','校园新闻','','','','','xiaoyuan','',2,0,'{\"workflowid\":\"\",\"ishtml\":\"0\",\"content_ishtml\":\"0\",\"create_to_html_root\":\"0\",\"template_list\":\"ly\",\"category_template\":\"category\",\"list_template\":\"list_dianying\",\"show_template\":\"show_content\",\"meta_title\":\"\",\"meta_keywords\":\"\",\"meta_description\":\"\",\"presentpoint\":\"1\",\"defaultchargepoint\":\"0\",\"paytype\":\"0\",\"repeatchargedays\":\"1\",\"category_ruleid\":\"6\",\"show_ruleid\":\"16\"}',0,1,0,'',''),(31,1,'content',0,1,0,'',0,'','行业动态','','','','','hangye','',2,0,'{\"workflowid\":\"\",\"ishtml\":\"0\",\"content_ishtml\":\"0\",\"create_to_html_root\":\"0\",\"template_list\":\"ly\",\"category_template\":\"category\",\"list_template\":\"list_chengshi\",\"show_template\":\"show_content\",\"meta_title\":\"\",\"meta_keywords\":\"\",\"meta_description\":\"\",\"presentpoint\":\"1\",\"defaultchargepoint\":\"0\",\"paytype\":\"0\",\"repeatchargedays\":\"1\",\"category_ruleid\":\"6\",\"show_ruleid\":\"16\"}',0,1,0,'','');
/*!40000 ALTER TABLE `ly_category` ENABLE KEYS */;

#
# Structure for table "ly_category_priv"
#

DROP TABLE IF EXISTS `ly_category_priv`;
CREATE TABLE `ly_category_priv` (
  `catid` smallint(5) unsigned NOT NULL DEFAULT '0',
  `siteid` smallint(5) unsigned NOT NULL DEFAULT '0',
  `roleid` smallint(5) unsigned NOT NULL DEFAULT '0',
  `is_admin` tinyint(1) unsigned NOT NULL DEFAULT '0',
  `action` char(30) NOT NULL,
  KEY `catid` (`catid`,`roleid`,`is_admin`,`action`),
  KEY `siteid` (`siteid`)
) ENGINE=MyISAM DEFAULT CHARSET=utf8;

#
# Data for table "ly_category_priv"
#

/*!40000 ALTER TABLE `ly_category_priv` DISABLE KEYS */;
INSERT INTO `ly_category_priv` VALUES (10,1,2,0,'add'),(14,1,2,0,'add');
/*!40000 ALTER TABLE `ly_category_priv` ENABLE KEYS */;

#
# Structure for table "ly_collection_content"
#

DROP TABLE IF EXISTS `ly_collection_content`;
CREATE TABLE `ly_collection_content` (
  `id` int(10) unsigned NOT NULL AUTO_INCREMENT,
  `nodeid` int(10) unsigned NOT NULL DEFAULT '0',
  `siteid` mediumint(5) unsigned NOT NULL DEFAULT '0',
  `status` tinyint(1) unsigned NOT NULL DEFAULT '0',
  `url` char(255) NOT NULL,
  `title` char(100) NOT NULL,
  `data` text NOT NULL,
  PRIMARY KEY (`id`),
  KEY `nodeid` (`nodeid`,`siteid`),
  KEY `status` (`status`)
) ENGINE=MyISAM DEFAULT CHARSET=utf8;

#
# Data for table "ly_collection_content"
#


#
# Structure for table "ly_collection_history"
#

DROP TABLE IF EXISTS `ly_collection_history`;
CREATE TABLE `ly_collection_history` (
  `md5` char(32) NOT NULL,
  `siteid` smallint(5) unsigned NOT NULL DEFAULT '0',
  PRIMARY KEY (`md5`,`siteid`)
) ENGINE=MyISAM DEFAULT CHARSET=utf8;

#
# Data for table "ly_collection_history"
#


#
# Structure for table "ly_collection_node"
#

DROP TABLE IF EXISTS `ly_collection_node`;
CREATE TABLE `ly_collection_node` (
  `nodeid` smallint(6) unsigned NOT NULL AUTO_INCREMENT,
  `name` varchar(20) NOT NULL,
  `lastdate` int(10) unsigned NOT NULL DEFAULT '0',
  `siteid` smallint(5) unsigned NOT NULL DEFAULT '0',
  `sourcecharset` varchar(8) NOT NULL,
  `sourcetype` tinyint(1) unsigned NOT NULL DEFAULT '0',
  `urlpage` text NOT NULL,
  `pagesize_start` tinyint(3) unsigned NOT NULL DEFAULT '0',
  `pagesize_end` mediumint(8) unsigned NOT NULL DEFAULT '0',
  `page_base` char(255) NOT NULL,
  `par_num` tinyint(3) unsigned NOT NULL DEFAULT '1',
  `url_contain` char(100) NOT NULL,
  `url_except` char(100) NOT NULL,
  `url_start` char(100) NOT NULL DEFAULT '',
  `url_end` char(100) NOT NULL DEFAULT '',
  `title_rule` char(100) NOT NULL,
  `title_html_rule` text NOT NULL,
  `author_rule` char(100) NOT NULL,
  `author_html_rule` text NOT NULL,
  `comeform_rule` char(100) NOT NULL,
  `comeform_html_rule` text NOT NULL,
  `time_rule` char(100) NOT NULL,
  `time_html_rule` text NOT NULL,
  `content_rule` char(100) NOT NULL,
  `content_html_rule` text NOT NULL,
  `content_page_start` char(100) NOT NULL,
  `content_page_end` char(100) NOT NULL,
  `content_page_rule` tinyint(1) unsigned NOT NULL DEFAULT '0',
  `content_page` tinyint(1) unsigned NOT NULL DEFAULT '0',
  `content_nextpage` char(100) NOT NULL,
  `down_attachment` tinyint(1) unsigned NOT NULL DEFAULT '0',
  `watermark` tinyint(1) unsigned NOT NULL DEFAULT '0',
  `coll_order` tinyint(3) unsigned NOT NULL DEFAULT '0',
  `customize_config` text NOT NULL,
  PRIMARY KEY (`nodeid`),
  KEY `siteid` (`siteid`)
) ENGINE=MyISAM DEFAULT CHARSET=utf8;

#
# Data for table "ly_collection_node"
#


#
# Structure for table "ly_collection_program"
#

DROP TABLE IF EXISTS `ly_collection_program`;
CREATE TABLE `ly_collection_program` (
  `id` int(10) unsigned NOT NULL AUTO_INCREMENT,
  `siteid` smallint(5) unsigned NOT NULL DEFAULT '0',
  `nodeid` int(10) unsigned NOT NULL DEFAULT '0',
  `modelid` mediumint(6) unsigned NOT NULL DEFAULT '0',
  `catid` int(10) unsigned NOT NULL DEFAULT '0',
  `config` text NOT NULL,
  PRIMARY KEY (`id`),
  KEY `siteid` (`siteid`),
  KEY `nodeid` (`nodeid`)
) ENGINE=MyISAM DEFAULT CHARSET=utf8;

#
# Data for table "ly_collection_program"
#


#
# Structure for table "ly_comment"
#

DROP TABLE IF EXISTS `ly_comment`;
CREATE TABLE `ly_comment` (
  `commentid` char(30) NOT NULL,
  `siteid` smallint(5) NOT NULL DEFAULT '0',
  `title` char(255) NOT NULL,
  `url` char(255) NOT NULL,
  `total` int(8) unsigned DEFAULT '0',
  `square` mediumint(8) unsigned DEFAULT '0',
  `anti` mediumint(8) unsigned DEFAULT '0',
  `neutral` mediumint(8) unsigned DEFAULT '0',
  `display_type` tinyint(1) DEFAULT '0',
  `tableid` mediumint(8) unsigned DEFAULT '0',
  `lastupdate` int(10) unsigned DEFAULT '0',
  PRIMARY KEY (`commentid`),
  KEY `lastupdate` (`lastupdate`),
  KEY `siteid` (`siteid`)
) ENGINE=MyISAM DEFAULT CHARSET=utf8;

#
# Data for table "ly_comment"
#


#
# Structure for table "ly_comment_check"
#

DROP TABLE IF EXISTS `ly_comment_check`;
CREATE TABLE `ly_comment_check` (
  `id` int(10) NOT NULL AUTO_INCREMENT,
  `comment_data_id` int(10) DEFAULT '0' COMMENT '论评ID号',
  `siteid` smallint(5) NOT NULL DEFAULT '0' COMMENT '站点ID',
  `tableid` mediumint(8) DEFAULT '0' COMMENT '数据存储表ID',
  PRIMARY KEY (`id`),
  KEY `siteid` (`siteid`),
  KEY `comment_data_id` (`comment_data_id`)
) ENGINE=MyISAM DEFAULT CHARSET=utf8;

#
# Data for table "ly_comment_check"
#


#
# Structure for table "ly_comment_data_1"
#

DROP TABLE IF EXISTS `ly_comment_data_1`;
CREATE TABLE `ly_comment_data_1` (
  `id` int(10) unsigned NOT NULL AUTO_INCREMENT COMMENT '评论ID',
  `commentid` char(30) NOT NULL DEFAULT '' COMMENT '评论ID号',
  `siteid` smallint(5) NOT NULL DEFAULT '0' COMMENT '站点ID',
  `userid` int(10) unsigned DEFAULT '0' COMMENT '用户ID',
  `username` varchar(20) DEFAULT NULL COMMENT '用户名',
  `creat_at` int(10) DEFAULT NULL COMMENT '发布时间',
  `ip` varchar(15) DEFAULT NULL COMMENT '用户IP地址',
  `status` tinyint(1) DEFAULT '0' COMMENT '评论状态{0:未审核,-1:未通过审核,1:通过审核}',
  `content` text COMMENT '评论内容',
  `direction` tinyint(1) DEFAULT '0' COMMENT '评论方向{0:无方向,1:正文,2:反方,3:中立}',
  `support` mediumint(8) unsigned DEFAULT '0' COMMENT '支持数',
  `reply` tinyint(1) NOT NULL DEFAULT '0' COMMENT '是否为回复',
  PRIMARY KEY (`id`),
  KEY `commentid` (`commentid`),
  KEY `direction` (`direction`),
  KEY `siteid` (`siteid`),
  KEY `support` (`support`)
) ENGINE=MyISAM DEFAULT CHARSET=utf8;

#
# Data for table "ly_comment_data_1"
#


#
# Structure for table "ly_comment_setting"
#

DROP TABLE IF EXISTS `ly_comment_setting`;
CREATE TABLE `ly_comment_setting` (
  `siteid` smallint(5) NOT NULL DEFAULT '0' COMMENT '站点ID',
  `guest` tinyint(1) DEFAULT '0' COMMENT '是否允许游客评论',
  `check` tinyint(1) DEFAULT '0' COMMENT '是否需要审核',
  `code` tinyint(1) DEFAULT '0' COMMENT '是否开启验证码',
  `add_point` tinyint(3) unsigned DEFAULT '0' COMMENT '添加的积分数',
  `del_point` tinyint(3) unsigned DEFAULT '0' COMMENT '扣除的积分数',
  PRIMARY KEY (`siteid`)
) ENGINE=MyISAM DEFAULT CHARSET=utf8;

#
# Data for table "ly_comment_setting"
#

/*!40000 ALTER TABLE `ly_comment_setting` DISABLE KEYS */;
INSERT INTO `ly_comment_setting` VALUES (1,1,1,1,110,110);
/*!40000 ALTER TABLE `ly_comment_setting` ENABLE KEYS */;

#
# Structure for table "ly_comment_table"
#

DROP TABLE IF EXISTS `ly_comment_table`;
CREATE TABLE `ly_comment_table` (
  `tableid` mediumint(8) NOT NULL AUTO_INCREMENT COMMENT '表ID号',
  `total` int(10) unsigned DEFAULT '0' COMMENT '数据总量',
  `creat_at` int(10) DEFAULT '0' COMMENT '创建时间',
  PRIMARY KEY (`tableid`)
) ENGINE=MyISAM AUTO_INCREMENT=2 DEFAULT CHARSET=utf8;

#
# Data for table "ly_comment_table"
#

/*!40000 ALTER TABLE `ly_comment_table` DISABLE KEYS */;
INSERT INTO `ly_comment_table` VALUES (1,0,0);
/*!40000 ALTER TABLE `ly_comment_table` ENABLE KEYS */;

#
# Structure for table "ly_content_check"
#

DROP TABLE IF EXISTS `ly_content_check`;
CREATE TABLE `ly_content_check` (
  `checkid` char(15) NOT NULL,
  `catid` smallint(5) unsigned NOT NULL DEFAULT '0',
  `siteid` smallint(5) unsigned NOT NULL DEFAULT '0',
  `title` char(80) NOT NULL,
  `username` char(20) NOT NULL,
  `inputtime` int(10) unsigned NOT NULL DEFAULT '0',
  `status` tinyint(1) unsigned NOT NULL DEFAULT '0',
  KEY `username` (`username`),
  KEY `checkid` (`checkid`),
  KEY `status` (`status`,`inputtime`)
) ENGINE=MyISAM DEFAULT CHARSET=utf8;

#
# Data for table "ly_content_check"
#

/*!40000 ALTER TABLE `ly_content_check` DISABLE KEYS */;
INSERT INTO `ly_content_check` VALUES ('c-42-1',10,1,'爱，流淌在心底的清溪','root',1512632095,99),('c-43-1',10,1,'景山少爷灵修集（第五篇）','root',1512632148,99),('c-44-1',10,1,'人们的眼光','root',1512632200,99),('c-45-1',10,1,'无标题','root',1512974384,99);
/*!40000 ALTER TABLE `ly_content_check` ENABLE KEYS */;

#
# Structure for table "ly_copyfrom"
#

DROP TABLE IF EXISTS `ly_copyfrom`;
CREATE TABLE `ly_copyfrom` (
  `id` smallint(5) unsigned NOT NULL AUTO_INCREMENT,
  `siteid` smallint(5) unsigned NOT NULL DEFAULT '0',
  `sitename` varchar(30) NOT NULL,
  `siteurl` varchar(100) NOT NULL,
  `thumb` varchar(100) NOT NULL,
  `listorder` smallint(5) unsigned NOT NULL DEFAULT '0',
  PRIMARY KEY (`id`)
) ENGINE=MyISAM DEFAULT CHARSET=utf8;

#
# Data for table "ly_copyfrom"
#


#
# Structure for table "ly_datacall"
#

DROP TABLE IF EXISTS `ly_datacall`;
CREATE TABLE `ly_datacall` (
  `id` int(10) NOT NULL AUTO_INCREMENT,
  `name` char(40) DEFAULT NULL,
  `dis_type` tinyint(1) unsigned DEFAULT '0',
  `type` tinyint(1) DEFAULT '0',
  `module` char(20) DEFAULT NULL,
  `action` char(20) DEFAULT NULL,
  `data` text,
  `template` text,
  `cache` mediumint(8) DEFAULT NULL,
  `num` smallint(6) unsigned DEFAULT NULL,
  PRIMARY KEY (`id`),
  KEY `type` (`type`)
) ENGINE=MyISAM DEFAULT CHARSET=utf8;

#
# Data for table "ly_datacall"
#


#
# Structure for table "ly_dbsource"
#

DROP TABLE IF EXISTS `ly_dbsource`;
CREATE TABLE `ly_dbsource` (
  `id` int(10) NOT NULL AUTO_INCREMENT,
  `siteid` smallint(5) unsigned NOT NULL DEFAULT '0',
  `name` varchar(50) NOT NULL,
  `host` varchar(20) NOT NULL,
  `port` int(5) NOT NULL DEFAULT '3306',
  `username` varchar(50) NOT NULL,
  `password` varchar(50) NOT NULL,
  `dbname` varchar(50) NOT NULL,
  `dbtablepre` varchar(30) NOT NULL,
  `charset` varchar(10) NOT NULL,
  PRIMARY KEY (`id`),
  KEY `siteid` (`siteid`)
) ENGINE=MyISAM DEFAULT CHARSET=utf8;

#
# Data for table "ly_dbsource"
#


#
# Structure for table "ly_download"
#

DROP TABLE IF EXISTS `ly_download`;
CREATE TABLE `ly_download` (
  `id` mediumint(8) unsigned NOT NULL AUTO_INCREMENT,
  `catid` smallint(5) unsigned NOT NULL DEFAULT '0',
  `typeid` smallint(5) unsigned NOT NULL,
  `title` char(80) NOT NULL DEFAULT '',
  `style` char(24) NOT NULL DEFAULT '',
  `thumb` varchar(100) NOT NULL DEFAULT '',
  `keywords` char(40) NOT NULL DEFAULT '',
  `description` char(255) NOT NULL DEFAULT '',
  `posids` tinyint(1) unsigned NOT NULL DEFAULT '0',
  `url` char(100) NOT NULL,
  `listorder` tinyint(3) unsigned NOT NULL DEFAULT '0',
  `status` tinyint(2) unsigned NOT NULL DEFAULT '1',
  `sysadd` tinyint(1) unsigned NOT NULL DEFAULT '0',
  `islink` tinyint(1) unsigned NOT NULL DEFAULT '0',
  `username` char(20) NOT NULL,
  `inputtime` int(10) unsigned NOT NULL DEFAULT '0',
  `updatetime` int(10) unsigned NOT NULL DEFAULT '0',
  `systems` varchar(100) NOT NULL DEFAULT 'Win2000/WinXP/Win2003',
  `copytype` varchar(15) NOT NULL DEFAULT '',
  `language` varchar(10) NOT NULL DEFAULT '',
  `classtype` varchar(20) NOT NULL DEFAULT '',
  `version` varchar(20) NOT NULL DEFAULT '',
  `filesize` varchar(10) NOT NULL DEFAULT 'Unkown',
  `stars` varchar(20) NOT NULL DEFAULT '',
  PRIMARY KEY (`id`),
  KEY `status` (`status`,`listorder`,`id`),
  KEY `listorder` (`catid`,`status`,`listorder`,`id`),
  KEY `catid` (`catid`,`status`,`id`)
) ENGINE=MyISAM DEFAULT CHARSET=utf8;

#
# Data for table "ly_download"
#


#
# Structure for table "ly_download_data"
#

DROP TABLE IF EXISTS `ly_download_data`;
CREATE TABLE `ly_download_data` (
  `id` mediumint(8) unsigned DEFAULT '0',
  `content` text NOT NULL,
  `readpoint` smallint(5) unsigned NOT NULL DEFAULT '0',
  `groupids_view` varchar(100) NOT NULL,
  `paginationtype` tinyint(1) NOT NULL,
  `maxcharperpage` mediumint(6) NOT NULL,
  `template` varchar(30) NOT NULL,
  `paytype` tinyint(1) unsigned NOT NULL DEFAULT '0',
  `relation` varchar(255) NOT NULL DEFAULT '',
  `allow_comment` tinyint(1) unsigned NOT NULL DEFAULT '1',
  `downfiles` mediumtext NOT NULL,
  `downfile` varchar(255) NOT NULL DEFAULT '',
  KEY `id` (`id`)
) ENGINE=MyISAM DEFAULT CHARSET=utf8;

#
# Data for table "ly_download_data"
#


#
# Structure for table "ly_downservers"
#

DROP TABLE IF EXISTS `ly_downservers`;
CREATE TABLE `ly_downservers` (
  `id` mediumint(8) NOT NULL AUTO_INCREMENT,
  `sitename` varchar(100) DEFAULT NULL,
  `siteurl` varchar(255) DEFAULT NULL,
  `listorder` smallint(5) unsigned NOT NULL DEFAULT '0',
  `siteid` smallint(5) unsigned NOT NULL DEFAULT '0',
  PRIMARY KEY (`id`)
) ENGINE=MyISAM DEFAULT CHARSET=utf8;

#
# Data for table "ly_downservers"
#


#
# Structure for table "ly_extend_setting"
#

DROP TABLE IF EXISTS `ly_extend_setting`;
CREATE TABLE `ly_extend_setting` (
  `id` smallint(5) unsigned NOT NULL AUTO_INCREMENT,
  `key` char(30) NOT NULL,
  `data` mediumtext,
  PRIMARY KEY (`id`),
  KEY `key` (`key`)
) ENGINE=MyISAM DEFAULT CHARSET=utf8;

#
# Data for table "ly_extend_setting"
#


#
# Structure for table "ly_favorite"
#

DROP TABLE IF EXISTS `ly_favorite`;
CREATE TABLE `ly_favorite` (
  `id` int(10) unsigned NOT NULL AUTO_INCREMENT,
  `userid` mediumint(8) unsigned NOT NULL DEFAULT '0',
  `title` char(100) NOT NULL,
  `url` char(100) NOT NULL,
  `adddate` int(10) unsigned NOT NULL DEFAULT '0',
  PRIMARY KEY (`id`),
  KEY `userid` (`userid`)
) ENGINE=MyISAM DEFAULT CHARSET=utf8;

#
# Data for table "ly_favorite"
#


#
# Structure for table "ly_hits"
#

DROP TABLE IF EXISTS `ly_hits`;
CREATE TABLE `ly_hits` (
  `hitsid` char(30) NOT NULL,
  `catid` smallint(5) unsigned NOT NULL DEFAULT '0',
  `views` int(10) unsigned NOT NULL DEFAULT '0',
  `yesterdayviews` int(10) unsigned NOT NULL DEFAULT '0',
  `dayviews` int(10) unsigned NOT NULL DEFAULT '0',
  `weekviews` int(10) unsigned NOT NULL DEFAULT '0',
  `monthviews` int(10) unsigned NOT NULL DEFAULT '0',
  `updatetime` int(10) unsigned NOT NULL DEFAULT '0',
  PRIMARY KEY (`hitsid`)
) ENGINE=MyISAM DEFAULT CHARSET=utf8;

#
# Data for table "ly_hits"
#

/*!40000 ALTER TABLE `ly_hits` DISABLE KEYS */;
INSERT INTO `ly_hits` VALUES ('c-1-1',9,0,0,0,0,0,1512008791),('c-1-10',10,0,0,0,0,0,1512351031),('c-1-11',10,0,0,0,0,0,1512351069),('c-1-12',10,0,0,0,0,0,1512351120),('c-1-13',10,0,0,0,0,0,1512351165),('c-1-15',9,0,0,0,0,0,1512367736),('c-1-16',9,0,0,0,0,0,1512367763),('c-1-17',9,0,0,0,0,0,1512367779),('c-1-18',9,0,0,0,0,0,1512367800),('c-1-19',17,0,0,0,0,0,1512367826),('c-1-2',10,5,0,5,5,5,1512112180),('c-1-20',17,0,0,0,0,0,1512367853),('c-1-21',18,0,0,0,0,0,1512367873),('c-1-22',18,0,0,0,0,0,1512367895),('c-1-23',18,0,0,0,0,0,1512367926),('c-1-24',18,0,0,0,0,0,1512367942),('c-1-25',18,0,0,0,0,0,1512367955),('c-1-26',18,0,0,0,0,0,1512367977),('c-1-27',18,0,0,0,0,0,1512367995),('c-1-28',18,0,0,0,0,0,1512368002),('c-1-29',18,5,2,3,5,5,1512438443),('c-1-3',11,1,0,1,1,1,1512114091),('c-1-30',18,9,4,5,9,9,1512438440),('c-1-31',16,3,0,3,3,3,1512435416),('c-1-32',16,1,0,1,1,1,1512435411),('c-1-33',15,0,0,0,0,0,1512368079),('c-1-34',15,0,0,0,0,0,1512368105),('c-1-35',22,0,0,0,0,0,1512436582),('c-1-36',22,0,0,0,0,0,1512436632),('c-1-37',21,0,0,0,0,0,1512436685),('c-1-38',21,0,0,0,0,0,1512436705),('c-1-39',20,0,0,0,0,0,1512436726),('c-1-4',12,1,0,1,1,1,1512114083),('c-1-40',20,0,0,0,0,0,1512437081),('c-1-41',10,0,0,0,0,0,1512545898),('c-1-42',10,0,0,0,0,0,1512632095),('c-1-43',10,0,0,0,0,0,1512632148),('c-1-44',10,0,0,0,0,0,1512632200),('c-1-45',10,0,0,0,0,0,1512974384),('c-1-46',24,0,0,0,0,0,1514183743),('c-1-47',24,0,0,0,0,0,1514183789),('c-1-48',25,0,0,0,0,0,1514185003),('c-1-49',25,0,0,0,0,0,1514185057),('c-1-5',10,2,0,2,2,2,1512109451),('c-1-50',26,0,0,0,0,0,1514202013),('c-1-51',26,0,0,0,0,0,1514202047),('c-1-52',27,0,0,0,0,0,1514202083),('c-1-53',27,0,0,0,0,0,1514202117),('c-1-54',28,0,0,0,0,0,1514202150),('c-1-55',29,0,0,0,0,0,1514202213),('c-1-56',29,0,0,0,0,0,1514202242),('c-1-57',30,0,0,0,0,0,1514202277),('c-1-58',30,0,0,0,0,0,1514202319),('c-1-59',31,0,0,0,0,0,1514202356),('c-1-6',13,1,0,1,1,1,1512114094),('c-1-60',31,0,0,0,0,0,1514202388),('c-1-61',24,0,0,0,0,0,1514248150),('c-1-62',24,0,0,0,0,0,1514248186),('c-1-63',24,0,0,0,0,0,1514248225),('c-1-64',24,0,0,0,0,0,1514248263),('c-1-65',24,0,0,0,0,0,1514248316),('c-1-66',24,0,0,0,0,0,1514248349),('c-1-7',10,0,0,0,0,0,1512350931),('c-1-8',10,0,0,0,0,0,1512350966),('c-1-9',10,0,0,0,0,0,1512351008);
/*!40000 ALTER TABLE `ly_hits` ENABLE KEYS */;

#
# Structure for table "ly_ipbanned"
#

DROP TABLE IF EXISTS `ly_ipbanned`;
CREATE TABLE `ly_ipbanned` (
  `ipbannedid` smallint(5) NOT NULL AUTO_INCREMENT,
  `ip` char(15) NOT NULL,
  `expires` int(10) unsigned NOT NULL DEFAULT '0',
  PRIMARY KEY (`ipbannedid`)
) ENGINE=MyISAM DEFAULT CHARSET=utf8;

#
# Data for table "ly_ipbanned"
#


#
# Structure for table "ly_keylink"
#

DROP TABLE IF EXISTS `ly_keylink`;
CREATE TABLE `ly_keylink` (
  `keylinkid` smallint(5) unsigned NOT NULL AUTO_INCREMENT,
  `word` char(40) NOT NULL,
  `url` char(100) NOT NULL,
  PRIMARY KEY (`keylinkid`)
) ENGINE=MyISAM DEFAULT CHARSET=utf8;

#
# Data for table "ly_keylink"
#


#
# Structure for table "ly_keyword"
#

DROP TABLE IF EXISTS `ly_keyword`;
CREATE TABLE `ly_keyword` (
  `id` int(10) unsigned NOT NULL AUTO_INCREMENT,
  `siteid` smallint(5) unsigned NOT NULL DEFAULT '0',
  `keyword` char(100) NOT NULL,
  `pinyin` char(100) NOT NULL,
  `videonum` int(11) NOT NULL DEFAULT '0',
  `searchnums` int(10) unsigned NOT NULL DEFAULT '0',
  PRIMARY KEY (`id`),
  KEY `keyword` (`keyword`,`siteid`)
) ENGINE=MyISAM AUTO_INCREMENT=75 DEFAULT CHARSET=utf8;

#
# Data for table "ly_keyword"
#

/*!40000 ALTER TABLE `ly_keyword` DISABLE KEYS */;
INSERT INTO `ly_keyword` VALUES (1,1,'路口','lukou',3,0),(2,1,'一人','yiren',1,0),(3,1,'一心','yixin',1,0),(4,1,'世界','shijie',1,0),(5,1,'故事','gushi',3,0),(6,1,'减肥','jianfei',1,0),(7,1,'围巾','weijin',1,0),(8,1,'守望，冬天的路口路口','shouwangdongtiandelukoulukou',1,0),(9,1,'画地为牢，美了守望','huadiweilaomeiliaoshouwang',1,0),(10,1,'小姐姐','xiaojiejie',1,0),(11,1,'花香','huaxiang',2,0),(12,1,'烟火','yanhuo',2,0),(13,1,'长情的相依','changqingdexiangyi',1,0),(14,1,'蝶恋花','dielianhua',2,0),(15,1,'封信','fengxin',1,0),(16,1,'好帅','haoshuai',1,0),(17,1,'经典','jingdian',1,0),(18,1,'语句','yuju',1,0),(19,1,'心愿','xinyuan',1,0),(20,1,'遇见，别问是劫是缘','yujianbiewenshijieshiyuan',1,0),(21,1,'只是','zhishi',3,0),(22,1,'人生','rensheng',4,0),(23,1,'落叶','luoye',4,0),(24,1,'姑娘','guniang',2,0),(25,1,'三个','sange',2,0),(26,1,'花季花季花季','huajihuajihuaji',2,0),(27,1,'牛其力','niuqili',2,0),(28,1,'而安','eran',3,0),(29,1,'地方','difang',2,0),(30,1,'水墨','shuimo',2,0),(31,1,'人间','renjian',2,0),(32,1,'烟花','yanhua',2,0),(33,1,'月满西楼','yuemanxilou',3,0),(34,1,'兰舟','lanzhou',2,0),(35,1,'我','wo',2,0),(36,1,'暖意','nuanyi',2,0),(37,1,'dfd','dfd',2,0),(38,1,'清溪','qingxi',5,0),(39,1,'风声','fengsheng',2,0),(40,1,'光阴','guangyin',2,0),(41,1,'季节','jijie',2,0),(42,1,'花开','huakai',2,0),(43,1,'生命','shengming',2,0),(44,1,'第二次','dierci',2,0),(45,1,'尘在外，心在内，这场爱恋','chenzaiwaixinzaineizhechangailian',2,0),(46,1,'味道','weidao',2,0),(47,1,'阳光','yangguang',4,0),(48,1,'岁月','suiyue',2,0),(49,1,'晴天','qingtian',1,0),(50,1,'眼光','yanguang',1,0),(51,1,'人们','renmen',1,0),(52,1,'标题','biaoti',1,0),(53,1,'内心','neixin',1,0),(54,1,'秋思','qiusi',1,0),(55,1,'红叶','hongye',1,0),(56,1,'一数','yishu',1,0),(57,1,'宿命','suming',1,0),(58,1,'情缘','qingyuan',1,0),(59,1,'色情','seqing',1,0),(60,1,'姐姐','jiejie',1,0),(61,1,'故乡','guxiang',1,0),(62,1,'冬日里面的微笑','dongrilimiandeweixiao',1,0),(63,1,'白晓君','baixiaojun',1,0),(64,1,'棋子','qizi',3,0),(65,1,'哲理','zheli',1,0),(66,1,'诗歌','shige',1,0),(67,1,'命运','mingyun',2,0),(68,1,'昙花','zuohua',1,0),(69,1,'青春','qingchun',1,0),(70,1,'风景','fengjing',1,0),(71,1,'奋斗，从今天开始','fendoucongjintiankaishi',1,0),(72,1,'公司','gongsi',1,0),(73,1,'职场','zhichang',1,0),(74,1,'不要被生活绑架了你','buyaobeishenghuobangjialiaoni',1,0);
/*!40000 ALTER TABLE `ly_keyword` ENABLE KEYS */;

#
# Structure for table "ly_keyword_data"
#

DROP TABLE IF EXISTS `ly_keyword_data`;
CREATE TABLE `ly_keyword_data` (
  `id` int(10) unsigned NOT NULL AUTO_INCREMENT,
  `tagid` int(10) unsigned NOT NULL DEFAULT '0',
  `siteid` smallint(5) unsigned NOT NULL DEFAULT '0',
  `contentid` char(30) NOT NULL,
  PRIMARY KEY (`id`),
  KEY `tagid` (`tagid`,`siteid`)
) ENGINE=MyISAM AUTO_INCREMENT=91 DEFAULT CHARSET=utf8;

#
# Data for table "ly_keyword_data"
#

/*!40000 ALTER TABLE `ly_keyword_data` DISABLE KEYS */;
INSERT INTO `ly_keyword_data` VALUES (1,1,1,'1-1'),(2,2,1,'2-1'),(3,3,1,'2-1'),(4,4,1,'2-1'),(5,5,1,'3-1'),(6,5,1,'4-1'),(7,6,1,'5-1'),(8,7,1,'6-1'),(9,5,1,'6-1'),(10,8,1,'7-1'),(11,9,1,'8-1'),(12,10,1,'9-1'),(13,11,1,'10-1'),(14,12,1,'10-1'),(15,13,1,'11-1'),(16,14,1,'12-1'),(17,15,1,'13-1'),(18,1,1,'15-1'),(19,16,1,'16-1'),(20,17,1,'16-1'),(21,18,1,'16-1'),(22,19,1,'17-1'),(23,20,1,'18-1'),(24,21,1,'19-1'),(25,22,1,'19-1'),(26,23,1,'20-1'),(27,24,1,'21-1'),(28,25,1,'21-1'),(29,26,1,'22-1'),(30,27,1,'23-1'),(31,28,1,'24-1'),(32,29,1,'25-1'),(33,30,1,'26-1'),(34,31,1,'27-1'),(35,32,1,'28-1'),(36,23,1,'29-1'),(37,33,1,'30-1'),(38,34,1,'31-1'),(39,35,1,'32-1'),(40,36,1,'33-1'),(41,37,1,'34-1'),(42,38,1,'35-1'),(43,39,1,'36-1'),(44,40,1,'36-1'),(45,41,1,'36-1'),(46,42,1,'37-1'),(47,43,1,'37-1'),(48,44,1,'37-1'),(49,45,1,'38-1'),(50,46,1,'39-1'),(51,47,1,'39-1'),(52,48,1,'40-1'),(53,47,1,'40-1'),(54,49,1,'41-1'),(55,38,1,'42-1'),(56,38,1,'43-1'),(57,50,1,'44-1'),(58,51,1,'44-1'),(59,52,1,'45-1'),(60,38,1,'46-1'),(61,1,1,'47-1'),(62,53,1,'48-1'),(63,54,1,'49-1'),(64,55,1,'49-1'),(65,56,1,'50-1'),(66,57,1,'51-1'),(67,58,1,'51-1'),(68,59,1,'52-1'),(69,60,1,'52-1'),(70,61,1,'53-1'),(71,62,1,'54-1'),(72,63,1,'55-1'),(73,11,1,'56-1'),(74,12,1,'56-1'),(75,64,1,'57-1'),(76,65,1,'57-1'),(77,66,1,'57-1'),(78,64,1,'58-1'),(79,67,1,'58-1'),(80,64,1,'59-1'),(81,67,1,'59-1'),(82,68,1,'60-1'),(83,69,1,'60-1'),(84,70,1,'61-1'),(85,22,1,'61-1'),(86,14,1,'62-1'),(87,71,1,'63-1'),(88,72,1,'64-1'),(89,73,1,'65-1'),(90,74,1,'66-1');
/*!40000 ALTER TABLE `ly_keyword_data` ENABLE KEYS */;

#
# Structure for table "ly_link"
#

DROP TABLE IF EXISTS `ly_link`;
CREATE TABLE `ly_link` (
  `linkid` smallint(5) unsigned NOT NULL AUTO_INCREMENT,
  `siteid` smallint(5) unsigned DEFAULT '0',
  `typeid` smallint(5) unsigned NOT NULL DEFAULT '0',
  `linktype` tinyint(1) unsigned NOT NULL DEFAULT '0',
  `name` varchar(50) NOT NULL DEFAULT '',
  `url` varchar(255) NOT NULL DEFAULT '',
  `logo` varchar(255) NOT NULL DEFAULT '',
  `introduce` text NOT NULL,
  `username` varchar(30) NOT NULL DEFAULT '',
  `listorder` smallint(5) unsigned NOT NULL DEFAULT '0',
  `elite` tinyint(1) unsigned NOT NULL DEFAULT '0',
  `passed` tinyint(1) unsigned NOT NULL DEFAULT '0',
  `addtime` int(10) unsigned NOT NULL DEFAULT '0',
  PRIMARY KEY (`linkid`),
  KEY `typeid` (`typeid`,`passed`,`listorder`,`linkid`)
) ENGINE=MyISAM AUTO_INCREMENT=3 DEFAULT CHARSET=utf8;

#
# Data for table "ly_link"
#

/*!40000 ALTER TABLE `ly_link` DISABLE KEYS */;
INSERT INTO `ly_link` VALUES (1,1,0,1,'PHPCMS','http://www.phpcms.cn','http://www.phpcms.cn/images/logo_88_31.gif','','',0,0,1,1511926464),(2,1,0,1,'盛大在线','http://www.sdo.com','http://www.snda.com/cn/logo/comp_logo_sdo.gif','','',0,0,1,1511926464);
/*!40000 ALTER TABLE `ly_link` ENABLE KEYS */;

#
# Structure for table "ly_linkage"
#

DROP TABLE IF EXISTS `ly_linkage`;
CREATE TABLE `ly_linkage` (
  `linkageid` smallint(5) unsigned NOT NULL AUTO_INCREMENT,
  `name` varchar(30) NOT NULL,
  `style` varchar(35) NOT NULL,
  `parentid` smallint(5) unsigned NOT NULL DEFAULT '0',
  `child` tinyint(1) NOT NULL,
  `arrchildid` mediumtext NOT NULL,
  `keyid` smallint(5) unsigned NOT NULL DEFAULT '0',
  `listorder` smallint(5) unsigned NOT NULL DEFAULT '0',
  `description` varchar(255) DEFAULT NULL,
  `setting` varchar(255) DEFAULT NULL,
  `siteid` smallint(5) NOT NULL DEFAULT '0',
  PRIMARY KEY (`linkageid`,`keyid`),
  KEY `parentid` (`parentid`,`listorder`)
) ENGINE=MyISAM AUTO_INCREMENT=3360 DEFAULT CHARSET=utf8;

#
# Data for table "ly_linkage"
#

/*!40000 ALTER TABLE `ly_linkage` DISABLE KEYS */;
INSERT INTO `ly_linkage` VALUES (1,'中国','1',0,0,'',0,0,'',NULL,0),(2,'北京市','0',0,0,'',1,0,'',NULL,0),(3,'上海市','0',0,0,'',1,0,'',NULL,0),(4,'天津市','0',0,0,'',1,0,'',NULL,0),(5,'重庆市','0',0,0,'',1,0,'',NULL,0),(6,'河北省','0',0,0,'',1,0,'',NULL,0),(7,'山西省','0',0,0,'',1,0,'',NULL,0),(8,'内蒙古','0',0,0,'',1,0,'',NULL,0),(9,'辽宁省','0',0,0,'',1,0,'',NULL,0),(10,'吉林省','0',0,0,'',1,0,'',NULL,0),(11,'黑龙江省','0',0,0,'',1,0,'',NULL,0),(12,'江苏省','0',0,0,'',1,0,'',NULL,0),(13,'浙江省','0',0,0,'',1,0,'',NULL,0),(14,'安徽省','0',0,0,'',1,0,'',NULL,0),(15,'福建省','0',0,0,'',1,0,'',NULL,0),(16,'江西省','0',0,0,'',1,0,'',NULL,0),(17,'山东省','0',0,0,'',1,0,'',NULL,0),(18,'河南省','0',0,0,'',1,0,'',NULL,0),(19,'湖北省','0',0,0,'',1,0,'',NULL,0),(20,'湖南省','0',0,0,'',1,0,'',NULL,0),(21,'广东省','0',0,0,'',1,0,'',NULL,0),(22,'广西','0',0,0,'',1,0,'',NULL,0),(23,'海南省','0',0,0,'',1,0,'',NULL,0),(24,'四川省','0',0,0,'',1,0,'',NULL,0),(25,'贵州省','0',0,0,'',1,0,'',NULL,0),(26,'云南省','0',0,0,'',1,0,'',NULL,0),(27,'西藏','0',0,0,'',1,0,'',NULL,0),(28,'陕西省','0',0,0,'',1,0,'',NULL,0),(29,'甘肃省','0',0,0,'',1,0,'',NULL,0),(30,'青海省','0',0,0,'',1,0,'',NULL,0),(31,'宁夏','0',0,0,'',1,0,'',NULL,0),(32,'新疆','0',0,0,'',1,0,'',NULL,0),(33,'台湾省','0',0,0,'',1,0,'',NULL,0),(34,'香港','0',0,0,'',1,0,'',NULL,0),(35,'澳门','0',0,0,'',1,0,'',NULL,0),(36,'东城区','0',2,0,'',1,0,'',NULL,0),(37,'西城区','0',2,0,'',1,0,'',NULL,0),(38,'崇文区','0',2,0,'',1,0,'',NULL,0),(39,'宣武区','0',2,0,'',1,0,'',NULL,0),(40,'朝阳区','0',2,0,'',1,0,'',NULL,0),(41,'石景山区','0',2,0,'',1,0,'',NULL,0),(42,'海淀区','0',2,0,'',1,0,'',NULL,0),(43,'门头沟区','0',2,0,'',1,0,'',NULL,0),(44,'房山区','0',2,0,'',1,0,'',NULL,0),(45,'通州区','0',2,0,'',1,0,'',NULL,0),(46,'顺义区','0',2,0,'',1,0,'',NULL,0),(47,'昌平区','0',2,0,'',1,0,'',NULL,0),(48,'大兴区','0',2,0,'',1,0,'',NULL,0),(49,'怀柔区','0',2,0,'',1,0,'',NULL,0),(50,'平谷区','0',2,0,'',1,0,'',NULL,0),(51,'密云县','0',2,0,'',1,0,'',NULL,0),(52,'延庆县','0',2,0,'',1,0,'',NULL,0),(53,'黄浦区','0',3,0,'',1,0,'',NULL,0),(54,'卢湾区','0',3,0,'',1,0,'',NULL,0),(55,'徐汇区','0',3,0,'',1,0,'',NULL,0),(56,'长宁区','0',3,0,'',1,0,'',NULL,0),(57,'静安区','0',3,0,'',1,0,'',NULL,0),(58,'普陀区','0',3,0,'',1,0,'',NULL,0),(59,'闸北区','0',3,0,'',1,0,'',NULL,0),(60,'虹口区','0',3,0,'',1,0,'',NULL,0),(61,'杨浦区','0',3,0,'',1,0,'',NULL,0),(62,'闵行区','0',3,0,'',1,0,'',NULL,0),(63,'宝山区','0',3,0,'',1,0,'',NULL,0),(64,'嘉定区','0',3,0,'',1,0,'',NULL,0),(65,'浦东新区','0',3,0,'',1,0,'',NULL,0),(66,'金山区','0',3,0,'',1,0,'',NULL,0),(67,'松江区','0',3,0,'',1,0,'',NULL,0),(68,'青浦区','0',3,0,'',1,0,'',NULL,0),(69,'南汇区','0',3,0,'',1,0,'',NULL,0),(70,'奉贤区','0',3,0,'',1,0,'',NULL,0),(71,'崇明县','0',3,0,'',1,0,'',NULL,0),(72,'和平区','0',4,0,'',1,0,'',NULL,0),(73,'河东区','0',4,0,'',1,0,'',NULL,0),(74,'河西区','0',4,0,'',1,0,'',NULL,0),(75,'南开区','0',4,0,'',1,0,'',NULL,0),(76,'河北区','0',4,0,'',1,0,'',NULL,0),(77,'红桥区','0',4,0,'',1,0,'',NULL,0),(78,'塘沽区','0',4,0,'',1,0,'',NULL,0),(79,'汉沽区','0',4,0,'',1,0,'',NULL,0),(80,'大港区','0',4,0,'',1,0,'',NULL,0),(81,'东丽区','0',4,0,'',1,0,'',NULL,0),(82,'西青区','0',4,0,'',1,0,'',NULL,0),(83,'津南区','0',4,0,'',1,0,'',NULL,0),(84,'北辰区','0',4,0,'',1,0,'',NULL,0),(85,'武清区','0',4,0,'',1,0,'',NULL,0),(86,'宝坻区','0',4,0,'',1,0,'',NULL,0),(87,'宁河县','0',4,0,'',1,0,'',NULL,0),(88,'静海县','0',4,0,'',1,0,'',NULL,0),(89,'蓟县','0',4,0,'',1,0,'',NULL,0),(90,'万州区','0',5,0,'',1,0,'',NULL,0),(91,'涪陵区','0',5,0,'',1,0,'',NULL,0),(92,'渝中区','0',5,0,'',1,0,'',NULL,0),(93,'大渡口区','0',5,0,'',1,0,'',NULL,0),(94,'江北区','0',5,0,'',1,0,'',NULL,0),(95,'沙坪坝区','0',5,0,'',1,0,'',NULL,0),(96,'九龙坡区','0',5,0,'',1,0,'',NULL,0),(97,'南岸区','0',5,0,'',1,0,'',NULL,0),(98,'北碚区','0',5,0,'',1,0,'',NULL,0),(99,'万盛区','0',5,0,'',1,0,'',NULL,0),(100,'双桥区','0',5,0,'',1,0,'',NULL,0),(101,'渝北区','0',5,0,'',1,0,'',NULL,0),(102,'巴南区','0',5,0,'',1,0,'',NULL,0),(103,'黔江区','0',5,0,'',1,0,'',NULL,0),(104,'长寿区','0',5,0,'',1,0,'',NULL,0),(105,'綦江县','0',5,0,'',1,0,'',NULL,0),(106,'潼南县','0',5,0,'',1,0,'',NULL,0),(107,'铜梁县','0',5,0,'',1,0,'',NULL,0),(108,'大足县','0',5,0,'',1,0,'',NULL,0),(109,'荣昌县','0',5,0,'',1,0,'',NULL,0),(110,'璧山县','0',5,0,'',1,0,'',NULL,0),(111,'梁平县','0',5,0,'',1,0,'',NULL,0),(112,'城口县','0',5,0,'',1,0,'',NULL,0),(113,'丰都县','0',5,0,'',1,0,'',NULL,0),(114,'垫江县','0',5,0,'',1,0,'',NULL,0),(115,'武隆县','0',5,0,'',1,0,'',NULL,0),(116,'忠县','0',5,0,'',1,0,'',NULL,0),(117,'开县','0',5,0,'',1,0,'',NULL,0),(118,'云阳县','0',5,0,'',1,0,'',NULL,0),(119,'奉节县','0',5,0,'',1,0,'',NULL,0),(120,'巫山县','0',5,0,'',1,0,'',NULL,0),(121,'巫溪县','0',5,0,'',1,0,'',NULL,0),(122,'石柱县','0',5,0,'',1,0,'',NULL,0),(123,'秀山县','0',5,0,'',1,0,'',NULL,0),(124,'酉阳县','0',5,0,'',1,0,'',NULL,0),(125,'彭水县','0',5,0,'',1,0,'',NULL,0),(126,'江津区','0',5,0,'',1,0,'',NULL,0),(127,'合川区','0',5,0,'',1,0,'',NULL,0),(128,'永川区','0',5,0,'',1,0,'',NULL,0),(129,'南川区','0',5,0,'',1,0,'',NULL,0),(130,'石家庄市','0',6,0,'',1,0,'',NULL,0),(131,'唐山市','0',6,0,'',1,0,'',NULL,0),(132,'秦皇岛市','0',6,0,'',1,0,'',NULL,0),(133,'邯郸市','0',6,0,'',1,0,'',NULL,0),(134,'邢台市','0',6,0,'',1,0,'',NULL,0),(135,'保定市','0',6,0,'',1,0,'',NULL,0),(136,'张家口市','0',6,0,'',1,0,'',NULL,0),(137,'承德市','0',6,0,'',1,0,'',NULL,0),(138,'沧州市','0',6,0,'',1,0,'',NULL,0),(139,'廊坊市','0',6,0,'',1,0,'',NULL,0),(140,'衡水市','0',6,0,'',1,0,'',NULL,0),(141,'太原市','0',7,0,'',1,0,'',NULL,0),(142,'大同市','0',7,0,'',1,0,'',NULL,0),(143,'阳泉市','0',7,0,'',1,0,'',NULL,0),(144,'长治市','0',7,0,'',1,0,'',NULL,0),(145,'晋城市','0',7,0,'',1,0,'',NULL,0),(146,'朔州市','0',7,0,'',1,0,'',NULL,0),(147,'晋中市','0',7,0,'',1,0,'',NULL,0),(148,'运城市','0',7,0,'',1,0,'',NULL,0),(149,'忻州市','0',7,0,'',1,0,'',NULL,0),(150,'临汾市','0',7,0,'',1,0,'',NULL,0),(151,'吕梁市','0',7,0,'',1,0,'',NULL,0),(152,'呼和浩特市','0',8,0,'',1,0,'',NULL,0),(153,'包头市','0',8,0,'',1,0,'',NULL,0),(154,'乌海市','0',8,0,'',1,0,'',NULL,0),(155,'赤峰市','0',8,0,'',1,0,'',NULL,0),(156,'通辽市','0',8,0,'',1,0,'',NULL,0),(157,'鄂尔多斯市','0',8,0,'',1,0,'',NULL,0),(158,'呼伦贝尔市','0',8,0,'',1,0,'',NULL,0),(159,'巴彦淖尔市','0',8,0,'',1,0,'',NULL,0),(160,'乌兰察布市','0',8,0,'',1,0,'',NULL,0),(161,'兴安盟','0',8,0,'',1,0,'',NULL,0),(162,'锡林郭勒盟','0',8,0,'',1,0,'',NULL,0),(163,'阿拉善盟','0',8,0,'',1,0,'',NULL,0),(164,'沈阳市','0',9,0,'',1,0,'',NULL,0),(165,'大连市','0',9,0,'',1,0,'',NULL,0),(166,'鞍山市','0',9,0,'',1,0,'',NULL,0),(167,'抚顺市','0',9,0,'',1,0,'',NULL,0),(168,'本溪市','0',9,0,'',1,0,'',NULL,0),(169,'丹东市','0',9,0,'',1,0,'',NULL,0),(170,'锦州市','0',9,0,'',1,0,'',NULL,0),(171,'营口市','0',9,0,'',1,0,'',NULL,0),(172,'阜新市','0',9,0,'',1,0,'',NULL,0),(173,'辽阳市','0',9,0,'',1,0,'',NULL,0),(174,'盘锦市','0',9,0,'',1,0,'',NULL,0),(175,'铁岭市','0',9,0,'',1,0,'',NULL,0),(176,'朝阳市','0',9,0,'',1,0,'',NULL,0),(177,'葫芦岛市','0',9,0,'',1,0,'',NULL,0),(178,'长春市','0',10,0,'',1,0,'',NULL,0),(179,'吉林市','0',10,0,'',1,0,'',NULL,0),(180,'四平市','0',10,0,'',1,0,'',NULL,0),(181,'辽源市','0',10,0,'',1,0,'',NULL,0),(182,'通化市','0',10,0,'',1,0,'',NULL,0),(183,'白山市','0',10,0,'',1,0,'',NULL,0),(184,'松原市','0',10,0,'',1,0,'',NULL,0),(185,'白城市','0',10,0,'',1,0,'',NULL,0),(186,'延边','0',10,0,'',1,0,'',NULL,0),(187,'哈尔滨市','0',11,0,'',1,0,'',NULL,0),(188,'齐齐哈尔市','0',11,0,'',1,0,'',NULL,0),(189,'鸡西市','0',11,0,'',1,0,'',NULL,0),(190,'鹤岗市','0',11,0,'',1,0,'',NULL,0),(191,'双鸭山市','0',11,0,'',1,0,'',NULL,0),(192,'大庆市','0',11,0,'',1,0,'',NULL,0),(193,'伊春市','0',11,0,'',1,0,'',NULL,0),(194,'佳木斯市','0',11,0,'',1,0,'',NULL,0),(195,'七台河市','0',11,0,'',1,0,'',NULL,0),(196,'牡丹江市','0',11,0,'',1,0,'',NULL,0),(197,'黑河市','0',11,0,'',1,0,'',NULL,0),(198,'绥化市','0',11,0,'',1,0,'',NULL,0),(199,'大兴安岭地区','0',11,0,'',1,0,'',NULL,0),(200,'南京市','0',12,0,'',1,0,'',NULL,0),(201,'无锡市','0',12,0,'',1,0,'',NULL,0),(202,'徐州市','0',12,0,'',1,0,'',NULL,0),(203,'常州市','0',12,0,'',1,0,'',NULL,0),(204,'苏州市','0',12,0,'',1,0,'',NULL,0),(205,'南通市','0',12,0,'',1,0,'',NULL,0),(206,'连云港市','0',12,0,'',1,0,'',NULL,0),(207,'淮安市','0',12,0,'',1,0,'',NULL,0),(208,'盐城市','0',12,0,'',1,0,'',NULL,0),(209,'扬州市','0',12,0,'',1,0,'',NULL,0),(210,'镇江市','0',12,0,'',1,0,'',NULL,0),(211,'泰州市','0',12,0,'',1,0,'',NULL,0),(212,'宿迁市','0',12,0,'',1,0,'',NULL,0),(213,'杭州市','0',13,0,'',1,0,'',NULL,0),(214,'宁波市','0',13,0,'',1,0,'',NULL,0),(215,'温州市','0',13,0,'',1,0,'',NULL,0),(216,'嘉兴市','0',13,0,'',1,0,'',NULL,0),(217,'湖州市','0',13,0,'',1,0,'',NULL,0),(218,'绍兴市','0',13,0,'',1,0,'',NULL,0),(219,'金华市','0',13,0,'',1,0,'',NULL,0),(220,'衢州市','0',13,0,'',1,0,'',NULL,0),(221,'舟山市','0',13,0,'',1,0,'',NULL,0),(222,'台州市','0',13,0,'',1,0,'',NULL,0),(223,'丽水市','0',13,0,'',1,0,'',NULL,0),(224,'合肥市','0',14,0,'',1,0,'',NULL,0),(225,'芜湖市','0',14,0,'',1,0,'',NULL,0),(226,'蚌埠市','0',14,0,'',1,0,'',NULL,0),(227,'淮南市','0',14,0,'',1,0,'',NULL,0),(228,'马鞍山市','0',14,0,'',1,0,'',NULL,0),(229,'淮北市','0',14,0,'',1,0,'',NULL,0),(230,'铜陵市','0',14,0,'',1,0,'',NULL,0),(231,'安庆市','0',14,0,'',1,0,'',NULL,0),(232,'黄山市','0',14,0,'',1,0,'',NULL,0),(233,'滁州市','0',14,0,'',1,0,'',NULL,0),(234,'阜阳市','0',14,0,'',1,0,'',NULL,0),(235,'宿州市','0',14,0,'',1,0,'',NULL,0),(236,'巢湖市','0',14,0,'',1,0,'',NULL,0),(237,'六安市','0',14,0,'',1,0,'',NULL,0),(238,'亳州市','0',14,0,'',1,0,'',NULL,0),(239,'池州市','0',14,0,'',1,0,'',NULL,0),(240,'宣城市','0',14,0,'',1,0,'',NULL,0),(241,'福州市','0',15,0,'',1,0,'',NULL,0),(242,'厦门市','0',15,0,'',1,0,'',NULL,0),(243,'莆田市','0',15,0,'',1,0,'',NULL,0),(244,'三明市','0',15,0,'',1,0,'',NULL,0),(245,'泉州市','0',15,0,'',1,0,'',NULL,0),(246,'漳州市','0',15,0,'',1,0,'',NULL,0),(247,'南平市','0',15,0,'',1,0,'',NULL,0),(248,'龙岩市','0',15,0,'',1,0,'',NULL,0),(249,'宁德市','0',15,0,'',1,0,'',NULL,0),(250,'南昌市','0',16,0,'',1,0,'',NULL,0),(251,'景德镇市','0',16,0,'',1,0,'',NULL,0),(252,'萍乡市','0',16,0,'',1,0,'',NULL,0),(253,'九江市','0',16,0,'',1,0,'',NULL,0),(254,'新余市','0',16,0,'',1,0,'',NULL,0),(255,'鹰潭市','0',16,0,'',1,0,'',NULL,0),(256,'赣州市','0',16,0,'',1,0,'',NULL,0),(257,'吉安市','0',16,0,'',1,0,'',NULL,0),(258,'宜春市','0',16,0,'',1,0,'',NULL,0),(259,'抚州市','0',16,0,'',1,0,'',NULL,0),(260,'上饶市','0',16,0,'',1,0,'',NULL,0),(261,'济南市','0',17,0,'',1,0,'',NULL,0),(262,'青岛市','0',17,0,'',1,0,'',NULL,0),(263,'淄博市','0',17,0,'',1,0,'',NULL,0),(264,'枣庄市','0',17,0,'',1,0,'',NULL,0),(265,'东营市','0',17,0,'',1,0,'',NULL,0),(266,'烟台市','0',17,0,'',1,0,'',NULL,0),(267,'潍坊市','0',17,0,'',1,0,'',NULL,0),(268,'济宁市','0',17,0,'',1,0,'',NULL,0),(269,'泰安市','0',17,0,'',1,0,'',NULL,0),(270,'威海市','0',17,0,'',1,0,'',NULL,0),(271,'日照市','0',17,0,'',1,0,'',NULL,0),(272,'莱芜市','0',17,0,'',1,0,'',NULL,0),(273,'临沂市','0',17,0,'',1,0,'',NULL,0),(274,'德州市','0',17,0,'',1,0,'',NULL,0),(275,'聊城市','0',17,0,'',1,0,'',NULL,0),(276,'滨州市','0',17,0,'',1,0,'',NULL,0),(277,'荷泽市','0',17,0,'',1,0,'',NULL,0),(278,'郑州市','0',18,0,'',1,0,'',NULL,0),(279,'开封市','0',18,0,'',1,0,'',NULL,0),(280,'洛阳市','0',18,0,'',1,0,'',NULL,0),(281,'平顶山市','0',18,0,'',1,0,'',NULL,0),(282,'安阳市','0',18,0,'',1,0,'',NULL,0),(283,'鹤壁市','0',18,0,'',1,0,'',NULL,0),(284,'新乡市','0',18,0,'',1,0,'',NULL,0),(285,'焦作市','0',18,0,'',1,0,'',NULL,0),(286,'濮阳市','0',18,0,'',1,0,'',NULL,0),(287,'许昌市','0',18,0,'',1,0,'',NULL,0),(288,'漯河市','0',18,0,'',1,0,'',NULL,0),(289,'三门峡市','0',18,0,'',1,0,'',NULL,0),(290,'南阳市','0',18,0,'',1,0,'',NULL,0),(291,'商丘市','0',18,0,'',1,0,'',NULL,0),(292,'信阳市','0',18,0,'',1,0,'',NULL,0),(293,'周口市','0',18,0,'',1,0,'',NULL,0),(294,'驻马店市','0',18,0,'',1,0,'',NULL,0),(295,'武汉市','0',19,0,'',1,0,'',NULL,0),(296,'黄石市','0',19,0,'',1,0,'',NULL,0),(297,'十堰市','0',19,0,'',1,0,'',NULL,0),(298,'宜昌市','0',19,0,'',1,0,'',NULL,0),(299,'襄樊市','0',19,0,'',1,0,'',NULL,0),(300,'鄂州市','0',19,0,'',1,0,'',NULL,0),(301,'荆门市','0',19,0,'',1,0,'',NULL,0),(302,'孝感市','0',19,0,'',1,0,'',NULL,0),(303,'荆州市','0',19,0,'',1,0,'',NULL,0),(304,'黄冈市','0',19,0,'',1,0,'',NULL,0),(305,'咸宁市','0',19,0,'',1,0,'',NULL,0),(306,'随州市','0',19,0,'',1,0,'',NULL,0),(307,'恩施土家族苗族自治州','0',19,0,'',1,0,'',NULL,0),(308,'仙桃市','0',19,0,'',1,0,'',NULL,0),(309,'潜江市','0',19,0,'',1,0,'',NULL,0),(310,'天门市','0',19,0,'',1,0,'',NULL,0),(311,'神农架林区','0',19,0,'',1,0,'',NULL,0),(312,'长沙市','0',20,0,'',1,0,'',NULL,0),(313,'株洲市','0',20,0,'',1,0,'',NULL,0),(314,'湘潭市','0',20,0,'',1,0,'',NULL,0),(315,'衡阳市','0',20,0,'',1,0,'',NULL,0),(316,'邵阳市','0',20,0,'',1,0,'',NULL,0),(317,'岳阳市','0',20,0,'',1,0,'',NULL,0),(318,'常德市','0',20,0,'',1,0,'',NULL,0),(319,'张家界市','0',20,0,'',1,0,'',NULL,0),(320,'益阳市','0',20,0,'',1,0,'',NULL,0),(321,'郴州市','0',20,0,'',1,0,'',NULL,0),(322,'永州市','0',20,0,'',1,0,'',NULL,0),(323,'怀化市','0',20,0,'',1,0,'',NULL,0),(324,'娄底市','0',20,0,'',1,0,'',NULL,0),(325,'湘西土家族苗族自治州','0',20,0,'',1,0,'',NULL,0),(326,'广州市','0',21,0,'',1,0,'',NULL,0),(327,'韶关市','0',21,0,'',1,0,'',NULL,0),(328,'深圳市','0',21,0,'',1,0,'',NULL,0),(329,'珠海市','0',21,0,'',1,0,'',NULL,0),(330,'汕头市','0',21,0,'',1,0,'',NULL,0),(331,'佛山市','0',21,0,'',1,0,'',NULL,0),(332,'江门市','0',21,0,'',1,0,'',NULL,0),(333,'湛江市','0',21,0,'',1,0,'',NULL,0),(334,'茂名市','0',21,0,'',1,0,'',NULL,0),(335,'肇庆市','0',21,0,'',1,0,'',NULL,0),(336,'惠州市','0',21,0,'',1,0,'',NULL,0),(337,'梅州市','0',21,0,'',1,0,'',NULL,0),(338,'汕尾市','0',21,0,'',1,0,'',NULL,0),(339,'河源市','0',21,0,'',1,0,'',NULL,0),(340,'阳江市','0',21,0,'',1,0,'',NULL,0),(341,'清远市','0',21,0,'',1,0,'',NULL,0),(342,'东莞市','0',21,0,'',1,0,'',NULL,0),(343,'中山市','0',21,0,'',1,0,'',NULL,0),(344,'潮州市','0',21,0,'',1,0,'',NULL,0),(345,'揭阳市','0',21,0,'',1,0,'',NULL,0),(346,'云浮市','0',21,0,'',1,0,'',NULL,0),(347,'南宁市','0',22,0,'',1,0,'',NULL,0),(348,'柳州市','0',22,0,'',1,0,'',NULL,0),(349,'桂林市','0',22,0,'',1,0,'',NULL,0),(350,'梧州市','0',22,0,'',1,0,'',NULL,0),(351,'北海市','0',22,0,'',1,0,'',NULL,0),(352,'防城港市','0',22,0,'',1,0,'',NULL,0),(353,'钦州市','0',22,0,'',1,0,'',NULL,0),(354,'贵港市','0',22,0,'',1,0,'',NULL,0),(355,'玉林市','0',22,0,'',1,0,'',NULL,0),(356,'百色市','0',22,0,'',1,0,'',NULL,0),(357,'贺州市','0',22,0,'',1,0,'',NULL,0),(358,'河池市','0',22,0,'',1,0,'',NULL,0),(359,'来宾市','0',22,0,'',1,0,'',NULL,0),(360,'崇左市','0',22,0,'',1,0,'',NULL,0),(361,'海口市','0',23,0,'',1,0,'',NULL,0),(362,'三亚市','0',23,0,'',1,0,'',NULL,0),(363,'五指山市','0',23,0,'',1,0,'',NULL,0),(364,'琼海市','0',23,0,'',1,0,'',NULL,0),(365,'儋州市','0',23,0,'',1,0,'',NULL,0),(366,'文昌市','0',23,0,'',1,0,'',NULL,0),(367,'万宁市','0',23,0,'',1,0,'',NULL,0),(368,'东方市','0',23,0,'',1,0,'',NULL,0),(369,'定安县','0',23,0,'',1,0,'',NULL,0),(370,'屯昌县','0',23,0,'',1,0,'',NULL,0),(371,'澄迈县','0',23,0,'',1,0,'',NULL,0),(372,'临高县','0',23,0,'',1,0,'',NULL,0),(373,'白沙黎族自治县','0',23,0,'',1,0,'',NULL,0),(374,'昌江黎族自治县','0',23,0,'',1,0,'',NULL,0),(375,'乐东黎族自治县','0',23,0,'',1,0,'',NULL,0),(376,'陵水黎族自治县','0',23,0,'',1,0,'',NULL,0),(377,'保亭黎族苗族自治县','0',23,0,'',1,0,'',NULL,0),(378,'琼中黎族苗族自治县','0',23,0,'',1,0,'',NULL,0),(379,'西沙群岛','0',23,0,'',1,0,'',NULL,0),(380,'南沙群岛','0',23,0,'',1,0,'',NULL,0),(381,'中沙群岛的岛礁及其海域','0',23,0,'',1,0,'',NULL,0),(382,'成都市','0',24,0,'',1,0,'',NULL,0),(383,'自贡市','0',24,0,'',1,0,'',NULL,0),(384,'攀枝花市','0',24,0,'',1,0,'',NULL,0),(385,'泸州市','0',24,0,'',1,0,'',NULL,0),(386,'德阳市','0',24,0,'',1,0,'',NULL,0),(387,'绵阳市','0',24,0,'',1,0,'',NULL,0),(388,'广元市','0',24,0,'',1,0,'',NULL,0),(389,'遂宁市','0',24,0,'',1,0,'',NULL,0),(390,'内江市','0',24,0,'',1,0,'',NULL,0),(391,'乐山市','0',24,0,'',1,0,'',NULL,0),(392,'南充市','0',24,0,'',1,0,'',NULL,0),(393,'眉山市','0',24,0,'',1,0,'',NULL,0),(394,'宜宾市','0',24,0,'',1,0,'',NULL,0),(395,'广安市','0',24,0,'',1,0,'',NULL,0),(396,'达州市','0',24,0,'',1,0,'',NULL,0),(397,'雅安市','0',24,0,'',1,0,'',NULL,0),(398,'巴中市','0',24,0,'',1,0,'',NULL,0),(399,'资阳市','0',24,0,'',1,0,'',NULL,0),(400,'阿坝州','0',24,0,'',1,0,'',NULL,0),(401,'甘孜州','0',24,0,'',1,0,'',NULL,0),(402,'凉山州','0',24,0,'',1,0,'',NULL,0),(403,'贵阳市','0',25,0,'',1,0,'',NULL,0),(404,'六盘水市','0',25,0,'',1,0,'',NULL,0),(405,'遵义市','0',25,0,'',1,0,'',NULL,0),(406,'安顺市','0',25,0,'',1,0,'',NULL,0),(407,'铜仁地区','0',25,0,'',1,0,'',NULL,0),(408,'黔西南州','0',25,0,'',1,0,'',NULL,0),(409,'毕节地区','0',25,0,'',1,0,'',NULL,0),(410,'黔东南州','0',25,0,'',1,0,'',NULL,0),(411,'黔南州','0',25,0,'',1,0,'',NULL,0),(412,'昆明市','0',26,0,'',1,0,'',NULL,0),(413,'曲靖市','0',26,0,'',1,0,'',NULL,0),(414,'玉溪市','0',26,0,'',1,0,'',NULL,0),(415,'保山市','0',26,0,'',1,0,'',NULL,0),(416,'昭通市','0',26,0,'',1,0,'',NULL,0),(417,'丽江市','0',26,0,'',1,0,'',NULL,0),(418,'思茅市','0',26,0,'',1,0,'',NULL,0),(419,'临沧市','0',26,0,'',1,0,'',NULL,0),(420,'楚雄州','0',26,0,'',1,0,'',NULL,0),(421,'红河州','0',26,0,'',1,0,'',NULL,0),(422,'文山州','0',26,0,'',1,0,'',NULL,0),(423,'西双版纳','0',26,0,'',1,0,'',NULL,0),(424,'大理','0',26,0,'',1,0,'',NULL,0),(425,'德宏','0',26,0,'',1,0,'',NULL,0),(426,'怒江','0',26,0,'',1,0,'',NULL,0),(427,'迪庆','0',26,0,'',1,0,'',NULL,0),(428,'拉萨市','0',27,0,'',1,0,'',NULL,0),(429,'昌都','0',27,0,'',1,0,'',NULL,0),(430,'山南','0',27,0,'',1,0,'',NULL,0),(431,'日喀则','0',27,0,'',1,0,'',NULL,0),(432,'那曲','0',27,0,'',1,0,'',NULL,0),(433,'阿里','0',27,0,'',1,0,'',NULL,0),(434,'林芝','0',27,0,'',1,0,'',NULL,0),(435,'西安市','0',28,0,'',1,0,'',NULL,0),(436,'铜川市','0',28,0,'',1,0,'',NULL,0),(437,'宝鸡市','0',28,0,'',1,0,'',NULL,0),(438,'咸阳市','0',28,0,'',1,0,'',NULL,0),(439,'渭南市','0',28,0,'',1,0,'',NULL,0),(440,'延安市','0',28,0,'',1,0,'',NULL,0),(441,'汉中市','0',28,0,'',1,0,'',NULL,0),(442,'榆林市','0',28,0,'',1,0,'',NULL,0),(443,'安康市','0',28,0,'',1,0,'',NULL,0),(444,'商洛市','0',28,0,'',1,0,'',NULL,0),(445,'兰州市','0',29,0,'',1,0,'',NULL,0),(446,'嘉峪关市','0',29,0,'',1,0,'',NULL,0),(447,'金昌市','0',29,0,'',1,0,'',NULL,0),(448,'白银市','0',29,0,'',1,0,'',NULL,0),(449,'天水市','0',29,0,'',1,0,'',NULL,0),(450,'武威市','0',29,0,'',1,0,'',NULL,0),(451,'张掖市','0',29,0,'',1,0,'',NULL,0),(452,'平凉市','0',29,0,'',1,0,'',NULL,0),(453,'酒泉市','0',29,0,'',1,0,'',NULL,0),(454,'庆阳市','0',29,0,'',1,0,'',NULL,0),(455,'定西市','0',29,0,'',1,0,'',NULL,0),(456,'陇南市','0',29,0,'',1,0,'',NULL,0),(457,'临夏州','0',29,0,'',1,0,'',NULL,0),(458,'甘州','0',29,0,'',1,0,'',NULL,0),(459,'西宁市','0',30,0,'',1,0,'',NULL,0),(460,'海东地区','0',30,0,'',1,0,'',NULL,0),(461,'海州','0',30,0,'',1,0,'',NULL,0),(462,'黄南州','0',30,0,'',1,0,'',NULL,0),(463,'海南州','0',30,0,'',1,0,'',NULL,0),(464,'果洛州','0',30,0,'',1,0,'',NULL,0),(465,'玉树州','0',30,0,'',1,0,'',NULL,0),(466,'海西州','0',30,0,'',1,0,'',NULL,0),(467,'银川市','0',31,0,'',1,0,'',NULL,0),(468,'石嘴山市','0',31,0,'',1,0,'',NULL,0),(469,'吴忠市','0',31,0,'',1,0,'',NULL,0),(470,'固原市','0',31,0,'',1,0,'',NULL,0),(471,'中卫市','0',31,0,'',1,0,'',NULL,0),(472,'乌鲁木齐市','0',32,0,'',1,0,'',NULL,0),(473,'克拉玛依市','0',32,0,'',1,0,'',NULL,0),(474,'吐鲁番地区','0',32,0,'',1,0,'',NULL,0),(475,'哈密地区','0',32,0,'',1,0,'',NULL,0),(476,'昌吉州','0',32,0,'',1,0,'',NULL,0),(477,'博尔州','0',32,0,'',1,0,'',NULL,0),(478,'巴音郭楞州','0',32,0,'',1,0,'',NULL,0),(479,'阿克苏地区','0',32,0,'',1,0,'',NULL,0),(480,'克孜勒苏柯尔克孜自治州','0',32,0,'',1,0,'',NULL,0),(481,'喀什地区','0',32,0,'',1,0,'',NULL,0),(482,'和田地区','0',32,0,'',1,0,'',NULL,0),(483,'伊犁州','0',32,0,'',1,0,'',NULL,0),(484,'塔城地区','0',32,0,'',1,0,'',NULL,0),(485,'阿勒泰地区','0',32,0,'',1,0,'',NULL,0),(486,'石河子市','0',32,0,'',1,0,'',NULL,0),(487,'阿拉尔市','0',32,0,'',1,0,'',NULL,0),(488,'图木舒克市','0',32,0,'',1,0,'',NULL,0),(489,'五家渠市','0',32,0,'',1,0,'',NULL,0),(490,'台北市','0',33,0,'',1,0,'',NULL,0),(491,'高雄市','0',33,0,'',1,0,'',NULL,0),(492,'基隆市','0',33,0,'',1,0,'',NULL,0),(493,'新竹市','0',33,0,'',1,0,'',NULL,0),(494,'台中市','0',33,0,'',1,0,'',NULL,0),(495,'嘉义市','0',33,0,'',1,0,'',NULL,0),(496,'台南市','0',33,0,'',1,0,'',NULL,0),(497,'台北县','0',33,0,'',1,0,'',NULL,0),(498,'桃园县','0',33,0,'',1,0,'',NULL,0),(499,'新竹县','0',33,0,'',1,0,'',NULL,0),(500,'苗栗县','0',33,0,'',1,0,'',NULL,0),(501,'台中县','0',33,0,'',1,0,'',NULL,0),(502,'彰化县','0',33,0,'',1,0,'',NULL,0),(503,'南投县','0',33,0,'',1,0,'',NULL,0),(504,'云林县','0',33,0,'',1,0,'',NULL,0),(505,'嘉义县','0',33,0,'',1,0,'',NULL,0),(506,'台南县','0',33,0,'',1,0,'',NULL,0),(507,'高雄县','0',33,0,'',1,0,'',NULL,0),(508,'屏东县','0',33,0,'',1,0,'',NULL,0),(509,'宜兰县','0',33,0,'',1,0,'',NULL,0),(510,'花莲县','0',33,0,'',1,0,'',NULL,0),(511,'台东县','0',33,0,'',1,0,'',NULL,0),(512,'澎湖县','0',33,0,'',1,0,'',NULL,0),(513,'金门县','0',33,0,'',1,0,'',NULL,0),(514,'连江县','0',33,0,'',1,0,'',NULL,0),(515,'中西区','0',34,0,'',1,0,'',NULL,0),(516,'东区','0',34,0,'',1,0,'',NULL,0),(517,'南区','0',34,0,'',1,0,'',NULL,0),(518,'湾仔区','0',34,0,'',1,0,'',NULL,0),(519,'九龙城区','0',34,0,'',1,0,'',NULL,0),(520,'观塘区','0',34,0,'',1,0,'',NULL,0),(521,'深水埗区','0',34,0,'',1,0,'',NULL,0),(522,'黄大仙区','0',34,0,'',1,0,'',NULL,0),(523,'油尖旺区','0',34,0,'',1,0,'',NULL,0),(524,'离岛区','0',34,0,'',1,0,'',NULL,0),(525,'葵青区','0',34,0,'',1,0,'',NULL,0),(526,'北区','0',34,0,'',1,0,'',NULL,0),(527,'西贡区','0',34,0,'',1,0,'',NULL,0),(528,'沙田区','0',34,0,'',1,0,'',NULL,0),(529,'大埔区','0',34,0,'',1,0,'',NULL,0),(530,'荃湾区','0',34,0,'',1,0,'',NULL,0),(531,'屯门区','0',34,0,'',1,0,'',NULL,0),(532,'元朗区','0',34,0,'',1,0,'',NULL,0),(533,'花地玛堂区','0',35,0,'',1,0,'',NULL,0),(534,'市圣安多尼堂区','0',35,0,'',1,0,'',NULL,0),(535,'大堂区','0',35,0,'',1,0,'',NULL,0),(536,'望德堂区','0',35,0,'',1,0,'',NULL,0),(537,'风顺堂区','0',35,0,'',1,0,'',NULL,0),(538,'嘉模堂区','0',35,0,'',1,0,'',NULL,0),(539,'圣方济各堂区','0',35,0,'',1,0,'',NULL,0),(540,'长安区','0',130,0,'',1,0,'',NULL,0),(541,'桥东区','0',130,0,'',1,0,'',NULL,0),(542,'桥西区','0',130,0,'',1,0,'',NULL,0),(543,'新华区','0',130,0,'',1,0,'',NULL,0),(544,'井陉矿区','0',130,0,'',1,0,'',NULL,0),(545,'裕华区','0',130,0,'',1,0,'',NULL,0),(546,'井陉县','0',130,0,'',1,0,'',NULL,0),(547,'正定县','0',130,0,'',1,0,'',NULL,0),(548,'栾城县','0',130,0,'',1,0,'',NULL,0),(549,'行唐县','0',130,0,'',1,0,'',NULL,0),(550,'灵寿县','0',130,0,'',1,0,'',NULL,0),(551,'高邑县','0',130,0,'',1,0,'',NULL,0),(552,'深泽县','0',130,0,'',1,0,'',NULL,0),(553,'赞皇县','0',130,0,'',1,0,'',NULL,0),(554,'无极县','0',130,0,'',1,0,'',NULL,0),(555,'平山县','0',130,0,'',1,0,'',NULL,0),(556,'元氏县','0',130,0,'',1,0,'',NULL,0),(557,'赵县','0',130,0,'',1,0,'',NULL,0),(558,'辛集市','0',130,0,'',1,0,'',NULL,0),(559,'藁城市','0',130,0,'',1,0,'',NULL,0),(560,'晋州市','0',130,0,'',1,0,'',NULL,0),(561,'新乐市','0',130,0,'',1,0,'',NULL,0),(562,'鹿泉市','0',130,0,'',1,0,'',NULL,0),(563,'路南区','0',131,0,'',1,0,'',NULL,0),(564,'路北区','0',131,0,'',1,0,'',NULL,0),(565,'古冶区','0',131,0,'',1,0,'',NULL,0),(566,'开平区','0',131,0,'',1,0,'',NULL,0),(567,'丰南区','0',131,0,'',1,0,'',NULL,0),(568,'丰润区','0',131,0,'',1,0,'',NULL,0),(569,'滦县','0',131,0,'',1,0,'',NULL,0),(570,'滦南县','0',131,0,'',1,0,'',NULL,0),(571,'乐亭县','0',131,0,'',1,0,'',NULL,0),(572,'迁西县','0',131,0,'',1,0,'',NULL,0),(573,'玉田县','0',131,0,'',1,0,'',NULL,0),(574,'唐海县','0',131,0,'',1,0,'',NULL,0),(575,'遵化市','0',131,0,'',1,0,'',NULL,0),(576,'迁安市','0',131,0,'',1,0,'',NULL,0),(577,'海港区','0',132,0,'',1,0,'',NULL,0),(578,'山海关区','0',132,0,'',1,0,'',NULL,0),(579,'北戴河区','0',132,0,'',1,0,'',NULL,0),(580,'青龙县','0',132,0,'',1,0,'',NULL,0),(581,'昌黎县','0',132,0,'',1,0,'',NULL,0),(582,'抚宁县','0',132,0,'',1,0,'',NULL,0),(583,'卢龙县','0',132,0,'',1,0,'',NULL,0),(584,'邯山区','0',133,0,'',1,0,'',NULL,0),(585,'丛台区','0',133,0,'',1,0,'',NULL,0),(586,'复兴区','0',133,0,'',1,0,'',NULL,0),(587,'峰峰矿区','0',133,0,'',1,0,'',NULL,0),(588,'邯郸县','0',133,0,'',1,0,'',NULL,0),(589,'临漳县','0',133,0,'',1,0,'',NULL,0),(590,'成安县','0',133,0,'',1,0,'',NULL,0),(591,'大名县','0',133,0,'',1,0,'',NULL,0),(592,'涉县','0',133,0,'',1,0,'',NULL,0),(593,'磁县','0',133,0,'',1,0,'',NULL,0),(594,'肥乡县','0',133,0,'',1,0,'',NULL,0),(595,'永年县','0',133,0,'',1,0,'',NULL,0),(596,'邱县','0',133,0,'',1,0,'',NULL,0),(597,'鸡泽县','0',133,0,'',1,0,'',NULL,0),(598,'广平县','0',133,0,'',1,0,'',NULL,0),(599,'馆陶县','0',133,0,'',1,0,'',NULL,0),(600,'魏县','0',133,0,'',1,0,'',NULL,0),(601,'曲周县','0',133,0,'',1,0,'',NULL,0),(602,'武安市','0',133,0,'',1,0,'',NULL,0),(603,'桥东区','0',134,0,'',1,0,'',NULL,0),(604,'桥西区','0',134,0,'',1,0,'',NULL,0),(605,'邢台县','0',134,0,'',1,0,'',NULL,0),(606,'临城县','0',134,0,'',1,0,'',NULL,0),(607,'内丘县','0',134,0,'',1,0,'',NULL,0),(608,'柏乡县','0',134,0,'',1,0,'',NULL,0),(609,'隆尧县','0',134,0,'',1,0,'',NULL,0),(610,'任县','0',134,0,'',1,0,'',NULL,0),(611,'南和县','0',134,0,'',1,0,'',NULL,0),(612,'宁晋县','0',134,0,'',1,0,'',NULL,0),(613,'巨鹿县','0',134,0,'',1,0,'',NULL,0),(614,'新河县','0',134,0,'',1,0,'',NULL,0),(615,'广宗县','0',134,0,'',1,0,'',NULL,0),(616,'平乡县','0',134,0,'',1,0,'',NULL,0),(617,'威县','0',134,0,'',1,0,'',NULL,0),(618,'清河县','0',134,0,'',1,0,'',NULL,0),(619,'临西县','0',134,0,'',1,0,'',NULL,0),(620,'南宫市','0',134,0,'',1,0,'',NULL,0),(621,'沙河市','0',134,0,'',1,0,'',NULL,0),(622,'新市区','0',135,0,'',1,0,'',NULL,0),(623,'北市区','0',135,0,'',1,0,'',NULL,0),(624,'南市区','0',135,0,'',1,0,'',NULL,0),(625,'满城县','0',135,0,'',1,0,'',NULL,0),(626,'清苑县','0',135,0,'',1,0,'',NULL,0),(627,'涞水县','0',135,0,'',1,0,'',NULL,0),(628,'阜平县','0',135,0,'',1,0,'',NULL,0),(629,'徐水县','0',135,0,'',1,0,'',NULL,0),(630,'定兴县','0',135,0,'',1,0,'',NULL,0),(631,'唐县','0',135,0,'',1,0,'',NULL,0),(632,'高阳县','0',135,0,'',1,0,'',NULL,0),(633,'容城县','0',135,0,'',1,0,'',NULL,0),(634,'涞源县','0',135,0,'',1,0,'',NULL,0),(635,'望都县','0',135,0,'',1,0,'',NULL,0),(636,'安新县','0',135,0,'',1,0,'',NULL,0),(637,'易县','0',135,0,'',1,0,'',NULL,0),(638,'曲阳县','0',135,0,'',1,0,'',NULL,0),(639,'蠡县','0',135,0,'',1,0,'',NULL,0),(640,'顺平县','0',135,0,'',1,0,'',NULL,0),(641,'博野县','0',135,0,'',1,0,'',NULL,0),(642,'雄县','0',135,0,'',1,0,'',NULL,0),(643,'涿州市','0',135,0,'',1,0,'',NULL,0),(644,'定州市','0',135,0,'',1,0,'',NULL,0),(645,'安国市','0',135,0,'',1,0,'',NULL,0),(646,'高碑店市','0',135,0,'',1,0,'',NULL,0),(647,'桥东区','0',136,0,'',1,0,'',NULL,0),(648,'桥西区','0',136,0,'',1,0,'',NULL,0),(649,'宣化区','0',136,0,'',1,0,'',NULL,0),(650,'下花园区','0',136,0,'',1,0,'',NULL,0),(651,'宣化县','0',136,0,'',1,0,'',NULL,0),(652,'张北县','0',136,0,'',1,0,'',NULL,0),(653,'康保县','0',136,0,'',1,0,'',NULL,0),(654,'沽源县','0',136,0,'',1,0,'',NULL,0),(655,'尚义县','0',136,0,'',1,0,'',NULL,0),(656,'蔚县','0',136,0,'',1,0,'',NULL,0),(657,'阳原县','0',136,0,'',1,0,'',NULL,0),(658,'怀安县','0',136,0,'',1,0,'',NULL,0),(659,'万全县','0',136,0,'',1,0,'',NULL,0),(660,'怀来县','0',136,0,'',1,0,'',NULL,0),(661,'涿鹿县','0',136,0,'',1,0,'',NULL,0),(662,'赤城县','0',136,0,'',1,0,'',NULL,0),(663,'崇礼县','0',136,0,'',1,0,'',NULL,0),(664,'双桥区','0',137,0,'',1,0,'',NULL,0),(665,'双滦区','0',137,0,'',1,0,'',NULL,0),(666,'鹰手营子矿区','0',137,0,'',1,0,'',NULL,0),(667,'承德县','0',137,0,'',1,0,'',NULL,0),(668,'兴隆县','0',137,0,'',1,0,'',NULL,0),(669,'平泉县','0',137,0,'',1,0,'',NULL,0),(670,'滦平县','0',137,0,'',1,0,'',NULL,0),(671,'隆化县','0',137,0,'',1,0,'',NULL,0),(672,'丰宁县','0',137,0,'',1,0,'',NULL,0),(673,'宽城县','0',137,0,'',1,0,'',NULL,0),(674,'围场县','0',137,0,'',1,0,'',NULL,0),(675,'新华区','0',138,0,'',1,0,'',NULL,0),(676,'运河区','0',138,0,'',1,0,'',NULL,0),(677,'沧县','0',138,0,'',1,0,'',NULL,0),(678,'青县','0',138,0,'',1,0,'',NULL,0),(679,'东光县','0',138,0,'',1,0,'',NULL,0),(680,'海兴县','0',138,0,'',1,0,'',NULL,0),(681,'盐山县','0',138,0,'',1,0,'',NULL,0),(682,'肃宁县','0',138,0,'',1,0,'',NULL,0),(683,'南皮县','0',138,0,'',1,0,'',NULL,0),(684,'吴桥县','0',138,0,'',1,0,'',NULL,0),(685,'献县','0',138,0,'',1,0,'',NULL,0),(686,'孟村县','0',138,0,'',1,0,'',NULL,0),(687,'泊头市','0',138,0,'',1,0,'',NULL,0),(688,'任丘市','0',138,0,'',1,0,'',NULL,0),(689,'黄骅市','0',138,0,'',1,0,'',NULL,0),(690,'河间市','0',138,0,'',1,0,'',NULL,0),(691,'安次区','0',139,0,'',1,0,'',NULL,0),(692,'广阳区','0',139,0,'',1,0,'',NULL,0),(693,'固安县','0',139,0,'',1,0,'',NULL,0),(694,'永清县','0',139,0,'',1,0,'',NULL,0),(695,'香河县','0',139,0,'',1,0,'',NULL,0),(696,'大城县','0',139,0,'',1,0,'',NULL,0),(697,'文安县','0',139,0,'',1,0,'',NULL,0),(698,'大厂县','0',139,0,'',1,0,'',NULL,0),(699,'霸州市','0',139,0,'',1,0,'',NULL,0),(700,'三河市','0',139,0,'',1,0,'',NULL,0),(701,'桃城区','0',140,0,'',1,0,'',NULL,0),(702,'枣强县','0',140,0,'',1,0,'',NULL,0),(703,'武邑县','0',140,0,'',1,0,'',NULL,0),(704,'武强县','0',140,0,'',1,0,'',NULL,0),(705,'饶阳县','0',140,0,'',1,0,'',NULL,0),(706,'安平县','0',140,0,'',1,0,'',NULL,0),(707,'故城县','0',140,0,'',1,0,'',NULL,0),(708,'景县','0',140,0,'',1,0,'',NULL,0),(709,'阜城县','0',140,0,'',1,0,'',NULL,0),(710,'冀州市','0',140,0,'',1,0,'',NULL,0),(711,'深州市','0',140,0,'',1,0,'',NULL,0),(712,'小店区','0',141,0,'',1,0,'',NULL,0),(713,'迎泽区','0',141,0,'',1,0,'',NULL,0),(714,'杏花岭区','0',141,0,'',1,0,'',NULL,0),(715,'尖草坪区','0',141,0,'',1,0,'',NULL,0),(716,'万柏林区','0',141,0,'',1,0,'',NULL,0),(717,'晋源区','0',141,0,'',1,0,'',NULL,0),(718,'清徐县','0',141,0,'',1,0,'',NULL,0),(719,'阳曲县','0',141,0,'',1,0,'',NULL,0),(720,'娄烦县','0',141,0,'',1,0,'',NULL,0),(721,'古交市','0',141,0,'',1,0,'',NULL,0),(722,'城区','0',142,0,'',1,0,'',NULL,0),(723,'矿区','0',142,0,'',1,0,'',NULL,0),(724,'南郊区','0',142,0,'',1,0,'',NULL,0),(725,'新荣区','0',142,0,'',1,0,'',NULL,0),(726,'阳高县','0',142,0,'',1,0,'',NULL,0),(727,'天镇县','0',142,0,'',1,0,'',NULL,0),(728,'广灵县','0',142,0,'',1,0,'',NULL,0),(729,'灵丘县','0',142,0,'',1,0,'',NULL,0),(730,'浑源县','0',142,0,'',1,0,'',NULL,0),(731,'左云县','0',142,0,'',1,0,'',NULL,0),(732,'大同县','0',142,0,'',1,0,'',NULL,0),(733,'城区','0',143,0,'',1,0,'',NULL,0),(734,'矿区','0',143,0,'',1,0,'',NULL,0),(735,'郊区','0',143,0,'',1,0,'',NULL,0),(736,'平定县','0',143,0,'',1,0,'',NULL,0),(737,'盂县','0',143,0,'',1,0,'',NULL,0),(738,'城区','0',144,0,'',1,0,'',NULL,0),(739,'郊区','0',144,0,'',1,0,'',NULL,0),(740,'长治县','0',144,0,'',1,0,'',NULL,0),(741,'襄垣县','0',144,0,'',1,0,'',NULL,0),(742,'屯留县','0',144,0,'',1,0,'',NULL,0),(743,'平顺县','0',144,0,'',1,0,'',NULL,0),(744,'黎城县','0',144,0,'',1,0,'',NULL,0),(745,'壶关县','0',144,0,'',1,0,'',NULL,0),(746,'长子县','0',144,0,'',1,0,'',NULL,0),(747,'武乡县','0',144,0,'',1,0,'',NULL,0),(748,'沁县','0',144,0,'',1,0,'',NULL,0),(749,'沁源县','0',144,0,'',1,0,'',NULL,0),(750,'潞城市','0',144,0,'',1,0,'',NULL,0),(751,'城区','0',145,0,'',1,0,'',NULL,0),(752,'沁水县','0',145,0,'',1,0,'',NULL,0),(753,'阳城县','0',145,0,'',1,0,'',NULL,0),(754,'陵川县','0',145,0,'',1,0,'',NULL,0),(755,'泽州县','0',145,0,'',1,0,'',NULL,0),(756,'高平市','0',145,0,'',1,0,'',NULL,0),(757,'朔城区','0',146,0,'',1,0,'',NULL,0),(758,'平鲁区','0',146,0,'',1,0,'',NULL,0),(759,'山阴县','0',146,0,'',1,0,'',NULL,0),(760,'应县','0',146,0,'',1,0,'',NULL,0),(761,'右玉县','0',146,0,'',1,0,'',NULL,0),(762,'怀仁县','0',146,0,'',1,0,'',NULL,0),(763,'榆次区','0',147,0,'',1,0,'',NULL,0),(764,'榆社县','0',147,0,'',1,0,'',NULL,0),(765,'左权县','0',147,0,'',1,0,'',NULL,0),(766,'和顺县','0',147,0,'',1,0,'',NULL,0),(767,'昔阳县','0',147,0,'',1,0,'',NULL,0),(768,'寿阳县','0',147,0,'',1,0,'',NULL,0),(769,'太谷县','0',147,0,'',1,0,'',NULL,0),(770,'祁县','0',147,0,'',1,0,'',NULL,0),(771,'平遥县','0',147,0,'',1,0,'',NULL,0),(772,'灵石县','0',147,0,'',1,0,'',NULL,0),(773,'介休市','0',147,0,'',1,0,'',NULL,0),(774,'盐湖区','0',148,0,'',1,0,'',NULL,0),(775,'临猗县','0',148,0,'',1,0,'',NULL,0),(776,'万荣县','0',148,0,'',1,0,'',NULL,0),(777,'闻喜县','0',148,0,'',1,0,'',NULL,0),(778,'稷山县','0',148,0,'',1,0,'',NULL,0),(779,'新绛县','0',148,0,'',1,0,'',NULL,0),(780,'绛县','0',148,0,'',1,0,'',NULL,0),(781,'垣曲县','0',148,0,'',1,0,'',NULL,0),(782,'夏县','0',148,0,'',1,0,'',NULL,0),(783,'平陆县','0',148,0,'',1,0,'',NULL,0),(784,'芮城县','0',148,0,'',1,0,'',NULL,0),(785,'永济市','0',148,0,'',1,0,'',NULL,0),(786,'河津市','0',148,0,'',1,0,'',NULL,0),(787,'忻府区','0',149,0,'',1,0,'',NULL,0),(788,'定襄县','0',149,0,'',1,0,'',NULL,0),(789,'五台县','0',149,0,'',1,0,'',NULL,0),(790,'代县','0',149,0,'',1,0,'',NULL,0),(791,'繁峙县','0',149,0,'',1,0,'',NULL,0),(792,'宁武县','0',149,0,'',1,0,'',NULL,0),(793,'静乐县','0',149,0,'',1,0,'',NULL,0),(794,'神池县','0',149,0,'',1,0,'',NULL,0),(795,'五寨县','0',149,0,'',1,0,'',NULL,0),(796,'岢岚县','0',149,0,'',1,0,'',NULL,0),(797,'河曲县','0',149,0,'',1,0,'',NULL,0),(798,'保德县','0',149,0,'',1,0,'',NULL,0),(799,'偏关县','0',149,0,'',1,0,'',NULL,0),(800,'原平市','0',149,0,'',1,0,'',NULL,0),(801,'尧都区','0',150,0,'',1,0,'',NULL,0),(802,'曲沃县','0',150,0,'',1,0,'',NULL,0),(803,'翼城县','0',150,0,'',1,0,'',NULL,0),(804,'襄汾县','0',150,0,'',1,0,'',NULL,0),(805,'洪洞县','0',150,0,'',1,0,'',NULL,0),(806,'古县','0',150,0,'',1,0,'',NULL,0),(807,'安泽县','0',150,0,'',1,0,'',NULL,0),(808,'浮山县','0',150,0,'',1,0,'',NULL,0),(809,'吉县','0',150,0,'',1,0,'',NULL,0),(810,'乡宁县','0',150,0,'',1,0,'',NULL,0),(811,'大宁县','0',150,0,'',1,0,'',NULL,0),(812,'隰县','0',150,0,'',1,0,'',NULL,0),(813,'永和县','0',150,0,'',1,0,'',NULL,0),(814,'蒲县','0',150,0,'',1,0,'',NULL,0),(815,'汾西县','0',150,0,'',1,0,'',NULL,0),(816,'侯马市','0',150,0,'',1,0,'',NULL,0),(817,'霍州市','0',150,0,'',1,0,'',NULL,0),(818,'离石区','0',151,0,'',1,0,'',NULL,0),(819,'文水县','0',151,0,'',1,0,'',NULL,0),(820,'交城县','0',151,0,'',1,0,'',NULL,0),(821,'兴县','0',151,0,'',1,0,'',NULL,0),(822,'临县','0',151,0,'',1,0,'',NULL,0),(823,'柳林县','0',151,0,'',1,0,'',NULL,0),(824,'石楼县','0',151,0,'',1,0,'',NULL,0),(825,'岚县','0',151,0,'',1,0,'',NULL,0),(826,'方山县','0',151,0,'',1,0,'',NULL,0),(827,'中阳县','0',151,0,'',1,0,'',NULL,0),(828,'交口县','0',151,0,'',1,0,'',NULL,0),(829,'孝义市','0',151,0,'',1,0,'',NULL,0),(830,'汾阳市','0',151,0,'',1,0,'',NULL,0),(831,'新城区','0',152,0,'',1,0,'',NULL,0),(832,'回民区','0',152,0,'',1,0,'',NULL,0),(833,'玉泉区','0',152,0,'',1,0,'',NULL,0),(834,'赛罕区','0',152,0,'',1,0,'',NULL,0),(835,'土默特左旗','0',152,0,'',1,0,'',NULL,0),(836,'托克托县','0',152,0,'',1,0,'',NULL,0),(837,'和林格尔县','0',152,0,'',1,0,'',NULL,0),(838,'清水河县','0',152,0,'',1,0,'',NULL,0),(839,'武川县','0',152,0,'',1,0,'',NULL,0),(840,'东河区','0',153,0,'',1,0,'',NULL,0),(841,'昆都仑区','0',153,0,'',1,0,'',NULL,0),(842,'青山区','0',153,0,'',1,0,'',NULL,0),(843,'石拐区','0',153,0,'',1,0,'',NULL,0),(844,'白云矿区','0',153,0,'',1,0,'',NULL,0),(845,'九原区','0',153,0,'',1,0,'',NULL,0),(846,'土默特右旗','0',153,0,'',1,0,'',NULL,0),(847,'固阳县','0',153,0,'',1,0,'',NULL,0),(848,'达尔罕茂明安联合旗','0',153,0,'',1,0,'',NULL,0),(849,'海勃湾区','0',154,0,'',1,0,'',NULL,0),(850,'海南区','0',154,0,'',1,0,'',NULL,0),(851,'乌达区','0',154,0,'',1,0,'',NULL,0),(852,'红山区','0',155,0,'',1,0,'',NULL,0),(853,'元宝山区','0',155,0,'',1,0,'',NULL,0),(854,'松山区','0',155,0,'',1,0,'',NULL,0),(855,'阿鲁科尔沁旗','0',155,0,'',1,0,'',NULL,0),(856,'巴林左旗','0',155,0,'',1,0,'',NULL,0),(857,'巴林右旗','0',155,0,'',1,0,'',NULL,0),(858,'林西县','0',155,0,'',1,0,'',NULL,0),(859,'克什克腾旗','0',155,0,'',1,0,'',NULL,0),(860,'翁牛特旗','0',155,0,'',1,0,'',NULL,0),(861,'喀喇沁旗','0',155,0,'',1,0,'',NULL,0),(862,'宁城县','0',155,0,'',1,0,'',NULL,0),(863,'敖汉旗','0',155,0,'',1,0,'',NULL,0),(864,'科尔沁区','0',156,0,'',1,0,'',NULL,0),(865,'科尔沁左翼中旗','0',156,0,'',1,0,'',NULL,0),(866,'科尔沁左翼后旗','0',156,0,'',1,0,'',NULL,0),(867,'开鲁县','0',156,0,'',1,0,'',NULL,0),(868,'库伦旗','0',156,0,'',1,0,'',NULL,0),(869,'奈曼旗','0',156,0,'',1,0,'',NULL,0),(870,'扎鲁特旗','0',156,0,'',1,0,'',NULL,0),(871,'霍林郭勒市','0',156,0,'',1,0,'',NULL,0),(872,'东胜区','0',157,0,'',1,0,'',NULL,0),(873,'达拉特旗','0',157,0,'',1,0,'',NULL,0),(874,'准格尔旗','0',157,0,'',1,0,'',NULL,0),(875,'鄂托克前旗','0',157,0,'',1,0,'',NULL,0),(876,'鄂托克旗','0',157,0,'',1,0,'',NULL,0),(877,'杭锦旗','0',157,0,'',1,0,'',NULL,0),(878,'乌审旗','0',157,0,'',1,0,'',NULL,0),(879,'伊金霍洛旗','0',157,0,'',1,0,'',NULL,0),(880,'海拉尔区','0',158,0,'',1,0,'',NULL,0),(881,'阿荣旗','0',158,0,'',1,0,'',NULL,0),(882,'莫力达瓦达斡尔族自治旗','0',158,0,'',1,0,'',NULL,0),(883,'鄂伦春自治旗','0',158,0,'',1,0,'',NULL,0),(884,'鄂温克族自治旗','0',158,0,'',1,0,'',NULL,0),(885,'陈巴尔虎旗','0',158,0,'',1,0,'',NULL,0),(886,'新巴尔虎左旗','0',158,0,'',1,0,'',NULL,0),(887,'新巴尔虎右旗','0',158,0,'',1,0,'',NULL,0),(888,'满洲里市','0',158,0,'',1,0,'',NULL,0),(889,'牙克石市','0',158,0,'',1,0,'',NULL,0),(890,'扎兰屯市','0',158,0,'',1,0,'',NULL,0),(891,'额尔古纳市','0',158,0,'',1,0,'',NULL,0),(892,'根河市','0',158,0,'',1,0,'',NULL,0),(893,'临河区','0',159,0,'',1,0,'',NULL,0),(894,'五原县','0',159,0,'',1,0,'',NULL,0),(895,'磴口县','0',159,0,'',1,0,'',NULL,0),(896,'乌拉特前旗','0',159,0,'',1,0,'',NULL,0),(897,'乌拉特中旗','0',159,0,'',1,0,'',NULL,0),(898,'乌拉特后旗','0',159,0,'',1,0,'',NULL,0),(899,'杭锦后旗','0',159,0,'',1,0,'',NULL,0),(900,'集宁区','0',160,0,'',1,0,'',NULL,0),(901,'卓资县','0',160,0,'',1,0,'',NULL,0),(902,'化德县','0',160,0,'',1,0,'',NULL,0),(903,'商都县','0',160,0,'',1,0,'',NULL,0),(904,'兴和县','0',160,0,'',1,0,'',NULL,0),(905,'凉城县','0',160,0,'',1,0,'',NULL,0),(906,'察哈尔右翼前旗','0',160,0,'',1,0,'',NULL,0),(907,'察哈尔右翼中旗','0',160,0,'',1,0,'',NULL,0),(908,'察哈尔右翼后旗','0',160,0,'',1,0,'',NULL,0),(909,'四子王旗','0',160,0,'',1,0,'',NULL,0),(910,'丰镇市','0',160,0,'',1,0,'',NULL,0),(911,'乌兰浩特市','0',161,0,'',1,0,'',NULL,0),(912,'阿尔山市','0',161,0,'',1,0,'',NULL,0),(913,'科尔沁右翼前旗','0',161,0,'',1,0,'',NULL,0),(914,'科尔沁右翼中旗','0',161,0,'',1,0,'',NULL,0),(915,'扎赉特旗','0',161,0,'',1,0,'',NULL,0),(916,'突泉县','0',161,0,'',1,0,'',NULL,0),(917,'二连浩特市','0',162,0,'',1,0,'',NULL,0),(918,'锡林浩特市','0',162,0,'',1,0,'',NULL,0),(919,'阿巴嘎旗','0',162,0,'',1,0,'',NULL,0),(920,'苏尼特左旗','0',162,0,'',1,0,'',NULL,0),(921,'苏尼特右旗','0',162,0,'',1,0,'',NULL,0),(922,'东乌珠穆沁旗','0',162,0,'',1,0,'',NULL,0),(923,'西乌珠穆沁旗','0',162,0,'',1,0,'',NULL,0),(924,'太仆寺旗','0',162,0,'',1,0,'',NULL,0),(925,'镶黄旗','0',162,0,'',1,0,'',NULL,0),(926,'正镶白旗','0',162,0,'',1,0,'',NULL,0),(927,'正蓝旗','0',162,0,'',1,0,'',NULL,0),(928,'多伦县','0',162,0,'',1,0,'',NULL,0),(929,'阿拉善左旗','0',163,0,'',1,0,'',NULL,0),(930,'阿拉善右旗','0',163,0,'',1,0,'',NULL,0),(931,'额济纳旗','0',163,0,'',1,0,'',NULL,0),(932,'和平区','0',164,0,'',1,0,'',NULL,0),(933,'沈河区','0',164,0,'',1,0,'',NULL,0),(934,'大东区','0',164,0,'',1,0,'',NULL,0),(935,'皇姑区','0',164,0,'',1,0,'',NULL,0),(936,'铁西区','0',164,0,'',1,0,'',NULL,0),(937,'苏家屯区','0',164,0,'',1,0,'',NULL,0),(938,'东陵区','0',164,0,'',1,0,'',NULL,0),(939,'新城子区','0',164,0,'',1,0,'',NULL,0),(940,'于洪区','0',164,0,'',1,0,'',NULL,0),(941,'辽中县','0',164,0,'',1,0,'',NULL,0),(942,'康平县','0',164,0,'',1,0,'',NULL,0),(943,'法库县','0',164,0,'',1,0,'',NULL,0),(944,'新民市','0',164,0,'',1,0,'',NULL,0),(945,'中山区','0',165,0,'',1,0,'',NULL,0),(946,'西岗区','0',165,0,'',1,0,'',NULL,0),(947,'沙河口区','0',165,0,'',1,0,'',NULL,0),(948,'甘井子区','0',165,0,'',1,0,'',NULL,0),(949,'旅顺口区','0',165,0,'',1,0,'',NULL,0),(950,'金州区','0',165,0,'',1,0,'',NULL,0),(951,'长海县','0',165,0,'',1,0,'',NULL,0),(952,'瓦房店市','0',165,0,'',1,0,'',NULL,0),(953,'普兰店市','0',165,0,'',1,0,'',NULL,0),(954,'庄河市','0',165,0,'',1,0,'',NULL,0),(955,'铁东区','0',166,0,'',1,0,'',NULL,0),(956,'铁西区','0',166,0,'',1,0,'',NULL,0),(957,'立山区','0',166,0,'',1,0,'',NULL,0),(958,'千山区','0',166,0,'',1,0,'',NULL,0),(959,'台安县','0',166,0,'',1,0,'',NULL,0),(960,'岫岩满族自治县','0',166,0,'',1,0,'',NULL,0),(961,'海城市','0',166,0,'',1,0,'',NULL,0),(962,'新抚区','0',167,0,'',1,0,'',NULL,0),(963,'东洲区','0',167,0,'',1,0,'',NULL,0),(964,'望花区','0',167,0,'',1,0,'',NULL,0),(965,'顺城区','0',167,0,'',1,0,'',NULL,0),(966,'抚顺县','0',167,0,'',1,0,'',NULL,0),(967,'新宾满族自治县','0',167,0,'',1,0,'',NULL,0),(968,'清原满族自治县','0',167,0,'',1,0,'',NULL,0),(969,'平山区','0',168,0,'',1,0,'',NULL,0),(970,'溪湖区','0',168,0,'',1,0,'',NULL,0),(971,'明山区','0',168,0,'',1,0,'',NULL,0),(972,'南芬区','0',168,0,'',1,0,'',NULL,0),(973,'本溪满族自治县','0',168,0,'',1,0,'',NULL,0),(974,'桓仁满族自治县','0',168,0,'',1,0,'',NULL,0),(975,'元宝区','0',169,0,'',1,0,'',NULL,0),(976,'振兴区','0',169,0,'',1,0,'',NULL,0),(977,'振安区','0',169,0,'',1,0,'',NULL,0),(978,'宽甸满族自治县','0',169,0,'',1,0,'',NULL,0),(979,'东港市','0',169,0,'',1,0,'',NULL,0),(980,'凤城市','0',169,0,'',1,0,'',NULL,0),(981,'古塔区','0',170,0,'',1,0,'',NULL,0),(982,'凌河区','0',170,0,'',1,0,'',NULL,0),(983,'太和区','0',170,0,'',1,0,'',NULL,0),(984,'黑山县','0',170,0,'',1,0,'',NULL,0),(985,'义县','0',170,0,'',1,0,'',NULL,0),(986,'凌海市','0',170,0,'',1,0,'',NULL,0),(987,'北镇市','0',170,0,'',1,0,'',NULL,0),(988,'站前区','0',171,0,'',1,0,'',NULL,0),(989,'西市区','0',171,0,'',1,0,'',NULL,0),(990,'鲅鱼圈区','0',171,0,'',1,0,'',NULL,0),(991,'老边区','0',171,0,'',1,0,'',NULL,0),(992,'盖州市','0',171,0,'',1,0,'',NULL,0),(993,'大石桥市','0',171,0,'',1,0,'',NULL,0),(994,'海州区','0',172,0,'',1,0,'',NULL,0),(995,'新邱区','0',172,0,'',1,0,'',NULL,0),(996,'太平区','0',172,0,'',1,0,'',NULL,0),(997,'清河门区','0',172,0,'',1,0,'',NULL,0),(998,'细河区','0',172,0,'',1,0,'',NULL,0),(999,'阜新蒙古族自治县','0',172,0,'',1,0,'',NULL,0),(1000,'彰武县','0',172,0,'',1,0,'',NULL,0),(1001,'白塔区','0',173,0,'',1,0,'',NULL,0),(1002,'文圣区','0',173,0,'',1,0,'',NULL,0),(1003,'宏伟区','0',173,0,'',1,0,'',NULL,0),(1004,'弓长岭区','0',173,0,'',1,0,'',NULL,0),(1005,'太子河区','0',173,0,'',1,0,'',NULL,0),(1006,'辽阳县','0',173,0,'',1,0,'',NULL,0),(1007,'灯塔市','0',173,0,'',1,0,'',NULL,0),(1008,'双台子区','0',174,0,'',1,0,'',NULL,0),(1009,'兴隆台区','0',174,0,'',1,0,'',NULL,0),(1010,'大洼县','0',174,0,'',1,0,'',NULL,0),(1011,'盘山县','0',174,0,'',1,0,'',NULL,0),(1012,'银州区','0',175,0,'',1,0,'',NULL,0),(1013,'清河区','0',175,0,'',1,0,'',NULL,0),(1014,'铁岭县','0',175,0,'',1,0,'',NULL,0),(1015,'西丰县','0',175,0,'',1,0,'',NULL,0),(1016,'昌图县','0',175,0,'',1,0,'',NULL,0),(1017,'调兵山市','0',175,0,'',1,0,'',NULL,0),(1018,'开原市','0',175,0,'',1,0,'',NULL,0),(1019,'双塔区','0',176,0,'',1,0,'',NULL,0),(1020,'龙城区','0',176,0,'',1,0,'',NULL,0),(1021,'朝阳县','0',176,0,'',1,0,'',NULL,0),(1022,'建平县','0',176,0,'',1,0,'',NULL,0),(1023,'喀喇沁左翼蒙古族自治县','0',176,0,'',1,0,'',NULL,0),(1024,'北票市','0',176,0,'',1,0,'',NULL,0),(1025,'凌源市','0',176,0,'',1,0,'',NULL,0),(1026,'连山区','0',177,0,'',1,0,'',NULL,0),(1027,'龙港区','0',177,0,'',1,0,'',NULL,0),(1028,'南票区','0',177,0,'',1,0,'',NULL,0),(1029,'绥中县','0',177,0,'',1,0,'',NULL,0),(1030,'建昌县','0',177,0,'',1,0,'',NULL,0),(1031,'兴城市','0',177,0,'',1,0,'',NULL,0),(1032,'南关区','0',178,0,'',1,0,'',NULL,0),(1033,'宽城区','0',178,0,'',1,0,'',NULL,0),(1034,'朝阳区','0',178,0,'',1,0,'',NULL,0),(1035,'二道区','0',178,0,'',1,0,'',NULL,0),(1036,'绿园区','0',178,0,'',1,0,'',NULL,0),(1037,'双阳区','0',178,0,'',1,0,'',NULL,0),(1038,'农安县','0',178,0,'',1,0,'',NULL,0),(1039,'九台市','0',178,0,'',1,0,'',NULL,0),(1040,'榆树市','0',178,0,'',1,0,'',NULL,0),(1041,'德惠市','0',178,0,'',1,0,'',NULL,0),(1042,'昌邑区','0',179,0,'',1,0,'',NULL,0),(1043,'龙潭区','0',179,0,'',1,0,'',NULL,0),(1044,'船营区','0',179,0,'',1,0,'',NULL,0),(1045,'丰满区','0',179,0,'',1,0,'',NULL,0),(1046,'永吉县','0',179,0,'',1,0,'',NULL,0),(1047,'蛟河市','0',179,0,'',1,0,'',NULL,0),(1048,'桦甸市','0',179,0,'',1,0,'',NULL,0),(1049,'舒兰市','0',179,0,'',1,0,'',NULL,0),(1050,'磐石市','0',179,0,'',1,0,'',NULL,0),(1051,'铁西区','0',180,0,'',1,0,'',NULL,0),(1052,'铁东区','0',180,0,'',1,0,'',NULL,0),(1053,'梨树县','0',180,0,'',1,0,'',NULL,0),(1054,'伊通满族自治县','0',180,0,'',1,0,'',NULL,0),(1055,'公主岭市','0',180,0,'',1,0,'',NULL,0),(1056,'双辽市','0',180,0,'',1,0,'',NULL,0),(1057,'龙山区','0',181,0,'',1,0,'',NULL,0),(1058,'西安区','0',181,0,'',1,0,'',NULL,0),(1059,'东丰县','0',181,0,'',1,0,'',NULL,0),(1060,'东辽县','0',181,0,'',1,0,'',NULL,0),(1061,'东昌区','0',182,0,'',1,0,'',NULL,0),(1062,'二道江区','0',182,0,'',1,0,'',NULL,0),(1063,'通化县','0',182,0,'',1,0,'',NULL,0),(1064,'辉南县','0',182,0,'',1,0,'',NULL,0),(1065,'柳河县','0',182,0,'',1,0,'',NULL,0),(1066,'梅河口市','0',182,0,'',1,0,'',NULL,0),(1067,'集安市','0',182,0,'',1,0,'',NULL,0),(1068,'八道江区','0',183,0,'',1,0,'',NULL,0),(1069,'抚松县','0',183,0,'',1,0,'',NULL,0),(1070,'靖宇县','0',183,0,'',1,0,'',NULL,0),(1071,'长白朝鲜族自治县','0',183,0,'',1,0,'',NULL,0),(1072,'江源县','0',183,0,'',1,0,'',NULL,0),(1073,'临江市','0',183,0,'',1,0,'',NULL,0),(1074,'宁江区','0',184,0,'',1,0,'',NULL,0),(1075,'前郭尔罗斯蒙古族自治县','0',184,0,'',1,0,'',NULL,0),(1076,'长岭县','0',184,0,'',1,0,'',NULL,0),(1077,'乾安县','0',184,0,'',1,0,'',NULL,0),(1078,'扶余县','0',184,0,'',1,0,'',NULL,0),(1079,'洮北区','0',185,0,'',1,0,'',NULL,0),(1080,'镇赉县','0',185,0,'',1,0,'',NULL,0),(1081,'通榆县','0',185,0,'',1,0,'',NULL,0),(1082,'洮南市','0',185,0,'',1,0,'',NULL,0),(1083,'大安市','0',185,0,'',1,0,'',NULL,0),(1084,'延吉市','0',186,0,'',1,0,'',NULL,0),(1085,'图们市','0',186,0,'',1,0,'',NULL,0),(1086,'敦化市','0',186,0,'',1,0,'',NULL,0),(1087,'珲春市','0',186,0,'',1,0,'',NULL,0),(1088,'龙井市','0',186,0,'',1,0,'',NULL,0),(1089,'和龙市','0',186,0,'',1,0,'',NULL,0),(1090,'汪清县','0',186,0,'',1,0,'',NULL,0),(1091,'安图县','0',186,0,'',1,0,'',NULL,0),(1092,'道里区','0',187,0,'',1,0,'',NULL,0),(1093,'南岗区','0',187,0,'',1,0,'',NULL,0),(1094,'道外区','0',187,0,'',1,0,'',NULL,0),(1095,'香坊区','0',187,0,'',1,0,'',NULL,0),(1096,'动力区','0',187,0,'',1,0,'',NULL,0),(1097,'平房区','0',187,0,'',1,0,'',NULL,0),(1098,'松北区','0',187,0,'',1,0,'',NULL,0),(1099,'呼兰区','0',187,0,'',1,0,'',NULL,0),(1100,'依兰县','0',187,0,'',1,0,'',NULL,0),(1101,'方正县','0',187,0,'',1,0,'',NULL,0),(1102,'宾县','0',187,0,'',1,0,'',NULL,0),(1103,'巴彦县','0',187,0,'',1,0,'',NULL,0),(1104,'木兰县','0',187,0,'',1,0,'',NULL,0),(1105,'通河县','0',187,0,'',1,0,'',NULL,0),(1106,'延寿县','0',187,0,'',1,0,'',NULL,0),(1107,'阿城市','0',187,0,'',1,0,'',NULL,0),(1108,'双城市','0',187,0,'',1,0,'',NULL,0),(1109,'尚志市','0',187,0,'',1,0,'',NULL,0),(1110,'五常市','0',187,0,'',1,0,'',NULL,0),(1111,'龙沙区','0',188,0,'',1,0,'',NULL,0),(1112,'建华区','0',188,0,'',1,0,'',NULL,0),(1113,'铁锋区','0',188,0,'',1,0,'',NULL,0),(1114,'昂昂溪区','0',188,0,'',1,0,'',NULL,0),(1115,'富拉尔基区','0',188,0,'',1,0,'',NULL,0),(1116,'碾子山区','0',188,0,'',1,0,'',NULL,0),(1117,'梅里斯达斡尔族区','0',188,0,'',1,0,'',NULL,0),(1118,'龙江县','0',188,0,'',1,0,'',NULL,0),(1119,'依安县','0',188,0,'',1,0,'',NULL,0),(1120,'泰来县','0',188,0,'',1,0,'',NULL,0),(1121,'甘南县','0',188,0,'',1,0,'',NULL,0),(1122,'富裕县','0',188,0,'',1,0,'',NULL,0),(1123,'克山县','0',188,0,'',1,0,'',NULL,0),(1124,'克东县','0',188,0,'',1,0,'',NULL,0),(1125,'拜泉县','0',188,0,'',1,0,'',NULL,0),(1126,'讷河市','0',188,0,'',1,0,'',NULL,0),(1127,'鸡冠区','0',189,0,'',1,0,'',NULL,0),(1128,'恒山区','0',189,0,'',1,0,'',NULL,0),(1129,'滴道区','0',189,0,'',1,0,'',NULL,0),(1130,'梨树区','0',189,0,'',1,0,'',NULL,0),(1131,'城子河区','0',189,0,'',1,0,'',NULL,0),(1132,'麻山区','0',189,0,'',1,0,'',NULL,0),(1133,'鸡东县','0',189,0,'',1,0,'',NULL,0),(1134,'虎林市','0',189,0,'',1,0,'',NULL,0),(1135,'密山市','0',189,0,'',1,0,'',NULL,0),(1136,'向阳区','0',190,0,'',1,0,'',NULL,0),(1137,'工农区','0',190,0,'',1,0,'',NULL,0),(1138,'南山区','0',190,0,'',1,0,'',NULL,0),(1139,'兴安区','0',190,0,'',1,0,'',NULL,0),(1140,'东山区','0',190,0,'',1,0,'',NULL,0),(1141,'兴山区','0',190,0,'',1,0,'',NULL,0),(1142,'萝北县','0',190,0,'',1,0,'',NULL,0),(1143,'绥滨县','0',190,0,'',1,0,'',NULL,0),(1144,'尖山区','0',191,0,'',1,0,'',NULL,0),(1145,'岭东区','0',191,0,'',1,0,'',NULL,0),(1146,'四方台区','0',191,0,'',1,0,'',NULL,0),(1147,'宝山区','0',191,0,'',1,0,'',NULL,0),(1148,'集贤县','0',191,0,'',1,0,'',NULL,0),(1149,'友谊县','0',191,0,'',1,0,'',NULL,0),(1150,'宝清县','0',191,0,'',1,0,'',NULL,0),(1151,'饶河县','0',191,0,'',1,0,'',NULL,0),(1152,'萨尔图区','0',192,0,'',1,0,'',NULL,0),(1153,'龙凤区','0',192,0,'',1,0,'',NULL,0),(1154,'让胡路区','0',192,0,'',1,0,'',NULL,0),(1155,'红岗区','0',192,0,'',1,0,'',NULL,0),(1156,'大同区','0',192,0,'',1,0,'',NULL,0),(1157,'肇州县','0',192,0,'',1,0,'',NULL,0),(1158,'肇源县','0',192,0,'',1,0,'',NULL,0),(1159,'林甸县','0',192,0,'',1,0,'',NULL,0),(1160,'杜尔伯特蒙古族自治县','0',192,0,'',1,0,'',NULL,0),(1161,'伊春区','0',193,0,'',1,0,'',NULL,0),(1162,'南岔区','0',193,0,'',1,0,'',NULL,0),(1163,'友好区','0',193,0,'',1,0,'',NULL,0),(1164,'西林区','0',193,0,'',1,0,'',NULL,0),(1165,'翠峦区','0',193,0,'',1,0,'',NULL,0),(1166,'新青区','0',193,0,'',1,0,'',NULL,0),(1167,'美溪区','0',193,0,'',1,0,'',NULL,0),(1168,'金山屯区','0',193,0,'',1,0,'',NULL,0),(1169,'五营区','0',193,0,'',1,0,'',NULL,0),(1170,'乌马河区','0',193,0,'',1,0,'',NULL,0),(1171,'汤旺河区','0',193,0,'',1,0,'',NULL,0),(1172,'带岭区','0',193,0,'',1,0,'',NULL,0),(1173,'乌伊岭区','0',193,0,'',1,0,'',NULL,0),(1174,'红星区','0',193,0,'',1,0,'',NULL,0),(1175,'上甘岭区','0',193,0,'',1,0,'',NULL,0),(1176,'嘉荫县','0',193,0,'',1,0,'',NULL,0),(1177,'铁力市','0',193,0,'',1,0,'',NULL,0),(1178,'永红区','0',194,0,'',1,0,'',NULL,0),(1179,'向阳区','0',194,0,'',1,0,'',NULL,0),(1180,'前进区','0',194,0,'',1,0,'',NULL,0),(1181,'东风区','0',194,0,'',1,0,'',NULL,0),(1182,'郊区','0',194,0,'',1,0,'',NULL,0),(1183,'桦南县','0',194,0,'',1,0,'',NULL,0),(1184,'桦川县','0',194,0,'',1,0,'',NULL,0),(1185,'汤原县','0',194,0,'',1,0,'',NULL,0),(1186,'抚远县','0',194,0,'',1,0,'',NULL,0),(1187,'同江市','0',194,0,'',1,0,'',NULL,0),(1188,'富锦市','0',194,0,'',1,0,'',NULL,0),(1189,'新兴区','0',195,0,'',1,0,'',NULL,0),(1190,'桃山区','0',195,0,'',1,0,'',NULL,0),(1191,'茄子河区','0',195,0,'',1,0,'',NULL,0),(1192,'勃利县','0',195,0,'',1,0,'',NULL,0),(1193,'东安区','0',196,0,'',1,0,'',NULL,0),(1194,'阳明区','0',196,0,'',1,0,'',NULL,0),(1195,'爱民区','0',196,0,'',1,0,'',NULL,0),(1196,'西安区','0',196,0,'',1,0,'',NULL,0),(1197,'东宁县','0',196,0,'',1,0,'',NULL,0),(1198,'林口县','0',196,0,'',1,0,'',NULL,0),(1199,'绥芬河市','0',196,0,'',1,0,'',NULL,0),(1200,'海林市','0',196,0,'',1,0,'',NULL,0),(1201,'宁安市','0',196,0,'',1,0,'',NULL,0),(1202,'穆棱市','0',196,0,'',1,0,'',NULL,0),(1203,'爱辉区','0',197,0,'',1,0,'',NULL,0),(1204,'嫩江县','0',197,0,'',1,0,'',NULL,0),(1205,'逊克县','0',197,0,'',1,0,'',NULL,0),(1206,'孙吴县','0',197,0,'',1,0,'',NULL,0),(1207,'北安市','0',197,0,'',1,0,'',NULL,0),(1208,'五大连池市','0',197,0,'',1,0,'',NULL,0),(1209,'北林区','0',198,0,'',1,0,'',NULL,0),(1210,'望奎县','0',198,0,'',1,0,'',NULL,0),(1211,'兰西县','0',198,0,'',1,0,'',NULL,0),(1212,'青冈县','0',198,0,'',1,0,'',NULL,0),(1213,'庆安县','0',198,0,'',1,0,'',NULL,0),(1214,'明水县','0',198,0,'',1,0,'',NULL,0),(1215,'绥棱县','0',198,0,'',1,0,'',NULL,0),(1216,'安达市','0',198,0,'',1,0,'',NULL,0),(1217,'肇东市','0',198,0,'',1,0,'',NULL,0),(1218,'海伦市','0',198,0,'',1,0,'',NULL,0),(1219,'呼玛县','0',199,0,'',1,0,'',NULL,0),(1220,'塔河县','0',199,0,'',1,0,'',NULL,0),(1221,'漠河县','0',199,0,'',1,0,'',NULL,0),(1222,'玄武区','0',200,0,'',1,0,'',NULL,0),(1223,'白下区','0',200,0,'',1,0,'',NULL,0),(1224,'秦淮区','0',200,0,'',1,0,'',NULL,0),(1225,'建邺区','0',200,0,'',1,0,'',NULL,0),(1226,'鼓楼区','0',200,0,'',1,0,'',NULL,0),(1227,'下关区','0',200,0,'',1,0,'',NULL,0),(1228,'浦口区','0',200,0,'',1,0,'',NULL,0),(1229,'栖霞区','0',200,0,'',1,0,'',NULL,0),(1230,'雨花台区','0',200,0,'',1,0,'',NULL,0),(1231,'江宁区','0',200,0,'',1,0,'',NULL,0),(1232,'六合区','0',200,0,'',1,0,'',NULL,0),(1233,'溧水县','0',200,0,'',1,0,'',NULL,0),(1234,'高淳县','0',200,0,'',1,0,'',NULL,0),(1235,'崇安区','0',201,0,'',1,0,'',NULL,0),(1236,'南长区','0',201,0,'',1,0,'',NULL,0),(1237,'北塘区','0',201,0,'',1,0,'',NULL,0),(1238,'锡山区','0',201,0,'',1,0,'',NULL,0),(1239,'惠山区','0',201,0,'',1,0,'',NULL,0),(1240,'滨湖区','0',201,0,'',1,0,'',NULL,0),(1241,'江阴市','0',201,0,'',1,0,'',NULL,0),(1242,'宜兴市','0',201,0,'',1,0,'',NULL,0),(1243,'鼓楼区','0',202,0,'',1,0,'',NULL,0),(1244,'云龙区','0',202,0,'',1,0,'',NULL,0),(1245,'九里区','0',202,0,'',1,0,'',NULL,0),(1246,'贾汪区','0',202,0,'',1,0,'',NULL,0),(1247,'泉山区','0',202,0,'',1,0,'',NULL,0),(1248,'丰县','0',202,0,'',1,0,'',NULL,0),(1249,'沛县','0',202,0,'',1,0,'',NULL,0),(1250,'铜山县','0',202,0,'',1,0,'',NULL,0),(1251,'睢宁县','0',202,0,'',1,0,'',NULL,0),(1252,'新沂市','0',202,0,'',1,0,'',NULL,0),(1253,'邳州市','0',202,0,'',1,0,'',NULL,0),(1254,'天宁区','0',203,0,'',1,0,'',NULL,0),(1255,'钟楼区','0',203,0,'',1,0,'',NULL,0),(1256,'戚墅堰区','0',203,0,'',1,0,'',NULL,0),(1257,'新北区','0',203,0,'',1,0,'',NULL,0),(1258,'武进区','0',203,0,'',1,0,'',NULL,0),(1259,'溧阳市','0',203,0,'',1,0,'',NULL,0),(1260,'金坛市','0',203,0,'',1,0,'',NULL,0),(1261,'沧浪区','0',204,0,'',1,0,'',NULL,0),(1262,'平江区','0',204,0,'',1,0,'',NULL,0),(1263,'金阊区','0',204,0,'',1,0,'',NULL,0),(1264,'虎丘区','0',204,0,'',1,0,'',NULL,0),(1265,'吴中区','0',204,0,'',1,0,'',NULL,0),(1266,'相城区','0',204,0,'',1,0,'',NULL,0),(1267,'常熟市','0',204,0,'',1,0,'',NULL,0),(1268,'张家港市','0',204,0,'',1,0,'',NULL,0),(1269,'昆山市','0',204,0,'',1,0,'',NULL,0),(1270,'吴江市','0',204,0,'',1,0,'',NULL,0),(1271,'太仓市','0',204,0,'',1,0,'',NULL,0),(1272,'崇川区','0',205,0,'',1,0,'',NULL,0),(1273,'港闸区','0',205,0,'',1,0,'',NULL,0),(1274,'海安县','0',205,0,'',1,0,'',NULL,0),(1275,'如东县','0',205,0,'',1,0,'',NULL,0),(1276,'启东市','0',205,0,'',1,0,'',NULL,0),(1277,'如皋市','0',205,0,'',1,0,'',NULL,0),(1278,'通州市','0',205,0,'',1,0,'',NULL,0),(1279,'海门市','0',205,0,'',1,0,'',NULL,0),(1280,'连云区','0',206,0,'',1,0,'',NULL,0),(1281,'新浦区','0',206,0,'',1,0,'',NULL,0),(1282,'海州区','0',206,0,'',1,0,'',NULL,0),(1283,'赣榆县','0',206,0,'',1,0,'',NULL,0),(1284,'东海县','0',206,0,'',1,0,'',NULL,0),(1285,'灌云县','0',206,0,'',1,0,'',NULL,0),(1286,'灌南县','0',206,0,'',1,0,'',NULL,0),(1287,'清河区','0',207,0,'',1,0,'',NULL,0),(1288,'楚州区','0',207,0,'',1,0,'',NULL,0),(1289,'淮阴区','0',207,0,'',1,0,'',NULL,0),(1290,'清浦区','0',207,0,'',1,0,'',NULL,0),(1291,'涟水县','0',207,0,'',1,0,'',NULL,0),(1292,'洪泽县','0',207,0,'',1,0,'',NULL,0),(1293,'盱眙县','0',207,0,'',1,0,'',NULL,0),(1294,'金湖县','0',207,0,'',1,0,'',NULL,0),(1295,'亭湖区','0',208,0,'',1,0,'',NULL,0),(1296,'盐都区','0',208,0,'',1,0,'',NULL,0),(1297,'响水县','0',208,0,'',1,0,'',NULL,0),(1298,'滨海县','0',208,0,'',1,0,'',NULL,0),(1299,'阜宁县','0',208,0,'',1,0,'',NULL,0),(1300,'射阳县','0',208,0,'',1,0,'',NULL,0),(1301,'建湖县','0',208,0,'',1,0,'',NULL,0),(1302,'东台市','0',208,0,'',1,0,'',NULL,0),(1303,'大丰市','0',208,0,'',1,0,'',NULL,0),(1304,'广陵区','0',209,0,'',1,0,'',NULL,0),(1305,'邗江区','0',209,0,'',1,0,'',NULL,0),(1306,'维扬区','0',209,0,'',1,0,'',NULL,0),(1307,'宝应县','0',209,0,'',1,0,'',NULL,0),(1308,'仪征市','0',209,0,'',1,0,'',NULL,0),(1309,'高邮市','0',209,0,'',1,0,'',NULL,0),(1310,'江都市','0',209,0,'',1,0,'',NULL,0),(1311,'京口区','0',210,0,'',1,0,'',NULL,0),(1312,'润州区','0',210,0,'',1,0,'',NULL,0),(1313,'丹徒区','0',210,0,'',1,0,'',NULL,0),(1314,'丹阳市','0',210,0,'',1,0,'',NULL,0),(1315,'扬中市','0',210,0,'',1,0,'',NULL,0),(1316,'句容市','0',210,0,'',1,0,'',NULL,0),(1317,'海陵区','0',211,0,'',1,0,'',NULL,0),(1318,'高港区','0',211,0,'',1,0,'',NULL,0),(1319,'兴化市','0',211,0,'',1,0,'',NULL,0),(1320,'靖江市','0',211,0,'',1,0,'',NULL,0),(1321,'泰兴市','0',211,0,'',1,0,'',NULL,0),(1322,'姜堰市','0',211,0,'',1,0,'',NULL,0),(1323,'宿城区','0',212,0,'',1,0,'',NULL,0),(1324,'宿豫区','0',212,0,'',1,0,'',NULL,0),(1325,'沭阳县','0',212,0,'',1,0,'',NULL,0),(1326,'泗阳县','0',212,0,'',1,0,'',NULL,0),(1327,'泗洪县','0',212,0,'',1,0,'',NULL,0),(1328,'上城区','0',213,0,'',1,0,'',NULL,0),(1329,'下城区','0',213,0,'',1,0,'',NULL,0),(1330,'江干区','0',213,0,'',1,0,'',NULL,0),(1331,'拱墅区','0',213,0,'',1,0,'',NULL,0),(1332,'西湖区','0',213,0,'',1,0,'',NULL,0),(1333,'滨江区','0',213,0,'',1,0,'',NULL,0),(1334,'萧山区','0',213,0,'',1,0,'',NULL,0),(1335,'余杭区','0',213,0,'',1,0,'',NULL,0),(1336,'桐庐县','0',213,0,'',1,0,'',NULL,0),(1337,'淳安县','0',213,0,'',1,0,'',NULL,0),(1338,'建德市','0',213,0,'',1,0,'',NULL,0),(1339,'富阳市','0',213,0,'',1,0,'',NULL,0),(1340,'临安市','0',213,0,'',1,0,'',NULL,0),(1341,'海曙区','0',214,0,'',1,0,'',NULL,0),(1342,'江东区','0',214,0,'',1,0,'',NULL,0),(1343,'江北区','0',214,0,'',1,0,'',NULL,0),(1344,'北仑区','0',214,0,'',1,0,'',NULL,0),(1345,'镇海区','0',214,0,'',1,0,'',NULL,0),(1346,'鄞州区','0',214,0,'',1,0,'',NULL,0),(1347,'象山县','0',214,0,'',1,0,'',NULL,0),(1348,'宁海县','0',214,0,'',1,0,'',NULL,0),(1349,'余姚市','0',214,0,'',1,0,'',NULL,0),(1350,'慈溪市','0',214,0,'',1,0,'',NULL,0),(1351,'奉化市','0',214,0,'',1,0,'',NULL,0),(1352,'鹿城区','0',215,0,'',1,0,'',NULL,0),(1353,'龙湾区','0',215,0,'',1,0,'',NULL,0),(1354,'瓯海区','0',215,0,'',1,0,'',NULL,0),(1355,'洞头县','0',215,0,'',1,0,'',NULL,0),(1356,'永嘉县','0',215,0,'',1,0,'',NULL,0),(1357,'平阳县','0',215,0,'',1,0,'',NULL,0),(1358,'苍南县','0',215,0,'',1,0,'',NULL,0),(1359,'文成县','0',215,0,'',1,0,'',NULL,0),(1360,'泰顺县','0',215,0,'',1,0,'',NULL,0),(1361,'瑞安市','0',215,0,'',1,0,'',NULL,0),(1362,'乐清市','0',215,0,'',1,0,'',NULL,0),(1363,'秀城区','0',216,0,'',1,0,'',NULL,0),(1364,'秀洲区','0',216,0,'',1,0,'',NULL,0),(1365,'嘉善县','0',216,0,'',1,0,'',NULL,0),(1366,'海盐县','0',216,0,'',1,0,'',NULL,0),(1367,'海宁市','0',216,0,'',1,0,'',NULL,0),(1368,'平湖市','0',216,0,'',1,0,'',NULL,0),(1369,'桐乡市','0',216,0,'',1,0,'',NULL,0),(1370,'吴兴区','0',217,0,'',1,0,'',NULL,0),(1371,'南浔区','0',217,0,'',1,0,'',NULL,0),(1372,'德清县','0',217,0,'',1,0,'',NULL,0),(1373,'长兴县','0',217,0,'',1,0,'',NULL,0),(1374,'安吉县','0',217,0,'',1,0,'',NULL,0),(1375,'越城区','0',218,0,'',1,0,'',NULL,0),(1376,'绍兴县','0',218,0,'',1,0,'',NULL,0),(1377,'新昌县','0',218,0,'',1,0,'',NULL,0),(1378,'诸暨市','0',218,0,'',1,0,'',NULL,0),(1379,'上虞市','0',218,0,'',1,0,'',NULL,0),(1380,'嵊州市','0',218,0,'',1,0,'',NULL,0),(1381,'婺城区','0',219,0,'',1,0,'',NULL,0),(1382,'金东区','0',219,0,'',1,0,'',NULL,0),(1383,'武义县','0',219,0,'',1,0,'',NULL,0),(1384,'浦江县','0',219,0,'',1,0,'',NULL,0),(1385,'磐安县','0',219,0,'',1,0,'',NULL,0),(1386,'兰溪市','0',219,0,'',1,0,'',NULL,0),(1387,'义乌市','0',219,0,'',1,0,'',NULL,0),(1388,'东阳市','0',219,0,'',1,0,'',NULL,0),(1389,'永康市','0',219,0,'',1,0,'',NULL,0),(1390,'柯城区','0',220,0,'',1,0,'',NULL,0),(1391,'衢江区','0',220,0,'',1,0,'',NULL,0),(1392,'常山县','0',220,0,'',1,0,'',NULL,0),(1393,'开化县','0',220,0,'',1,0,'',NULL,0),(1394,'龙游县','0',220,0,'',1,0,'',NULL,0),(1395,'江山市','0',220,0,'',1,0,'',NULL,0),(1396,'定海区','0',221,0,'',1,0,'',NULL,0),(1397,'普陀区','0',221,0,'',1,0,'',NULL,0),(1398,'岱山县','0',221,0,'',1,0,'',NULL,0),(1399,'嵊泗县','0',221,0,'',1,0,'',NULL,0),(1400,'椒江区','0',222,0,'',1,0,'',NULL,0),(1401,'黄岩区','0',222,0,'',1,0,'',NULL,0),(1402,'路桥区','0',222,0,'',1,0,'',NULL,0),(1403,'玉环县','0',222,0,'',1,0,'',NULL,0),(1404,'三门县','0',222,0,'',1,0,'',NULL,0),(1405,'天台县','0',222,0,'',1,0,'',NULL,0),(1406,'仙居县','0',222,0,'',1,0,'',NULL,0),(1407,'温岭市','0',222,0,'',1,0,'',NULL,0),(1408,'临海市','0',222,0,'',1,0,'',NULL,0),(1409,'莲都区','0',223,0,'',1,0,'',NULL,0),(1410,'青田县','0',223,0,'',1,0,'',NULL,0),(1411,'缙云县','0',223,0,'',1,0,'',NULL,0),(1412,'遂昌县','0',223,0,'',1,0,'',NULL,0),(1413,'松阳县','0',223,0,'',1,0,'',NULL,0),(1414,'云和县','0',223,0,'',1,0,'',NULL,0),(1415,'庆元县','0',223,0,'',1,0,'',NULL,0),(1416,'景宁畲族自治县','0',223,0,'',1,0,'',NULL,0),(1417,'龙泉市','0',223,0,'',1,0,'',NULL,0),(1418,'瑶海区','0',224,0,'',1,0,'',NULL,0),(1419,'庐阳区','0',224,0,'',1,0,'',NULL,0),(1420,'蜀山区','0',224,0,'',1,0,'',NULL,0),(1421,'包河区','0',224,0,'',1,0,'',NULL,0),(1422,'长丰县','0',224,0,'',1,0,'',NULL,0),(1423,'肥东县','0',224,0,'',1,0,'',NULL,0),(1424,'肥西县','0',224,0,'',1,0,'',NULL,0),(1425,'镜湖区','0',225,0,'',1,0,'',NULL,0),(1426,'弋江区','0',225,0,'',1,0,'',NULL,0),(1427,'鸠江区','0',225,0,'',1,0,'',NULL,0),(1428,'三山区','0',225,0,'',1,0,'',NULL,0),(1429,'芜湖县','0',225,0,'',1,0,'',NULL,0),(1430,'繁昌县','0',225,0,'',1,0,'',NULL,0),(1431,'南陵县','0',225,0,'',1,0,'',NULL,0),(1432,'龙子湖区','0',226,0,'',1,0,'',NULL,0),(1433,'蚌山区','0',226,0,'',1,0,'',NULL,0),(1434,'禹会区','0',226,0,'',1,0,'',NULL,0),(1435,'淮上区','0',226,0,'',1,0,'',NULL,0),(1436,'怀远县','0',226,0,'',1,0,'',NULL,0),(1437,'五河县','0',226,0,'',1,0,'',NULL,0),(1438,'固镇县','0',226,0,'',1,0,'',NULL,0),(1439,'大通区','0',227,0,'',1,0,'',NULL,0),(1440,'田家庵区','0',227,0,'',1,0,'',NULL,0),(1441,'谢家集区','0',227,0,'',1,0,'',NULL,0),(1442,'八公山区','0',227,0,'',1,0,'',NULL,0),(1443,'潘集区','0',227,0,'',1,0,'',NULL,0),(1444,'凤台县','0',227,0,'',1,0,'',NULL,0),(1445,'金家庄区','0',228,0,'',1,0,'',NULL,0),(1446,'花山区','0',228,0,'',1,0,'',NULL,0),(1447,'雨山区','0',228,0,'',1,0,'',NULL,0),(1448,'当涂县','0',228,0,'',1,0,'',NULL,0),(1449,'杜集区','0',229,0,'',1,0,'',NULL,0),(1450,'相山区','0',229,0,'',1,0,'',NULL,0),(1451,'烈山区','0',229,0,'',1,0,'',NULL,0),(1452,'濉溪县','0',229,0,'',1,0,'',NULL,0),(1453,'铜官山区','0',230,0,'',1,0,'',NULL,0),(1454,'狮子山区','0',230,0,'',1,0,'',NULL,0),(1455,'郊区','0',230,0,'',1,0,'',NULL,0),(1456,'铜陵县','0',230,0,'',1,0,'',NULL,0),(1457,'迎江区','0',231,0,'',1,0,'',NULL,0),(1458,'大观区','0',231,0,'',1,0,'',NULL,0),(1459,'宜秀区','0',231,0,'',1,0,'',NULL,0),(1460,'怀宁县','0',231,0,'',1,0,'',NULL,0),(1461,'枞阳县','0',231,0,'',1,0,'',NULL,0),(1462,'潜山县','0',231,0,'',1,0,'',NULL,0),(1463,'太湖县','0',231,0,'',1,0,'',NULL,0),(1464,'宿松县','0',231,0,'',1,0,'',NULL,0),(1465,'望江县','0',231,0,'',1,0,'',NULL,0),(1466,'岳西县','0',231,0,'',1,0,'',NULL,0),(1467,'桐城市','0',231,0,'',1,0,'',NULL,0),(1468,'屯溪区','0',232,0,'',1,0,'',NULL,0),(1469,'黄山区','0',232,0,'',1,0,'',NULL,0),(1470,'徽州区','0',232,0,'',1,0,'',NULL,0),(1471,'歙县','0',232,0,'',1,0,'',NULL,0),(1472,'休宁县','0',232,0,'',1,0,'',NULL,0),(1473,'黟县','0',232,0,'',1,0,'',NULL,0),(1474,'祁门县','0',232,0,'',1,0,'',NULL,0),(1475,'琅琊区','0',233,0,'',1,0,'',NULL,0),(1476,'南谯区','0',233,0,'',1,0,'',NULL,0),(1477,'来安县','0',233,0,'',1,0,'',NULL,0),(1478,'全椒县','0',233,0,'',1,0,'',NULL,0),(1479,'定远县','0',233,0,'',1,0,'',NULL,0),(1480,'凤阳县','0',233,0,'',1,0,'',NULL,0),(1481,'天长市','0',233,0,'',1,0,'',NULL,0),(1482,'明光市','0',233,0,'',1,0,'',NULL,0),(1483,'颍州区','0',234,0,'',1,0,'',NULL,0),(1484,'颍东区','0',234,0,'',1,0,'',NULL,0),(1485,'颍泉区','0',234,0,'',1,0,'',NULL,0),(1486,'临泉县','0',234,0,'',1,0,'',NULL,0),(1487,'太和县','0',234,0,'',1,0,'',NULL,0),(1488,'阜南县','0',234,0,'',1,0,'',NULL,0),(1489,'颍上县','0',234,0,'',1,0,'',NULL,0),(1490,'界首市','0',234,0,'',1,0,'',NULL,0),(1491,'埇桥区','0',235,0,'',1,0,'',NULL,0),(1492,'砀山县','0',235,0,'',1,0,'',NULL,0),(1493,'萧县','0',235,0,'',1,0,'',NULL,0),(1494,'灵璧县','0',235,0,'',1,0,'',NULL,0),(1495,'泗县','0',235,0,'',1,0,'',NULL,0),(1496,'居巢区','0',236,0,'',1,0,'',NULL,0),(1497,'庐江县','0',236,0,'',1,0,'',NULL,0),(1498,'无为县','0',236,0,'',1,0,'',NULL,0),(1499,'含山县','0',236,0,'',1,0,'',NULL,0),(1500,'和县','0',236,0,'',1,0,'',NULL,0),(1501,'金安区','0',237,0,'',1,0,'',NULL,0),(1502,'裕安区','0',237,0,'',1,0,'',NULL,0),(1503,'寿县','0',237,0,'',1,0,'',NULL,0),(1504,'霍邱县','0',237,0,'',1,0,'',NULL,0),(1505,'舒城县','0',237,0,'',1,0,'',NULL,0),(1506,'金寨县','0',237,0,'',1,0,'',NULL,0),(1507,'霍山县','0',237,0,'',1,0,'',NULL,0),(1508,'谯城区','0',238,0,'',1,0,'',NULL,0),(1509,'涡阳县','0',238,0,'',1,0,'',NULL,0),(1510,'蒙城县','0',238,0,'',1,0,'',NULL,0),(1511,'利辛县','0',238,0,'',1,0,'',NULL,0),(1512,'贵池区','0',239,0,'',1,0,'',NULL,0),(1513,'东至县','0',239,0,'',1,0,'',NULL,0),(1514,'石台县','0',239,0,'',1,0,'',NULL,0),(1515,'青阳县','0',239,0,'',1,0,'',NULL,0),(1516,'宣州区','0',240,0,'',1,0,'',NULL,0),(1517,'郎溪县','0',240,0,'',1,0,'',NULL,0),(1518,'广德县','0',240,0,'',1,0,'',NULL,0),(1519,'泾县','0',240,0,'',1,0,'',NULL,0),(1520,'绩溪县','0',240,0,'',1,0,'',NULL,0),(1521,'旌德县','0',240,0,'',1,0,'',NULL,0),(1522,'宁国市','0',240,0,'',1,0,'',NULL,0),(1523,'鼓楼区','0',241,0,'',1,0,'',NULL,0),(1524,'台江区','0',241,0,'',1,0,'',NULL,0),(1525,'仓山区','0',241,0,'',1,0,'',NULL,0),(1526,'马尾区','0',241,0,'',1,0,'',NULL,0),(1527,'晋安区','0',241,0,'',1,0,'',NULL,0),(1528,'闽侯县','0',241,0,'',1,0,'',NULL,0),(1529,'连江县','0',241,0,'',1,0,'',NULL,0),(1530,'罗源县','0',241,0,'',1,0,'',NULL,0),(1531,'闽清县','0',241,0,'',1,0,'',NULL,0),(1532,'永泰县','0',241,0,'',1,0,'',NULL,0),(1533,'平潭县','0',241,0,'',1,0,'',NULL,0),(1534,'福清市','0',241,0,'',1,0,'',NULL,0),(1535,'长乐市','0',241,0,'',1,0,'',NULL,0),(1536,'思明区','0',242,0,'',1,0,'',NULL,0),(1537,'海沧区','0',242,0,'',1,0,'',NULL,0),(1538,'湖里区','0',242,0,'',1,0,'',NULL,0),(1539,'集美区','0',242,0,'',1,0,'',NULL,0),(1540,'同安区','0',242,0,'',1,0,'',NULL,0),(1541,'翔安区','0',242,0,'',1,0,'',NULL,0),(1542,'城厢区','0',243,0,'',1,0,'',NULL,0),(1543,'涵江区','0',243,0,'',1,0,'',NULL,0),(1544,'荔城区','0',243,0,'',1,0,'',NULL,0),(1545,'秀屿区','0',243,0,'',1,0,'',NULL,0),(1546,'仙游县','0',243,0,'',1,0,'',NULL,0),(1547,'梅列区','0',244,0,'',1,0,'',NULL,0),(1548,'三元区','0',244,0,'',1,0,'',NULL,0),(1549,'明溪县','0',244,0,'',1,0,'',NULL,0),(1550,'清流县','0',244,0,'',1,0,'',NULL,0),(1551,'宁化县','0',244,0,'',1,0,'',NULL,0),(1552,'大田县','0',244,0,'',1,0,'',NULL,0),(1553,'尤溪县','0',244,0,'',1,0,'',NULL,0),(1554,'沙县','0',244,0,'',1,0,'',NULL,0),(1555,'将乐县','0',244,0,'',1,0,'',NULL,0),(1556,'泰宁县','0',244,0,'',1,0,'',NULL,0),(1557,'建宁县','0',244,0,'',1,0,'',NULL,0),(1558,'永安市','0',244,0,'',1,0,'',NULL,0),(1559,'鲤城区','0',245,0,'',1,0,'',NULL,0),(1560,'丰泽区','0',245,0,'',1,0,'',NULL,0),(1561,'洛江区','0',245,0,'',1,0,'',NULL,0),(1562,'泉港区','0',245,0,'',1,0,'',NULL,0),(1563,'惠安县','0',245,0,'',1,0,'',NULL,0),(1564,'安溪县','0',245,0,'',1,0,'',NULL,0),(1565,'永春县','0',245,0,'',1,0,'',NULL,0),(1566,'德化县','0',245,0,'',1,0,'',NULL,0),(1567,'金门县','0',245,0,'',1,0,'',NULL,0),(1568,'石狮市','0',245,0,'',1,0,'',NULL,0),(1569,'晋江市','0',245,0,'',1,0,'',NULL,0),(1570,'南安市','0',245,0,'',1,0,'',NULL,0),(1571,'芗城区','0',246,0,'',1,0,'',NULL,0),(1572,'龙文区','0',246,0,'',1,0,'',NULL,0),(1573,'云霄县','0',246,0,'',1,0,'',NULL,0),(1574,'漳浦县','0',246,0,'',1,0,'',NULL,0),(1575,'诏安县','0',246,0,'',1,0,'',NULL,0),(1576,'长泰县','0',246,0,'',1,0,'',NULL,0),(1577,'东山县','0',246,0,'',1,0,'',NULL,0),(1578,'南靖县','0',246,0,'',1,0,'',NULL,0),(1579,'平和县','0',246,0,'',1,0,'',NULL,0),(1580,'华安县','0',246,0,'',1,0,'',NULL,0),(1581,'龙海市','0',246,0,'',1,0,'',NULL,0),(1582,'延平区','0',247,0,'',1,0,'',NULL,0),(1583,'顺昌县','0',247,0,'',1,0,'',NULL,0),(1584,'浦城县','0',247,0,'',1,0,'',NULL,0),(1585,'光泽县','0',247,0,'',1,0,'',NULL,0),(1586,'松溪县','0',247,0,'',1,0,'',NULL,0),(1587,'政和县','0',247,0,'',1,0,'',NULL,0),(1588,'邵武市','0',247,0,'',1,0,'',NULL,0),(1589,'武夷山市','0',247,0,'',1,0,'',NULL,0),(1590,'建瓯市','0',247,0,'',1,0,'',NULL,0),(1591,'建阳市','0',247,0,'',1,0,'',NULL,0),(1592,'新罗区','0',248,0,'',1,0,'',NULL,0),(1593,'长汀县','0',248,0,'',1,0,'',NULL,0),(1594,'永定县','0',248,0,'',1,0,'',NULL,0),(1595,'上杭县','0',248,0,'',1,0,'',NULL,0),(1596,'武平县','0',248,0,'',1,0,'',NULL,0),(1597,'连城县','0',248,0,'',1,0,'',NULL,0),(1598,'漳平市','0',248,0,'',1,0,'',NULL,0),(1599,'蕉城区','0',249,0,'',1,0,'',NULL,0),(1600,'霞浦县','0',249,0,'',1,0,'',NULL,0),(1601,'古田县','0',249,0,'',1,0,'',NULL,0),(1602,'屏南县','0',249,0,'',1,0,'',NULL,0),(1603,'寿宁县','0',249,0,'',1,0,'',NULL,0),(1604,'周宁县','0',249,0,'',1,0,'',NULL,0),(1605,'柘荣县','0',249,0,'',1,0,'',NULL,0),(1606,'福安市','0',249,0,'',1,0,'',NULL,0),(1607,'福鼎市','0',249,0,'',1,0,'',NULL,0),(1608,'东湖区','0',250,0,'',1,0,'',NULL,0),(1609,'西湖区','0',250,0,'',1,0,'',NULL,0),(1610,'青云谱区','0',250,0,'',1,0,'',NULL,0),(1611,'湾里区','0',250,0,'',1,0,'',NULL,0),(1612,'青山湖区','0',250,0,'',1,0,'',NULL,0),(1613,'南昌县','0',250,0,'',1,0,'',NULL,0),(1614,'新建县','0',250,0,'',1,0,'',NULL,0),(1615,'安义县','0',250,0,'',1,0,'',NULL,0),(1616,'进贤县','0',250,0,'',1,0,'',NULL,0),(1617,'昌江区','0',251,0,'',1,0,'',NULL,0),(1618,'珠山区','0',251,0,'',1,0,'',NULL,0),(1619,'浮梁县','0',251,0,'',1,0,'',NULL,0),(1620,'乐平市','0',251,0,'',1,0,'',NULL,0),(1621,'安源区','0',252,0,'',1,0,'',NULL,0),(1622,'湘东区','0',252,0,'',1,0,'',NULL,0),(1623,'莲花县','0',252,0,'',1,0,'',NULL,0),(1624,'上栗县','0',252,0,'',1,0,'',NULL,0),(1625,'芦溪县','0',252,0,'',1,0,'',NULL,0),(1626,'庐山区','0',253,0,'',1,0,'',NULL,0),(1627,'浔阳区','0',253,0,'',1,0,'',NULL,0),(1628,'九江县','0',253,0,'',1,0,'',NULL,0),(1629,'武宁县','0',253,0,'',1,0,'',NULL,0),(1630,'修水县','0',253,0,'',1,0,'',NULL,0),(1631,'永修县','0',253,0,'',1,0,'',NULL,0),(1632,'德安县','0',253,0,'',1,0,'',NULL,0),(1633,'星子县','0',253,0,'',1,0,'',NULL,0),(1634,'都昌县','0',253,0,'',1,0,'',NULL,0),(1635,'湖口县','0',253,0,'',1,0,'',NULL,0),(1636,'彭泽县','0',253,0,'',1,0,'',NULL,0),(1637,'瑞昌市','0',253,0,'',1,0,'',NULL,0),(1638,'渝水区','0',254,0,'',1,0,'',NULL,0),(1639,'分宜县','0',254,0,'',1,0,'',NULL,0),(1640,'月湖区','0',255,0,'',1,0,'',NULL,0),(1641,'余江县','0',255,0,'',1,0,'',NULL,0),(1642,'贵溪市','0',255,0,'',1,0,'',NULL,0),(1643,'章贡区','0',256,0,'',1,0,'',NULL,0),(1644,'赣县','0',256,0,'',1,0,'',NULL,0),(1645,'信丰县','0',256,0,'',1,0,'',NULL,0),(1646,'大余县','0',256,0,'',1,0,'',NULL,0),(1647,'上犹县','0',256,0,'',1,0,'',NULL,0),(1648,'崇义县','0',256,0,'',1,0,'',NULL,0),(1649,'安远县','0',256,0,'',1,0,'',NULL,0),(1650,'龙南县','0',256,0,'',1,0,'',NULL,0),(1651,'定南县','0',256,0,'',1,0,'',NULL,0),(1652,'全南县','0',256,0,'',1,0,'',NULL,0),(1653,'宁都县','0',256,0,'',1,0,'',NULL,0),(1654,'于都县','0',256,0,'',1,0,'',NULL,0),(1655,'兴国县','0',256,0,'',1,0,'',NULL,0),(1656,'会昌县','0',256,0,'',1,0,'',NULL,0),(1657,'寻乌县','0',256,0,'',1,0,'',NULL,0),(1658,'石城县','0',256,0,'',1,0,'',NULL,0),(1659,'瑞金市','0',256,0,'',1,0,'',NULL,0),(1660,'南康市','0',256,0,'',1,0,'',NULL,0),(1661,'吉州区','0',257,0,'',1,0,'',NULL,0),(1662,'青原区','0',257,0,'',1,0,'',NULL,0),(1663,'吉安县','0',257,0,'',1,0,'',NULL,0),(1664,'吉水县','0',257,0,'',1,0,'',NULL,0),(1665,'峡江县','0',257,0,'',1,0,'',NULL,0),(1666,'新干县','0',257,0,'',1,0,'',NULL,0),(1667,'永丰县','0',257,0,'',1,0,'',NULL,0),(1668,'泰和县','0',257,0,'',1,0,'',NULL,0),(1669,'遂川县','0',257,0,'',1,0,'',NULL,0),(1670,'万安县','0',257,0,'',1,0,'',NULL,0),(1671,'安福县','0',257,0,'',1,0,'',NULL,0),(1672,'永新县','0',257,0,'',1,0,'',NULL,0),(1673,'井冈山市','0',257,0,'',1,0,'',NULL,0),(1674,'袁州区','0',258,0,'',1,0,'',NULL,0),(1675,'奉新县','0',258,0,'',1,0,'',NULL,0),(1676,'万载县','0',258,0,'',1,0,'',NULL,0),(1677,'上高县','0',258,0,'',1,0,'',NULL,0),(1678,'宜丰县','0',258,0,'',1,0,'',NULL,0),(1679,'靖安县','0',258,0,'',1,0,'',NULL,0),(1680,'铜鼓县','0',258,0,'',1,0,'',NULL,0),(1681,'丰城市','0',258,0,'',1,0,'',NULL,0),(1682,'樟树市','0',258,0,'',1,0,'',NULL,0),(1683,'高安市','0',258,0,'',1,0,'',NULL,0),(1684,'临川区','0',259,0,'',1,0,'',NULL,0),(1685,'南城县','0',259,0,'',1,0,'',NULL,0),(1686,'黎川县','0',259,0,'',1,0,'',NULL,0),(1687,'南丰县','0',259,0,'',1,0,'',NULL,0),(1688,'崇仁县','0',259,0,'',1,0,'',NULL,0),(1689,'乐安县','0',259,0,'',1,0,'',NULL,0),(1690,'宜黄县','0',259,0,'',1,0,'',NULL,0),(1691,'金溪县','0',259,0,'',1,0,'',NULL,0),(1692,'资溪县','0',259,0,'',1,0,'',NULL,0),(1693,'东乡县','0',259,0,'',1,0,'',NULL,0),(1694,'广昌县','0',259,0,'',1,0,'',NULL,0),(1695,'信州区','0',260,0,'',1,0,'',NULL,0),(1696,'上饶县','0',260,0,'',1,0,'',NULL,0),(1697,'广丰县','0',260,0,'',1,0,'',NULL,0),(1698,'玉山县','0',260,0,'',1,0,'',NULL,0),(1699,'铅山县','0',260,0,'',1,0,'',NULL,0),(1700,'横峰县','0',260,0,'',1,0,'',NULL,0),(1701,'弋阳县','0',260,0,'',1,0,'',NULL,0),(1702,'余干县','0',260,0,'',1,0,'',NULL,0),(1703,'鄱阳县','0',260,0,'',1,0,'',NULL,0),(1704,'万年县','0',260,0,'',1,0,'',NULL,0),(1705,'婺源县','0',260,0,'',1,0,'',NULL,0),(1706,'德兴市','0',260,0,'',1,0,'',NULL,0),(1707,'历下区','0',261,0,'',1,0,'',NULL,0),(1708,'市中区','0',261,0,'',1,0,'',NULL,0),(1709,'槐荫区','0',261,0,'',1,0,'',NULL,0),(1710,'天桥区','0',261,0,'',1,0,'',NULL,0),(1711,'历城区','0',261,0,'',1,0,'',NULL,0),(1712,'长清区','0',261,0,'',1,0,'',NULL,0),(1713,'平阴县','0',261,0,'',1,0,'',NULL,0),(1714,'济阳县','0',261,0,'',1,0,'',NULL,0),(1715,'商河县','0',261,0,'',1,0,'',NULL,0),(1716,'章丘市','0',261,0,'',1,0,'',NULL,0),(1717,'市南区','0',262,0,'',1,0,'',NULL,0),(1718,'市北区','0',262,0,'',1,0,'',NULL,0),(1719,'四方区','0',262,0,'',1,0,'',NULL,0),(1720,'黄岛区','0',262,0,'',1,0,'',NULL,0),(1721,'崂山区','0',262,0,'',1,0,'',NULL,0),(1722,'李沧区','0',262,0,'',1,0,'',NULL,0),(1723,'城阳区','0',262,0,'',1,0,'',NULL,0),(1724,'胶州市','0',262,0,'',1,0,'',NULL,0),(1725,'即墨市','0',262,0,'',1,0,'',NULL,0),(1726,'平度市','0',262,0,'',1,0,'',NULL,0),(1727,'胶南市','0',262,0,'',1,0,'',NULL,0),(1728,'莱西市','0',262,0,'',1,0,'',NULL,0),(1729,'淄川区','0',263,0,'',1,0,'',NULL,0),(1730,'张店区','0',263,0,'',1,0,'',NULL,0),(1731,'博山区','0',263,0,'',1,0,'',NULL,0),(1732,'临淄区','0',263,0,'',1,0,'',NULL,0),(1733,'周村区','0',263,0,'',1,0,'',NULL,0),(1734,'桓台县','0',263,0,'',1,0,'',NULL,0),(1735,'高青县','0',263,0,'',1,0,'',NULL,0),(1736,'沂源县','0',263,0,'',1,0,'',NULL,0),(1737,'市中区','0',264,0,'',1,0,'',NULL,0),(1738,'薛城区','0',264,0,'',1,0,'',NULL,0),(1739,'峄城区','0',264,0,'',1,0,'',NULL,0),(1740,'台儿庄区','0',264,0,'',1,0,'',NULL,0),(1741,'山亭区','0',264,0,'',1,0,'',NULL,0),(1742,'滕州市','0',264,0,'',1,0,'',NULL,0),(1743,'东营区','0',265,0,'',1,0,'',NULL,0),(1744,'河口区','0',265,0,'',1,0,'',NULL,0),(1745,'垦利县','0',265,0,'',1,0,'',NULL,0),(1746,'利津县','0',265,0,'',1,0,'',NULL,0),(1747,'广饶县','0',265,0,'',1,0,'',NULL,0),(1748,'芝罘区','0',266,0,'',1,0,'',NULL,0),(1749,'福山区','0',266,0,'',1,0,'',NULL,0),(1750,'牟平区','0',266,0,'',1,0,'',NULL,0),(1751,'莱山区','0',266,0,'',1,0,'',NULL,0),(1752,'长岛县','0',266,0,'',1,0,'',NULL,0),(1753,'龙口市','0',266,0,'',1,0,'',NULL,0),(1754,'莱阳市','0',266,0,'',1,0,'',NULL,0),(1755,'莱州市','0',266,0,'',1,0,'',NULL,0),(1756,'蓬莱市','0',266,0,'',1,0,'',NULL,0),(1757,'招远市','0',266,0,'',1,0,'',NULL,0),(1758,'栖霞市','0',266,0,'',1,0,'',NULL,0),(1759,'海阳市','0',266,0,'',1,0,'',NULL,0),(1760,'潍城区','0',267,0,'',1,0,'',NULL,0),(1761,'寒亭区','0',267,0,'',1,0,'',NULL,0),(1762,'坊子区','0',267,0,'',1,0,'',NULL,0),(1763,'奎文区','0',267,0,'',1,0,'',NULL,0),(1764,'临朐县','0',267,0,'',1,0,'',NULL,0),(1765,'昌乐县','0',267,0,'',1,0,'',NULL,0),(1766,'青州市','0',267,0,'',1,0,'',NULL,0),(1767,'诸城市','0',267,0,'',1,0,'',NULL,0),(1768,'寿光市','0',267,0,'',1,0,'',NULL,0),(1769,'安丘市','0',267,0,'',1,0,'',NULL,0),(1770,'高密市','0',267,0,'',1,0,'',NULL,0),(1771,'昌邑市','0',267,0,'',1,0,'',NULL,0),(1772,'市中区','0',268,0,'',1,0,'',NULL,0),(1773,'任城区','0',268,0,'',1,0,'',NULL,0),(1774,'微山县','0',268,0,'',1,0,'',NULL,0),(1775,'鱼台县','0',268,0,'',1,0,'',NULL,0),(1776,'金乡县','0',268,0,'',1,0,'',NULL,0),(1777,'嘉祥县','0',268,0,'',1,0,'',NULL,0),(1778,'汶上县','0',268,0,'',1,0,'',NULL,0),(1779,'泗水县','0',268,0,'',1,0,'',NULL,0),(1780,'梁山县','0',268,0,'',1,0,'',NULL,0),(1781,'曲阜市','0',268,0,'',1,0,'',NULL,0),(1782,'兖州市','0',268,0,'',1,0,'',NULL,0),(1783,'邹城市','0',268,0,'',1,0,'',NULL,0),(1784,'泰山区','0',269,0,'',1,0,'',NULL,0),(1785,'岱岳区','0',269,0,'',1,0,'',NULL,0),(1786,'宁阳县','0',269,0,'',1,0,'',NULL,0),(1787,'东平县','0',269,0,'',1,0,'',NULL,0),(1788,'新泰市','0',269,0,'',1,0,'',NULL,0),(1789,'肥城市','0',269,0,'',1,0,'',NULL,0),(1790,'环翠区','0',270,0,'',1,0,'',NULL,0),(1791,'文登市','0',270,0,'',1,0,'',NULL,0),(1792,'荣成市','0',270,0,'',1,0,'',NULL,0),(1793,'乳山市','0',270,0,'',1,0,'',NULL,0),(1794,'东港区','0',271,0,'',1,0,'',NULL,0),(1795,'岚山区','0',271,0,'',1,0,'',NULL,0),(1796,'五莲县','0',271,0,'',1,0,'',NULL,0),(1797,'莒县','0',271,0,'',1,0,'',NULL,0),(1798,'莱城区','0',272,0,'',1,0,'',NULL,0),(1799,'钢城区','0',272,0,'',1,0,'',NULL,0),(1800,'兰山区','0',273,0,'',1,0,'',NULL,0),(1801,'罗庄区','0',273,0,'',1,0,'',NULL,0),(1802,'河东区','0',273,0,'',1,0,'',NULL,0),(1803,'沂南县','0',273,0,'',1,0,'',NULL,0),(1804,'郯城县','0',273,0,'',1,0,'',NULL,0),(1805,'沂水县','0',273,0,'',1,0,'',NULL,0),(1806,'苍山县','0',273,0,'',1,0,'',NULL,0),(1807,'费县','0',273,0,'',1,0,'',NULL,0),(1808,'平邑县','0',273,0,'',1,0,'',NULL,0),(1809,'莒南县','0',273,0,'',1,0,'',NULL,0),(1810,'蒙阴县','0',273,0,'',1,0,'',NULL,0),(1811,'临沭县','0',273,0,'',1,0,'',NULL,0),(1812,'德城区','0',274,0,'',1,0,'',NULL,0),(1813,'陵县','0',274,0,'',1,0,'',NULL,0),(1814,'宁津县','0',274,0,'',1,0,'',NULL,0),(1815,'庆云县','0',274,0,'',1,0,'',NULL,0),(1816,'临邑县','0',274,0,'',1,0,'',NULL,0),(1817,'齐河县','0',274,0,'',1,0,'',NULL,0),(1818,'平原县','0',274,0,'',1,0,'',NULL,0),(1819,'夏津县','0',274,0,'',1,0,'',NULL,0),(1820,'武城县','0',274,0,'',1,0,'',NULL,0),(1821,'乐陵市','0',274,0,'',1,0,'',NULL,0),(1822,'禹城市','0',274,0,'',1,0,'',NULL,0),(1823,'东昌府区','0',275,0,'',1,0,'',NULL,0),(1824,'阳谷县','0',275,0,'',1,0,'',NULL,0),(1825,'莘县','0',275,0,'',1,0,'',NULL,0),(1826,'茌平县','0',275,0,'',1,0,'',NULL,0),(1827,'东阿县','0',275,0,'',1,0,'',NULL,0),(1828,'冠县','0',275,0,'',1,0,'',NULL,0),(1829,'高唐县','0',275,0,'',1,0,'',NULL,0),(1830,'临清市','0',275,0,'',1,0,'',NULL,0),(1831,'滨城区','0',276,0,'',1,0,'',NULL,0),(1832,'惠民县','0',276,0,'',1,0,'',NULL,0),(1833,'阳信县','0',276,0,'',1,0,'',NULL,0),(1834,'无棣县','0',276,0,'',1,0,'',NULL,0),(1835,'沾化县','0',276,0,'',1,0,'',NULL,0),(1836,'博兴县','0',276,0,'',1,0,'',NULL,0),(1837,'邹平县','0',276,0,'',1,0,'',NULL,0),(1838,'牡丹区','0',277,0,'',1,0,'',NULL,0),(1839,'曹县','0',277,0,'',1,0,'',NULL,0),(1840,'单县','0',277,0,'',1,0,'',NULL,0),(1841,'成武县','0',277,0,'',1,0,'',NULL,0),(1842,'巨野县','0',277,0,'',1,0,'',NULL,0),(1843,'郓城县','0',277,0,'',1,0,'',NULL,0),(1844,'鄄城县','0',277,0,'',1,0,'',NULL,0),(1845,'定陶县','0',277,0,'',1,0,'',NULL,0),(1846,'东明县','0',277,0,'',1,0,'',NULL,0),(1847,'中原区','0',278,0,'',1,0,'',NULL,0),(1848,'二七区','0',278,0,'',1,0,'',NULL,0),(1849,'管城回族区','0',278,0,'',1,0,'',NULL,0),(1850,'金水区','0',278,0,'',1,0,'',NULL,0),(1851,'上街区','0',278,0,'',1,0,'',NULL,0),(1852,'惠济区','0',278,0,'',1,0,'',NULL,0),(1853,'中牟县','0',278,0,'',1,0,'',NULL,0),(1854,'巩义市','0',278,0,'',1,0,'',NULL,0),(1855,'荥阳市','0',278,0,'',1,0,'',NULL,0),(1856,'新密市','0',278,0,'',1,0,'',NULL,0),(1857,'新郑市','0',278,0,'',1,0,'',NULL,0),(1858,'登封市','0',278,0,'',1,0,'',NULL,0),(1859,'龙亭区','0',279,0,'',1,0,'',NULL,0),(1860,'顺河回族区','0',279,0,'',1,0,'',NULL,0),(1861,'鼓楼区','0',279,0,'',1,0,'',NULL,0),(1862,'禹王台区','0',279,0,'',1,0,'',NULL,0),(1863,'金明区','0',279,0,'',1,0,'',NULL,0),(1864,'杞县','0',279,0,'',1,0,'',NULL,0),(1865,'通许县','0',279,0,'',1,0,'',NULL,0),(1866,'尉氏县','0',279,0,'',1,0,'',NULL,0),(1867,'开封县','0',279,0,'',1,0,'',NULL,0),(1868,'兰考县','0',279,0,'',1,0,'',NULL,0),(1869,'老城区','0',280,0,'',1,0,'',NULL,0),(1870,'西工区','0',280,0,'',1,0,'',NULL,0),(1871,'廛河回族区','0',280,0,'',1,0,'',NULL,0),(1872,'涧西区','0',280,0,'',1,0,'',NULL,0),(1873,'吉利区','0',280,0,'',1,0,'',NULL,0),(1874,'洛龙区','0',280,0,'',1,0,'',NULL,0),(1875,'孟津县','0',280,0,'',1,0,'',NULL,0),(1876,'新安县','0',280,0,'',1,0,'',NULL,0),(1877,'栾川县','0',280,0,'',1,0,'',NULL,0),(1878,'嵩县','0',280,0,'',1,0,'',NULL,0),(1879,'汝阳县','0',280,0,'',1,0,'',NULL,0),(1880,'宜阳县','0',280,0,'',1,0,'',NULL,0),(1881,'洛宁县','0',280,0,'',1,0,'',NULL,0),(1882,'伊川县','0',280,0,'',1,0,'',NULL,0),(1883,'偃师市','0',280,0,'',1,0,'',NULL,0),(1884,'新华区','0',281,0,'',1,0,'',NULL,0),(1885,'卫东区','0',281,0,'',1,0,'',NULL,0),(1886,'石龙区','0',281,0,'',1,0,'',NULL,0),(1887,'湛河区','0',281,0,'',1,0,'',NULL,0),(1888,'宝丰县','0',281,0,'',1,0,'',NULL,0),(1889,'叶县','0',281,0,'',1,0,'',NULL,0),(1890,'鲁山县','0',281,0,'',1,0,'',NULL,0),(1891,'郏县','0',281,0,'',1,0,'',NULL,0),(1892,'舞钢市','0',281,0,'',1,0,'',NULL,0),(1893,'汝州市','0',281,0,'',1,0,'',NULL,0),(1894,'文峰区','0',282,0,'',1,0,'',NULL,0),(1895,'北关区','0',282,0,'',1,0,'',NULL,0),(1896,'殷都区','0',282,0,'',1,0,'',NULL,0),(1897,'龙安区','0',282,0,'',1,0,'',NULL,0),(1898,'安阳县','0',282,0,'',1,0,'',NULL,0),(1899,'汤阴县','0',282,0,'',1,0,'',NULL,0),(1900,'滑县','0',282,0,'',1,0,'',NULL,0),(1901,'内黄县','0',282,0,'',1,0,'',NULL,0),(1902,'林州市','0',282,0,'',1,0,'',NULL,0),(1903,'鹤山区','0',283,0,'',1,0,'',NULL,0),(1904,'山城区','0',283,0,'',1,0,'',NULL,0),(1905,'淇滨区','0',283,0,'',1,0,'',NULL,0),(1906,'浚县','0',283,0,'',1,0,'',NULL,0),(1907,'淇县','0',283,0,'',1,0,'',NULL,0),(1908,'红旗区','0',284,0,'',1,0,'',NULL,0),(1909,'卫滨区','0',284,0,'',1,0,'',NULL,0),(1910,'凤泉区','0',284,0,'',1,0,'',NULL,0),(1911,'牧野区','0',284,0,'',1,0,'',NULL,0),(1912,'新乡县','0',284,0,'',1,0,'',NULL,0),(1913,'获嘉县','0',284,0,'',1,0,'',NULL,0),(1914,'原阳县','0',284,0,'',1,0,'',NULL,0),(1915,'延津县','0',284,0,'',1,0,'',NULL,0),(1916,'封丘县','0',284,0,'',1,0,'',NULL,0),(1917,'长垣县','0',284,0,'',1,0,'',NULL,0),(1918,'卫辉市','0',284,0,'',1,0,'',NULL,0),(1919,'辉县市','0',284,0,'',1,0,'',NULL,0),(1920,'解放区','0',285,0,'',1,0,'',NULL,0),(1921,'中站区','0',285,0,'',1,0,'',NULL,0),(1922,'马村区','0',285,0,'',1,0,'',NULL,0),(1923,'山阳区','0',285,0,'',1,0,'',NULL,0),(1924,'修武县','0',285,0,'',1,0,'',NULL,0),(1925,'博爱县','0',285,0,'',1,0,'',NULL,0),(1926,'武陟县','0',285,0,'',1,0,'',NULL,0),(1927,'温县','0',285,0,'',1,0,'',NULL,0),(1928,'济源市','0',285,0,'',1,0,'',NULL,0),(1929,'沁阳市','0',285,0,'',1,0,'',NULL,0),(1930,'孟州市','0',285,0,'',1,0,'',NULL,0),(1931,'华龙区','0',286,0,'',1,0,'',NULL,0),(1932,'清丰县','0',286,0,'',1,0,'',NULL,0),(1933,'南乐县','0',286,0,'',1,0,'',NULL,0),(1934,'范县','0',286,0,'',1,0,'',NULL,0),(1935,'台前县','0',286,0,'',1,0,'',NULL,0),(1936,'濮阳县','0',286,0,'',1,0,'',NULL,0),(1937,'魏都区','0',287,0,'',1,0,'',NULL,0),(1938,'许昌县','0',287,0,'',1,0,'',NULL,0),(1939,'鄢陵县','0',287,0,'',1,0,'',NULL,0),(1940,'襄城县','0',287,0,'',1,0,'',NULL,0),(1941,'禹州市','0',287,0,'',1,0,'',NULL,0),(1942,'长葛市','0',287,0,'',1,0,'',NULL,0),(1943,'源汇区','0',288,0,'',1,0,'',NULL,0),(1944,'郾城区','0',288,0,'',1,0,'',NULL,0),(1945,'召陵区','0',288,0,'',1,0,'',NULL,0),(1946,'舞阳县','0',288,0,'',1,0,'',NULL,0),(1947,'临颍县','0',288,0,'',1,0,'',NULL,0),(1948,'湖滨区','0',289,0,'',1,0,'',NULL,0),(1949,'渑池县','0',289,0,'',1,0,'',NULL,0),(1950,'陕县','0',289,0,'',1,0,'',NULL,0),(1951,'卢氏县','0',289,0,'',1,0,'',NULL,0),(1952,'义马市','0',289,0,'',1,0,'',NULL,0),(1953,'灵宝市','0',289,0,'',1,0,'',NULL,0),(1954,'宛城区','0',290,0,'',1,0,'',NULL,0),(1955,'卧龙区','0',290,0,'',1,0,'',NULL,0),(1956,'南召县','0',290,0,'',1,0,'',NULL,0),(1957,'方城县','0',290,0,'',1,0,'',NULL,0),(1958,'西峡县','0',290,0,'',1,0,'',NULL,0),(1959,'镇平县','0',290,0,'',1,0,'',NULL,0),(1960,'内乡县','0',290,0,'',1,0,'',NULL,0),(1961,'淅川县','0',290,0,'',1,0,'',NULL,0),(1962,'社旗县','0',290,0,'',1,0,'',NULL,0),(1963,'唐河县','0',290,0,'',1,0,'',NULL,0),(1964,'新野县','0',290,0,'',1,0,'',NULL,0),(1965,'桐柏县','0',290,0,'',1,0,'',NULL,0),(1966,'邓州市','0',290,0,'',1,0,'',NULL,0),(1967,'梁园区','0',291,0,'',1,0,'',NULL,0),(1968,'睢阳区','0',291,0,'',1,0,'',NULL,0),(1969,'民权县','0',291,0,'',1,0,'',NULL,0),(1970,'睢县','0',291,0,'',1,0,'',NULL,0),(1971,'宁陵县','0',291,0,'',1,0,'',NULL,0),(1972,'柘城县','0',291,0,'',1,0,'',NULL,0),(1973,'虞城县','0',291,0,'',1,0,'',NULL,0),(1974,'夏邑县','0',291,0,'',1,0,'',NULL,0),(1975,'永城市','0',291,0,'',1,0,'',NULL,0),(1976,'浉河区','0',292,0,'',1,0,'',NULL,0),(1977,'平桥区','0',292,0,'',1,0,'',NULL,0),(1978,'罗山县','0',292,0,'',1,0,'',NULL,0),(1979,'光山县','0',292,0,'',1,0,'',NULL,0),(1980,'新县','0',292,0,'',1,0,'',NULL,0),(1981,'商城县','0',292,0,'',1,0,'',NULL,0),(1982,'固始县','0',292,0,'',1,0,'',NULL,0),(1983,'潢川县','0',292,0,'',1,0,'',NULL,0),(1984,'淮滨县','0',292,0,'',1,0,'',NULL,0),(1985,'息县','0',292,0,'',1,0,'',NULL,0),(1986,'川汇区','0',293,0,'',1,0,'',NULL,0),(1987,'扶沟县','0',293,0,'',1,0,'',NULL,0),(1988,'西华县','0',293,0,'',1,0,'',NULL,0),(1989,'商水县','0',293,0,'',1,0,'',NULL,0),(1990,'沈丘县','0',293,0,'',1,0,'',NULL,0),(1991,'郸城县','0',293,0,'',1,0,'',NULL,0),(1992,'淮阳县','0',293,0,'',1,0,'',NULL,0),(1993,'太康县','0',293,0,'',1,0,'',NULL,0),(1994,'鹿邑县','0',293,0,'',1,0,'',NULL,0),(1995,'项城市','0',293,0,'',1,0,'',NULL,0),(1996,'驿城区','0',294,0,'',1,0,'',NULL,0),(1997,'西平县','0',294,0,'',1,0,'',NULL,0),(1998,'上蔡县','0',294,0,'',1,0,'',NULL,0),(1999,'平舆县','0',294,0,'',1,0,'',NULL,0),(2000,'正阳县','0',294,0,'',1,0,'',NULL,0),(2001,'确山县','0',294,0,'',1,0,'',NULL,0),(2002,'泌阳县','0',294,0,'',1,0,'',NULL,0),(2003,'汝南县','0',294,0,'',1,0,'',NULL,0),(2004,'遂平县','0',294,0,'',1,0,'',NULL,0),(2005,'新蔡县','0',294,0,'',1,0,'',NULL,0),(2006,'江岸区','0',295,0,'',1,0,'',NULL,0),(2007,'江汉区','0',295,0,'',1,0,'',NULL,0),(2008,'硚口区','0',295,0,'',1,0,'',NULL,0),(2009,'汉阳区','0',295,0,'',1,0,'',NULL,0),(2010,'武昌区','0',295,0,'',1,0,'',NULL,0),(2011,'青山区','0',295,0,'',1,0,'',NULL,0),(2012,'洪山区','0',295,0,'',1,0,'',NULL,0),(2013,'东西湖区','0',295,0,'',1,0,'',NULL,0),(2014,'汉南区','0',295,0,'',1,0,'',NULL,0),(2015,'蔡甸区','0',295,0,'',1,0,'',NULL,0),(2016,'江夏区','0',295,0,'',1,0,'',NULL,0),(2017,'黄陂区','0',295,0,'',1,0,'',NULL,0),(2018,'新洲区','0',295,0,'',1,0,'',NULL,0),(2019,'黄石港区','0',296,0,'',1,0,'',NULL,0),(2020,'西塞山区','0',296,0,'',1,0,'',NULL,0),(2021,'下陆区','0',296,0,'',1,0,'',NULL,0),(2022,'铁山区','0',296,0,'',1,0,'',NULL,0),(2023,'阳新县','0',296,0,'',1,0,'',NULL,0),(2024,'大冶市','0',296,0,'',1,0,'',NULL,0),(2025,'茅箭区','0',297,0,'',1,0,'',NULL,0),(2026,'张湾区','0',297,0,'',1,0,'',NULL,0),(2027,'郧县','0',297,0,'',1,0,'',NULL,0),(2028,'郧西县','0',297,0,'',1,0,'',NULL,0),(2029,'竹山县','0',297,0,'',1,0,'',NULL,0),(2030,'竹溪县','0',297,0,'',1,0,'',NULL,0),(2031,'房县','0',297,0,'',1,0,'',NULL,0),(2032,'丹江口市','0',297,0,'',1,0,'',NULL,0),(2033,'西陵区','0',298,0,'',1,0,'',NULL,0),(2034,'伍家岗区','0',298,0,'',1,0,'',NULL,0),(2035,'点军区','0',298,0,'',1,0,'',NULL,0),(2036,'猇亭区','0',298,0,'',1,0,'',NULL,0),(2037,'夷陵区','0',298,0,'',1,0,'',NULL,0),(2038,'远安县','0',298,0,'',1,0,'',NULL,0),(2039,'兴山县','0',298,0,'',1,0,'',NULL,0),(2040,'秭归县','0',298,0,'',1,0,'',NULL,0),(2041,'长阳土家族自治县','0',298,0,'',1,0,'',NULL,0),(2042,'五峰土家族自治县','0',298,0,'',1,0,'',NULL,0),(2043,'宜都市','0',298,0,'',1,0,'',NULL,0),(2044,'当阳市','0',298,0,'',1,0,'',NULL,0),(2045,'枝江市','0',298,0,'',1,0,'',NULL,0),(2046,'襄城区','0',299,0,'',1,0,'',NULL,0),(2047,'樊城区','0',299,0,'',1,0,'',NULL,0),(2048,'襄阳区','0',299,0,'',1,0,'',NULL,0),(2049,'南漳县','0',299,0,'',1,0,'',NULL,0),(2050,'谷城县','0',299,0,'',1,0,'',NULL,0),(2051,'保康县','0',299,0,'',1,0,'',NULL,0),(2052,'老河口市','0',299,0,'',1,0,'',NULL,0),(2053,'枣阳市','0',299,0,'',1,0,'',NULL,0),(2054,'宜城市','0',299,0,'',1,0,'',NULL,0),(2055,'梁子湖区','0',300,0,'',1,0,'',NULL,0),(2056,'华容区','0',300,0,'',1,0,'',NULL,0),(2057,'鄂城区','0',300,0,'',1,0,'',NULL,0),(2058,'东宝区','0',301,0,'',1,0,'',NULL,0),(2059,'掇刀区','0',301,0,'',1,0,'',NULL,0),(2060,'京山县','0',301,0,'',1,0,'',NULL,0),(2061,'沙洋县','0',301,0,'',1,0,'',NULL,0),(2062,'钟祥市','0',301,0,'',1,0,'',NULL,0),(2063,'孝南区','0',302,0,'',1,0,'',NULL,0),(2064,'孝昌县','0',302,0,'',1,0,'',NULL,0),(2065,'大悟县','0',302,0,'',1,0,'',NULL,0),(2066,'云梦县','0',302,0,'',1,0,'',NULL,0),(2067,'应城市','0',302,0,'',1,0,'',NULL,0),(2068,'安陆市','0',302,0,'',1,0,'',NULL,0),(2069,'汉川市','0',302,0,'',1,0,'',NULL,0),(2070,'沙市区','0',303,0,'',1,0,'',NULL,0),(2071,'荆州区','0',303,0,'',1,0,'',NULL,0),(2072,'公安县','0',303,0,'',1,0,'',NULL,0),(2073,'监利县','0',303,0,'',1,0,'',NULL,0),(2074,'江陵县','0',303,0,'',1,0,'',NULL,0),(2075,'石首市','0',303,0,'',1,0,'',NULL,0),(2076,'洪湖市','0',303,0,'',1,0,'',NULL,0),(2077,'松滋市','0',303,0,'',1,0,'',NULL,0),(2078,'黄州区','0',304,0,'',1,0,'',NULL,0),(2079,'团风县','0',304,0,'',1,0,'',NULL,0),(2080,'红安县','0',304,0,'',1,0,'',NULL,0),(2081,'罗田县','0',304,0,'',1,0,'',NULL,0),(2082,'英山县','0',304,0,'',1,0,'',NULL,0),(2083,'浠水县','0',304,0,'',1,0,'',NULL,0),(2084,'蕲春县','0',304,0,'',1,0,'',NULL,0),(2085,'黄梅县','0',304,0,'',1,0,'',NULL,0),(2086,'麻城市','0',304,0,'',1,0,'',NULL,0),(2087,'武穴市','0',304,0,'',1,0,'',NULL,0),(2088,'咸安区','0',305,0,'',1,0,'',NULL,0),(2089,'嘉鱼县','0',305,0,'',1,0,'',NULL,0),(2090,'通城县','0',305,0,'',1,0,'',NULL,0),(2091,'崇阳县','0',305,0,'',1,0,'',NULL,0),(2092,'通山县','0',305,0,'',1,0,'',NULL,0),(2093,'赤壁市','0',305,0,'',1,0,'',NULL,0),(2094,'曾都区','0',306,0,'',1,0,'',NULL,0),(2095,'广水市','0',306,0,'',1,0,'',NULL,0),(2096,'恩施市','0',307,0,'',1,0,'',NULL,0),(2097,'利川市','0',307,0,'',1,0,'',NULL,0),(2098,'建始县','0',307,0,'',1,0,'',NULL,0),(2099,'巴东县','0',307,0,'',1,0,'',NULL,0),(2100,'宣恩县','0',307,0,'',1,0,'',NULL,0),(2101,'咸丰县','0',307,0,'',1,0,'',NULL,0),(2102,'来凤县','0',307,0,'',1,0,'',NULL,0),(2103,'鹤峰县','0',307,0,'',1,0,'',NULL,0),(2104,'芙蓉区','0',312,0,'',1,0,'',NULL,0),(2105,'天心区','0',312,0,'',1,0,'',NULL,0),(2106,'岳麓区','0',312,0,'',1,0,'',NULL,0),(2107,'开福区','0',312,0,'',1,0,'',NULL,0),(2108,'雨花区','0',312,0,'',1,0,'',NULL,0),(2109,'长沙县','0',312,0,'',1,0,'',NULL,0),(2110,'望城县','0',312,0,'',1,0,'',NULL,0),(2111,'宁乡县','0',312,0,'',1,0,'',NULL,0),(2112,'浏阳市','0',312,0,'',1,0,'',NULL,0),(2113,'荷塘区','0',313,0,'',1,0,'',NULL,0),(2114,'芦淞区','0',313,0,'',1,0,'',NULL,0),(2115,'石峰区','0',313,0,'',1,0,'',NULL,0),(2116,'天元区','0',313,0,'',1,0,'',NULL,0),(2117,'株洲县','0',313,0,'',1,0,'',NULL,0),(2118,'攸县','0',313,0,'',1,0,'',NULL,0),(2119,'茶陵县','0',313,0,'',1,0,'',NULL,0),(2120,'炎陵县','0',313,0,'',1,0,'',NULL,0),(2121,'醴陵市','0',313,0,'',1,0,'',NULL,0),(2122,'雨湖区','0',314,0,'',1,0,'',NULL,0),(2123,'岳塘区','0',314,0,'',1,0,'',NULL,0),(2124,'湘潭县','0',314,0,'',1,0,'',NULL,0),(2125,'湘乡市','0',314,0,'',1,0,'',NULL,0),(2126,'韶山市','0',314,0,'',1,0,'',NULL,0),(2127,'珠晖区','0',315,0,'',1,0,'',NULL,0),(2128,'雁峰区','0',315,0,'',1,0,'',NULL,0),(2129,'石鼓区','0',315,0,'',1,0,'',NULL,0),(2130,'蒸湘区','0',315,0,'',1,0,'',NULL,0),(2131,'南岳区','0',315,0,'',1,0,'',NULL,0),(2132,'衡阳县','0',315,0,'',1,0,'',NULL,0),(2133,'衡南县','0',315,0,'',1,0,'',NULL,0),(2134,'衡山县','0',315,0,'',1,0,'',NULL,0),(2135,'衡东县','0',315,0,'',1,0,'',NULL,0),(2136,'祁东县','0',315,0,'',1,0,'',NULL,0),(2137,'耒阳市','0',315,0,'',1,0,'',NULL,0),(2138,'常宁市','0',315,0,'',1,0,'',NULL,0),(2139,'双清区','0',316,0,'',1,0,'',NULL,0),(2140,'大祥区','0',316,0,'',1,0,'',NULL,0),(2141,'北塔区','0',316,0,'',1,0,'',NULL,0),(2142,'邵东县','0',316,0,'',1,0,'',NULL,0),(2143,'新邵县','0',316,0,'',1,0,'',NULL,0),(2144,'邵阳县','0',316,0,'',1,0,'',NULL,0),(2145,'隆回县','0',316,0,'',1,0,'',NULL,0),(2146,'洞口县','0',316,0,'',1,0,'',NULL,0),(2147,'绥宁县','0',316,0,'',1,0,'',NULL,0),(2148,'新宁县','0',316,0,'',1,0,'',NULL,0),(2149,'城步苗族自治县','0',316,0,'',1,0,'',NULL,0),(2150,'武冈市','0',316,0,'',1,0,'',NULL,0),(2151,'岳阳楼区','0',317,0,'',1,0,'',NULL,0),(2152,'云溪区','0',317,0,'',1,0,'',NULL,0),(2153,'君山区','0',317,0,'',1,0,'',NULL,0),(2154,'岳阳县','0',317,0,'',1,0,'',NULL,0),(2155,'华容县','0',317,0,'',1,0,'',NULL,0),(2156,'湘阴县','0',317,0,'',1,0,'',NULL,0),(2157,'平江县','0',317,0,'',1,0,'',NULL,0),(2158,'汨罗市','0',317,0,'',1,0,'',NULL,0),(2159,'临湘市','0',317,0,'',1,0,'',NULL,0),(2160,'武陵区','0',318,0,'',1,0,'',NULL,0),(2161,'鼎城区','0',318,0,'',1,0,'',NULL,0),(2162,'安乡县','0',318,0,'',1,0,'',NULL,0),(2163,'汉寿县','0',318,0,'',1,0,'',NULL,0),(2164,'澧县','0',318,0,'',1,0,'',NULL,0),(2165,'临澧县','0',318,0,'',1,0,'',NULL,0),(2166,'桃源县','0',318,0,'',1,0,'',NULL,0),(2167,'石门县','0',318,0,'',1,0,'',NULL,0),(2168,'津市市','0',318,0,'',1,0,'',NULL,0),(2169,'永定区','0',319,0,'',1,0,'',NULL,0),(2170,'武陵源区','0',319,0,'',1,0,'',NULL,0),(2171,'慈利县','0',319,0,'',1,0,'',NULL,0),(2172,'桑植县','0',319,0,'',1,0,'',NULL,0),(2173,'资阳区','0',320,0,'',1,0,'',NULL,0),(2174,'赫山区','0',320,0,'',1,0,'',NULL,0),(2175,'南县','0',320,0,'',1,0,'',NULL,0),(2176,'桃江县','0',320,0,'',1,0,'',NULL,0),(2177,'安化县','0',320,0,'',1,0,'',NULL,0),(2178,'沅江市','0',320,0,'',1,0,'',NULL,0),(2179,'北湖区','0',321,0,'',1,0,'',NULL,0),(2180,'苏仙区','0',321,0,'',1,0,'',NULL,0),(2181,'桂阳县','0',321,0,'',1,0,'',NULL,0),(2182,'宜章县','0',321,0,'',1,0,'',NULL,0),(2183,'永兴县','0',321,0,'',1,0,'',NULL,0),(2184,'嘉禾县','0',321,0,'',1,0,'',NULL,0),(2185,'临武县','0',321,0,'',1,0,'',NULL,0),(2186,'汝城县','0',321,0,'',1,0,'',NULL,0),(2187,'桂东县','0',321,0,'',1,0,'',NULL,0),(2188,'安仁县','0',321,0,'',1,0,'',NULL,0),(2189,'资兴市','0',321,0,'',1,0,'',NULL,0),(2190,'零陵区','0',322,0,'',1,0,'',NULL,0),(2191,'冷水滩区','0',322,0,'',1,0,'',NULL,0),(2192,'祁阳县','0',322,0,'',1,0,'',NULL,0),(2193,'东安县','0',322,0,'',1,0,'',NULL,0),(2194,'双牌县','0',322,0,'',1,0,'',NULL,0),(2195,'道县','0',322,0,'',1,0,'',NULL,0),(2196,'江永县','0',322,0,'',1,0,'',NULL,0),(2197,'宁远县','0',322,0,'',1,0,'',NULL,0),(2198,'蓝山县','0',322,0,'',1,0,'',NULL,0),(2199,'新田县','0',322,0,'',1,0,'',NULL,0),(2200,'江华瑶族自治县','0',322,0,'',1,0,'',NULL,0),(2201,'鹤城区','0',323,0,'',1,0,'',NULL,0),(2202,'中方县','0',323,0,'',1,0,'',NULL,0),(2203,'沅陵县','0',323,0,'',1,0,'',NULL,0),(2204,'辰溪县','0',323,0,'',1,0,'',NULL,0),(2205,'溆浦县','0',323,0,'',1,0,'',NULL,0),(2206,'会同县','0',323,0,'',1,0,'',NULL,0),(2207,'麻阳苗族自治县','0',323,0,'',1,0,'',NULL,0),(2208,'新晃侗族自治县','0',323,0,'',1,0,'',NULL,0),(2209,'芷江侗族自治县','0',323,0,'',1,0,'',NULL,0),(2210,'靖州苗族侗族自治县','0',323,0,'',1,0,'',NULL,0),(2211,'通道侗族自治县','0',323,0,'',1,0,'',NULL,0),(2212,'洪江市','0',323,0,'',1,0,'',NULL,0),(2213,'娄星区','0',324,0,'',1,0,'',NULL,0),(2214,'双峰县','0',324,0,'',1,0,'',NULL,0),(2215,'新化县','0',324,0,'',1,0,'',NULL,0),(2216,'冷水江市','0',324,0,'',1,0,'',NULL,0),(2217,'涟源市','0',324,0,'',1,0,'',NULL,0),(2218,'吉首市','0',325,0,'',1,0,'',NULL,0),(2219,'泸溪县','0',325,0,'',1,0,'',NULL,0),(2220,'凤凰县','0',325,0,'',1,0,'',NULL,0),(2221,'花垣县','0',325,0,'',1,0,'',NULL,0),(2222,'保靖县','0',325,0,'',1,0,'',NULL,0),(2223,'古丈县','0',325,0,'',1,0,'',NULL,0),(2224,'永顺县','0',325,0,'',1,0,'',NULL,0),(2225,'龙山县','0',325,0,'',1,0,'',NULL,0),(2226,'荔湾区','0',326,0,'',1,0,'',NULL,0),(2227,'越秀区','0',326,0,'',1,0,'',NULL,0),(2228,'海珠区','0',326,0,'',1,0,'',NULL,0),(2229,'天河区','0',326,0,'',1,0,'',NULL,0),(2230,'白云区','0',326,0,'',1,0,'',NULL,0),(2231,'黄埔区','0',326,0,'',1,0,'',NULL,0),(2232,'番禺区','0',326,0,'',1,0,'',NULL,0),(2233,'花都区','0',326,0,'',1,0,'',NULL,0),(2234,'南沙区','0',326,0,'',1,0,'',NULL,0),(2235,'萝岗区','0',326,0,'',1,0,'',NULL,0),(2236,'增城市','0',326,0,'',1,0,'',NULL,0),(2237,'从化市','0',326,0,'',1,0,'',NULL,0),(2238,'武江区','0',327,0,'',1,0,'',NULL,0),(2239,'浈江区','0',327,0,'',1,0,'',NULL,0),(2240,'曲江区','0',327,0,'',1,0,'',NULL,0),(2241,'始兴县','0',327,0,'',1,0,'',NULL,0),(2242,'仁化县','0',327,0,'',1,0,'',NULL,0),(2243,'翁源县','0',327,0,'',1,0,'',NULL,0),(2244,'乳源瑶族自治县','0',327,0,'',1,0,'',NULL,0),(2245,'新丰县','0',327,0,'',1,0,'',NULL,0),(2246,'乐昌市','0',327,0,'',1,0,'',NULL,0),(2247,'南雄市','0',327,0,'',1,0,'',NULL,0),(2248,'罗湖区','0',328,0,'',1,0,'',NULL,0),(2249,'福田区','0',328,0,'',1,0,'',NULL,0),(2250,'南山区','0',328,0,'',1,0,'',NULL,0),(2251,'宝安区','0',328,0,'',1,0,'',NULL,0),(2252,'龙岗区','0',328,0,'',1,0,'',NULL,0),(2253,'盐田区','0',328,0,'',1,0,'',NULL,0),(2254,'香洲区','0',329,0,'',1,0,'',NULL,0),(2255,'斗门区','0',329,0,'',1,0,'',NULL,0),(2256,'金湾区','0',329,0,'',1,0,'',NULL,0),(2257,'龙湖区','0',330,0,'',1,0,'',NULL,0),(2258,'金平区','0',330,0,'',1,0,'',NULL,0),(2259,'濠江区','0',330,0,'',1,0,'',NULL,0),(2260,'潮阳区','0',330,0,'',1,0,'',NULL,0),(2261,'潮南区','0',330,0,'',1,0,'',NULL,0),(2262,'澄海区','0',330,0,'',1,0,'',NULL,0),(2263,'南澳县','0',330,0,'',1,0,'',NULL,0),(2264,'禅城区','0',331,0,'',1,0,'',NULL,0),(2265,'南海区','0',331,0,'',1,0,'',NULL,0),(2266,'顺德区','0',331,0,'',1,0,'',NULL,0),(2267,'三水区','0',331,0,'',1,0,'',NULL,0),(2268,'高明区','0',331,0,'',1,0,'',NULL,0),(2269,'蓬江区','0',332,0,'',1,0,'',NULL,0),(2270,'江海区','0',332,0,'',1,0,'',NULL,0),(2271,'新会区','0',332,0,'',1,0,'',NULL,0),(2272,'台山市','0',332,0,'',1,0,'',NULL,0),(2273,'开平市','0',332,0,'',1,0,'',NULL,0),(2274,'鹤山市','0',332,0,'',1,0,'',NULL,0),(2275,'恩平市','0',332,0,'',1,0,'',NULL,0),(2276,'赤坎区','0',333,0,'',1,0,'',NULL,0),(2277,'霞山区','0',333,0,'',1,0,'',NULL,0),(2278,'坡头区','0',333,0,'',1,0,'',NULL,0),(2279,'麻章区','0',333,0,'',1,0,'',NULL,0),(2280,'遂溪县','0',333,0,'',1,0,'',NULL,0),(2281,'徐闻县','0',333,0,'',1,0,'',NULL,0),(2282,'廉江市','0',333,0,'',1,0,'',NULL,0),(2283,'雷州市','0',333,0,'',1,0,'',NULL,0),(2284,'吴川市','0',333,0,'',1,0,'',NULL,0),(2285,'茂南区','0',334,0,'',1,0,'',NULL,0),(2286,'茂港区','0',334,0,'',1,0,'',NULL,0),(2287,'电白县','0',334,0,'',1,0,'',NULL,0),(2288,'高州市','0',334,0,'',1,0,'',NULL,0),(2289,'化州市','0',334,0,'',1,0,'',NULL,0),(2290,'信宜市','0',334,0,'',1,0,'',NULL,0),(2291,'端州区','0',335,0,'',1,0,'',NULL,0),(2292,'鼎湖区','0',335,0,'',1,0,'',NULL,0),(2293,'广宁县','0',335,0,'',1,0,'',NULL,0),(2294,'怀集县','0',335,0,'',1,0,'',NULL,0),(2295,'封开县','0',335,0,'',1,0,'',NULL,0),(2296,'德庆县','0',335,0,'',1,0,'',NULL,0),(2297,'高要市','0',335,0,'',1,0,'',NULL,0),(2298,'四会市','0',335,0,'',1,0,'',NULL,0),(2299,'惠城区','0',336,0,'',1,0,'',NULL,0),(2300,'惠阳区','0',336,0,'',1,0,'',NULL,0),(2301,'博罗县','0',336,0,'',1,0,'',NULL,0),(2302,'惠东县','0',336,0,'',1,0,'',NULL,0),(2303,'龙门县','0',336,0,'',1,0,'',NULL,0),(2304,'梅江区','0',337,0,'',1,0,'',NULL,0),(2305,'梅县','0',337,0,'',1,0,'',NULL,0),(2306,'大埔县','0',337,0,'',1,0,'',NULL,0),(2307,'丰顺县','0',337,0,'',1,0,'',NULL,0),(2308,'五华县','0',337,0,'',1,0,'',NULL,0),(2309,'平远县','0',337,0,'',1,0,'',NULL,0),(2310,'蕉岭县','0',337,0,'',1,0,'',NULL,0),(2311,'兴宁市','0',337,0,'',1,0,'',NULL,0),(2312,'城区','0',338,0,'',1,0,'',NULL,0),(2313,'海丰县','0',338,0,'',1,0,'',NULL,0),(2314,'陆河县','0',338,0,'',1,0,'',NULL,0),(2315,'陆丰市','0',338,0,'',1,0,'',NULL,0),(2316,'源城区','0',339,0,'',1,0,'',NULL,0),(2317,'紫金县','0',339,0,'',1,0,'',NULL,0),(2318,'龙川县','0',339,0,'',1,0,'',NULL,0),(2319,'连平县','0',339,0,'',1,0,'',NULL,0),(2320,'和平县','0',339,0,'',1,0,'',NULL,0),(2321,'东源县','0',339,0,'',1,0,'',NULL,0),(2322,'江城区','0',340,0,'',1,0,'',NULL,0),(2323,'阳西县','0',340,0,'',1,0,'',NULL,0),(2324,'阳东县','0',340,0,'',1,0,'',NULL,0),(2325,'阳春市','0',340,0,'',1,0,'',NULL,0),(2326,'清城区','0',341,0,'',1,0,'',NULL,0),(2327,'佛冈县','0',341,0,'',1,0,'',NULL,0),(2328,'阳山县','0',341,0,'',1,0,'',NULL,0),(2329,'连山壮族瑶族自治县','0',341,0,'',1,0,'',NULL,0),(2330,'连南瑶族自治县','0',341,0,'',1,0,'',NULL,0),(2331,'清新县','0',341,0,'',1,0,'',NULL,0),(2332,'英德市','0',341,0,'',1,0,'',NULL,0),(2333,'连州市','0',341,0,'',1,0,'',NULL,0),(2334,'湘桥区','0',344,0,'',1,0,'',NULL,0),(2335,'潮安县','0',344,0,'',1,0,'',NULL,0),(2336,'饶平县','0',344,0,'',1,0,'',NULL,0),(2337,'榕城区','0',345,0,'',1,0,'',NULL,0),(2338,'揭东县','0',345,0,'',1,0,'',NULL,0),(2339,'揭西县','0',345,0,'',1,0,'',NULL,0),(2340,'惠来县','0',345,0,'',1,0,'',NULL,0),(2341,'普宁市','0',345,0,'',1,0,'',NULL,0),(2342,'云城区','0',346,0,'',1,0,'',NULL,0),(2343,'新兴县','0',346,0,'',1,0,'',NULL,0),(2344,'郁南县','0',346,0,'',1,0,'',NULL,0),(2345,'云安县','0',346,0,'',1,0,'',NULL,0),(2346,'罗定市','0',346,0,'',1,0,'',NULL,0),(2347,'兴宁区','0',347,0,'',1,0,'',NULL,0),(2348,'青秀区','0',347,0,'',1,0,'',NULL,0),(2349,'江南区','0',347,0,'',1,0,'',NULL,0),(2350,'西乡塘区','0',347,0,'',1,0,'',NULL,0),(2351,'良庆区','0',347,0,'',1,0,'',NULL,0),(2352,'邕宁区','0',347,0,'',1,0,'',NULL,0),(2353,'武鸣县','0',347,0,'',1,0,'',NULL,0),(2354,'隆安县','0',347,0,'',1,0,'',NULL,0),(2355,'马山县','0',347,0,'',1,0,'',NULL,0),(2356,'上林县','0',347,0,'',1,0,'',NULL,0),(2357,'宾阳县','0',347,0,'',1,0,'',NULL,0),(2358,'横县','0',347,0,'',1,0,'',NULL,0),(2359,'城中区','0',348,0,'',1,0,'',NULL,0),(2360,'鱼峰区','0',348,0,'',1,0,'',NULL,0),(2361,'柳南区','0',348,0,'',1,0,'',NULL,0),(2362,'柳北区','0',348,0,'',1,0,'',NULL,0),(2363,'柳江县','0',348,0,'',1,0,'',NULL,0),(2364,'柳城县','0',348,0,'',1,0,'',NULL,0),(2365,'鹿寨县','0',348,0,'',1,0,'',NULL,0),(2366,'融安县','0',348,0,'',1,0,'',NULL,0),(2367,'融水苗族自治县','0',348,0,'',1,0,'',NULL,0),(2368,'三江侗族自治县','0',348,0,'',1,0,'',NULL,0),(2369,'秀峰区','0',349,0,'',1,0,'',NULL,0),(2370,'叠彩区','0',349,0,'',1,0,'',NULL,0),(2371,'象山区','0',349,0,'',1,0,'',NULL,0),(2372,'七星区','0',349,0,'',1,0,'',NULL,0),(2373,'雁山区','0',349,0,'',1,0,'',NULL,0),(2374,'阳朔县','0',349,0,'',1,0,'',NULL,0),(2375,'临桂县','0',349,0,'',1,0,'',NULL,0),(2376,'灵川县','0',349,0,'',1,0,'',NULL,0),(2377,'全州县','0',349,0,'',1,0,'',NULL,0),(2378,'兴安县','0',349,0,'',1,0,'',NULL,0),(2379,'永福县','0',349,0,'',1,0,'',NULL,0),(2380,'灌阳县','0',349,0,'',1,0,'',NULL,0),(2381,'龙胜各族自治县','0',349,0,'',1,0,'',NULL,0),(2382,'资源县','0',349,0,'',1,0,'',NULL,0),(2383,'平乐县','0',349,0,'',1,0,'',NULL,0),(2384,'荔蒲县','0',349,0,'',1,0,'',NULL,0),(2385,'恭城瑶族自治县','0',349,0,'',1,0,'',NULL,0),(2386,'万秀区','0',350,0,'',1,0,'',NULL,0),(2387,'蝶山区','0',350,0,'',1,0,'',NULL,0),(2388,'长洲区','0',350,0,'',1,0,'',NULL,0),(2389,'苍梧县','0',350,0,'',1,0,'',NULL,0),(2390,'藤县','0',350,0,'',1,0,'',NULL,0),(2391,'蒙山县','0',350,0,'',1,0,'',NULL,0),(2392,'岑溪市','0',350,0,'',1,0,'',NULL,0),(2393,'海城区','0',351,0,'',1,0,'',NULL,0),(2394,'银海区','0',351,0,'',1,0,'',NULL,0),(2395,'铁山港区','0',351,0,'',1,0,'',NULL,0),(2396,'合浦县','0',351,0,'',1,0,'',NULL,0),(2397,'港口区','0',352,0,'',1,0,'',NULL,0),(2398,'防城区','0',352,0,'',1,0,'',NULL,0),(2399,'上思县','0',352,0,'',1,0,'',NULL,0),(2400,'东兴市','0',352,0,'',1,0,'',NULL,0),(2401,'钦南区','0',353,0,'',1,0,'',NULL,0),(2402,'钦北区','0',353,0,'',1,0,'',NULL,0),(2403,'灵山县','0',353,0,'',1,0,'',NULL,0),(2404,'浦北县','0',353,0,'',1,0,'',NULL,0),(2405,'港北区','0',354,0,'',1,0,'',NULL,0),(2406,'港南区','0',354,0,'',1,0,'',NULL,0),(2407,'覃塘区','0',354,0,'',1,0,'',NULL,0),(2408,'平南县','0',354,0,'',1,0,'',NULL,0),(2409,'桂平市','0',354,0,'',1,0,'',NULL,0),(2410,'玉州区','0',355,0,'',1,0,'',NULL,0),(2411,'容县','0',355,0,'',1,0,'',NULL,0),(2412,'陆川县','0',355,0,'',1,0,'',NULL,0),(2413,'博白县','0',355,0,'',1,0,'',NULL,0),(2414,'兴业县','0',355,0,'',1,0,'',NULL,0),(2415,'北流市','0',355,0,'',1,0,'',NULL,0),(2416,'右江区','0',356,0,'',1,0,'',NULL,0),(2417,'田阳县','0',356,0,'',1,0,'',NULL,0),(2418,'田东县','0',356,0,'',1,0,'',NULL,0),(2419,'平果县','0',356,0,'',1,0,'',NULL,0),(2420,'德保县','0',356,0,'',1,0,'',NULL,0),(2421,'靖西县','0',356,0,'',1,0,'',NULL,0),(2422,'那坡县','0',356,0,'',1,0,'',NULL,0),(2423,'凌云县','0',356,0,'',1,0,'',NULL,0),(2424,'乐业县','0',356,0,'',1,0,'',NULL,0),(2425,'田林县','0',356,0,'',1,0,'',NULL,0),(2426,'西林县','0',356,0,'',1,0,'',NULL,0),(2427,'隆林各族自治县','0',356,0,'',1,0,'',NULL,0),(2428,'八步区','0',357,0,'',1,0,'',NULL,0),(2429,'昭平县','0',357,0,'',1,0,'',NULL,0),(2430,'钟山县','0',357,0,'',1,0,'',NULL,0),(2431,'富川瑶族自治县','0',357,0,'',1,0,'',NULL,0),(2432,'金城江区','0',358,0,'',1,0,'',NULL,0),(2433,'南丹县','0',358,0,'',1,0,'',NULL,0),(2434,'天峨县','0',358,0,'',1,0,'',NULL,0),(2435,'凤山县','0',358,0,'',1,0,'',NULL,0),(2436,'东兰县','0',358,0,'',1,0,'',NULL,0),(2437,'罗城仫佬族自治县','0',358,0,'',1,0,'',NULL,0),(2438,'环江毛南族自治县','0',358,0,'',1,0,'',NULL,0),(2439,'巴马瑶族自治县','0',358,0,'',1,0,'',NULL,0),(2440,'都安瑶族自治县','0',358,0,'',1,0,'',NULL,0),(2441,'大化瑶族自治县','0',358,0,'',1,0,'',NULL,0),(2442,'宜州市','0',358,0,'',1,0,'',NULL,0),(2443,'兴宾区','0',359,0,'',1,0,'',NULL,0),(2444,'忻城县','0',359,0,'',1,0,'',NULL,0),(2445,'象州县','0',359,0,'',1,0,'',NULL,0),(2446,'武宣县','0',359,0,'',1,0,'',NULL,0),(2447,'金秀瑶族自治县','0',359,0,'',1,0,'',NULL,0),(2448,'合山市','0',359,0,'',1,0,'',NULL,0),(2449,'江洲区','0',360,0,'',1,0,'',NULL,0),(2450,'扶绥县','0',360,0,'',1,0,'',NULL,0),(2451,'宁明县','0',360,0,'',1,0,'',NULL,0),(2452,'龙州县','0',360,0,'',1,0,'',NULL,0),(2453,'大新县','0',360,0,'',1,0,'',NULL,0),(2454,'天等县','0',360,0,'',1,0,'',NULL,0),(2455,'凭祥市','0',360,0,'',1,0,'',NULL,0),(2456,'秀英区','0',361,0,'',1,0,'',NULL,0),(2457,'龙华区','0',361,0,'',1,0,'',NULL,0),(2458,'琼山区','0',361,0,'',1,0,'',NULL,0),(2459,'美兰区','0',361,0,'',1,0,'',NULL,0),(2460,'锦江区','0',382,0,'',1,0,'',NULL,0),(2461,'青羊区','0',382,0,'',1,0,'',NULL,0),(2462,'金牛区','0',382,0,'',1,0,'',NULL,0),(2463,'武侯区','0',382,0,'',1,0,'',NULL,0),(2464,'成华区','0',382,0,'',1,0,'',NULL,0),(2465,'龙泉驿区','0',382,0,'',1,0,'',NULL,0),(2466,'青白江区','0',382,0,'',1,0,'',NULL,0),(2467,'新都区','0',382,0,'',1,0,'',NULL,0),(2468,'温江区','0',382,0,'',1,0,'',NULL,0),(2469,'金堂县','0',382,0,'',1,0,'',NULL,0),(2470,'双流县','0',382,0,'',1,0,'',NULL,0),(2471,'郫县','0',382,0,'',1,0,'',NULL,0),(2472,'大邑县','0',382,0,'',1,0,'',NULL,0),(2473,'蒲江县','0',382,0,'',1,0,'',NULL,0),(2474,'新津县','0',382,0,'',1,0,'',NULL,0),(2475,'都江堰市','0',382,0,'',1,0,'',NULL,0),(2476,'彭州市','0',382,0,'',1,0,'',NULL,0),(2477,'邛崃市','0',382,0,'',1,0,'',NULL,0),(2478,'崇州市','0',382,0,'',1,0,'',NULL,0),(2479,'自流井区','0',383,0,'',1,0,'',NULL,0),(2480,'贡井区','0',383,0,'',1,0,'',NULL,0),(2481,'大安区','0',383,0,'',1,0,'',NULL,0),(2482,'沿滩区','0',383,0,'',1,0,'',NULL,0),(2483,'荣县','0',383,0,'',1,0,'',NULL,0),(2484,'富顺县','0',383,0,'',1,0,'',NULL,0),(2485,'东区','0',384,0,'',1,0,'',NULL,0),(2486,'西区','0',384,0,'',1,0,'',NULL,0),(2487,'仁和区','0',384,0,'',1,0,'',NULL,0),(2488,'米易县','0',384,0,'',1,0,'',NULL,0),(2489,'盐边县','0',384,0,'',1,0,'',NULL,0),(2490,'江阳区','0',385,0,'',1,0,'',NULL,0),(2491,'纳溪区','0',385,0,'',1,0,'',NULL,0),(2492,'龙马潭区','0',385,0,'',1,0,'',NULL,0),(2493,'泸县','0',385,0,'',1,0,'',NULL,0),(2494,'合江县','0',385,0,'',1,0,'',NULL,0),(2495,'叙永县','0',385,0,'',1,0,'',NULL,0),(2496,'古蔺县','0',385,0,'',1,0,'',NULL,0),(2497,'旌阳区','0',386,0,'',1,0,'',NULL,0),(2498,'中江县','0',386,0,'',1,0,'',NULL,0),(2499,'罗江县','0',386,0,'',1,0,'',NULL,0),(2500,'广汉市','0',386,0,'',1,0,'',NULL,0),(2501,'什邡市','0',386,0,'',1,0,'',NULL,0),(2502,'绵竹市','0',386,0,'',1,0,'',NULL,0),(2503,'涪城区','0',387,0,'',1,0,'',NULL,0),(2504,'游仙区','0',387,0,'',1,0,'',NULL,0),(2505,'三台县','0',387,0,'',1,0,'',NULL,0),(2506,'盐亭县','0',387,0,'',1,0,'',NULL,0),(2507,'安县','0',387,0,'',1,0,'',NULL,0),(2508,'梓潼县','0',387,0,'',1,0,'',NULL,0),(2509,'北川羌族自治县','0',387,0,'',1,0,'',NULL,0),(2510,'平武县','0',387,0,'',1,0,'',NULL,0),(2511,'江油市','0',387,0,'',1,0,'',NULL,0),(2512,'市中区','0',388,0,'',1,0,'',NULL,0),(2513,'元坝区','0',388,0,'',1,0,'',NULL,0),(2514,'朝天区','0',388,0,'',1,0,'',NULL,0),(2515,'旺苍县','0',388,0,'',1,0,'',NULL,0),(2516,'青川县','0',388,0,'',1,0,'',NULL,0),(2517,'剑阁县','0',388,0,'',1,0,'',NULL,0),(2518,'苍溪县','0',388,0,'',1,0,'',NULL,0),(2519,'船山区','0',389,0,'',1,0,'',NULL,0),(2520,'安居区','0',389,0,'',1,0,'',NULL,0),(2521,'蓬溪县','0',389,0,'',1,0,'',NULL,0),(2522,'射洪县','0',389,0,'',1,0,'',NULL,0),(2523,'大英县','0',389,0,'',1,0,'',NULL,0),(2524,'市中区','0',390,0,'',1,0,'',NULL,0),(2525,'东兴区','0',390,0,'',1,0,'',NULL,0),(2526,'威远县','0',390,0,'',1,0,'',NULL,0),(2527,'资中县','0',390,0,'',1,0,'',NULL,0),(2528,'隆昌县','0',390,0,'',1,0,'',NULL,0),(2529,'市中区','0',391,0,'',1,0,'',NULL,0),(2530,'沙湾区','0',391,0,'',1,0,'',NULL,0),(2531,'五通桥区','0',391,0,'',1,0,'',NULL,0),(2532,'金口河区','0',391,0,'',1,0,'',NULL,0),(2533,'犍为县','0',391,0,'',1,0,'',NULL,0),(2534,'井研县','0',391,0,'',1,0,'',NULL,0),(2535,'夹江县','0',391,0,'',1,0,'',NULL,0),(2536,'沐川县','0',391,0,'',1,0,'',NULL,0),(2537,'峨边彝族自治县','0',391,0,'',1,0,'',NULL,0),(2538,'马边彝族自治县','0',391,0,'',1,0,'',NULL,0),(2539,'峨眉山市','0',391,0,'',1,0,'',NULL,0),(2540,'顺庆区','0',392,0,'',1,0,'',NULL,0),(2541,'高坪区','0',392,0,'',1,0,'',NULL,0),(2542,'嘉陵区','0',392,0,'',1,0,'',NULL,0),(2543,'南部县','0',392,0,'',1,0,'',NULL,0),(2544,'营山县','0',392,0,'',1,0,'',NULL,0),(2545,'蓬安县','0',392,0,'',1,0,'',NULL,0),(2546,'仪陇县','0',392,0,'',1,0,'',NULL,0),(2547,'西充县','0',392,0,'',1,0,'',NULL,0),(2548,'阆中市','0',392,0,'',1,0,'',NULL,0),(2549,'东坡区','0',393,0,'',1,0,'',NULL,0),(2550,'仁寿县','0',393,0,'',1,0,'',NULL,0),(2551,'彭山县','0',393,0,'',1,0,'',NULL,0),(2552,'洪雅县','0',393,0,'',1,0,'',NULL,0),(2553,'丹棱县','0',393,0,'',1,0,'',NULL,0),(2554,'青神县','0',393,0,'',1,0,'',NULL,0),(2555,'翠屏区','0',394,0,'',1,0,'',NULL,0),(2556,'宜宾县','0',394,0,'',1,0,'',NULL,0),(2557,'南溪县','0',394,0,'',1,0,'',NULL,0),(2558,'江安县','0',394,0,'',1,0,'',NULL,0),(2559,'长宁县','0',394,0,'',1,0,'',NULL,0),(2560,'高县','0',394,0,'',1,0,'',NULL,0),(2561,'珙县','0',394,0,'',1,0,'',NULL,0),(2562,'筠连县','0',394,0,'',1,0,'',NULL,0),(2563,'兴文县','0',394,0,'',1,0,'',NULL,0),(2564,'屏山县','0',394,0,'',1,0,'',NULL,0),(2565,'广安区','0',395,0,'',1,0,'',NULL,0),(2566,'岳池县','0',395,0,'',1,0,'',NULL,0),(2567,'武胜县','0',395,0,'',1,0,'',NULL,0),(2568,'邻水县','0',395,0,'',1,0,'',NULL,0),(2569,'华蓥市','0',395,0,'',1,0,'',NULL,0),(2570,'通川区','0',396,0,'',1,0,'',NULL,0),(2571,'达县','0',396,0,'',1,0,'',NULL,0),(2572,'宣汉县','0',396,0,'',1,0,'',NULL,0),(2573,'开江县','0',396,0,'',1,0,'',NULL,0),(2574,'大竹县','0',396,0,'',1,0,'',NULL,0),(2575,'渠县','0',396,0,'',1,0,'',NULL,0),(2576,'万源市','0',396,0,'',1,0,'',NULL,0),(2577,'雨城区','0',397,0,'',1,0,'',NULL,0),(2578,'名山县','0',397,0,'',1,0,'',NULL,0),(2579,'荥经县','0',397,0,'',1,0,'',NULL,0),(2580,'汉源县','0',397,0,'',1,0,'',NULL,0),(2581,'石棉县','0',397,0,'',1,0,'',NULL,0),(2582,'天全县','0',397,0,'',1,0,'',NULL,0),(2583,'芦山县','0',397,0,'',1,0,'',NULL,0),(2584,'宝兴县','0',397,0,'',1,0,'',NULL,0),(2585,'巴州区','0',398,0,'',1,0,'',NULL,0),(2586,'通江县','0',398,0,'',1,0,'',NULL,0),(2587,'南江县','0',398,0,'',1,0,'',NULL,0),(2588,'平昌县','0',398,0,'',1,0,'',NULL,0),(2589,'雁江区','0',399,0,'',1,0,'',NULL,0),(2590,'安岳县','0',399,0,'',1,0,'',NULL,0),(2591,'乐至县','0',399,0,'',1,0,'',NULL,0),(2592,'简阳市','0',399,0,'',1,0,'',NULL,0),(2593,'汶川县','0',400,0,'',1,0,'',NULL,0);
INSERT INTO `ly_linkage` VALUES (2594,'理县','0',400,0,'',1,0,'',NULL,0),(2595,'茂县','0',400,0,'',1,0,'',NULL,0),(2596,'松潘县','0',400,0,'',1,0,'',NULL,0),(2597,'九寨沟县','0',400,0,'',1,0,'',NULL,0),(2598,'金川县','0',400,0,'',1,0,'',NULL,0),(2599,'小金县','0',400,0,'',1,0,'',NULL,0),(2600,'黑水县','0',400,0,'',1,0,'',NULL,0),(2601,'马尔康县','0',400,0,'',1,0,'',NULL,0),(2602,'壤塘县','0',400,0,'',1,0,'',NULL,0),(2603,'阿坝县','0',400,0,'',1,0,'',NULL,0),(2604,'若尔盖县','0',400,0,'',1,0,'',NULL,0),(2605,'红原县','0',400,0,'',1,0,'',NULL,0),(2606,'康定县','0',401,0,'',1,0,'',NULL,0),(2607,'泸定县','0',401,0,'',1,0,'',NULL,0),(2608,'丹巴县','0',401,0,'',1,0,'',NULL,0),(2609,'九龙县','0',401,0,'',1,0,'',NULL,0),(2610,'雅江县','0',401,0,'',1,0,'',NULL,0),(2611,'道孚县','0',401,0,'',1,0,'',NULL,0),(2612,'炉霍县','0',401,0,'',1,0,'',NULL,0),(2613,'甘孜县','0',401,0,'',1,0,'',NULL,0),(2614,'新龙县','0',401,0,'',1,0,'',NULL,0),(2615,'德格县','0',401,0,'',1,0,'',NULL,0),(2616,'白玉县','0',401,0,'',1,0,'',NULL,0),(2617,'石渠县','0',401,0,'',1,0,'',NULL,0),(2618,'色达县','0',401,0,'',1,0,'',NULL,0),(2619,'理塘县','0',401,0,'',1,0,'',NULL,0),(2620,'巴塘县','0',401,0,'',1,0,'',NULL,0),(2621,'乡城县','0',401,0,'',1,0,'',NULL,0),(2622,'稻城县','0',401,0,'',1,0,'',NULL,0),(2623,'得荣县','0',401,0,'',1,0,'',NULL,0),(2624,'西昌市','0',402,0,'',1,0,'',NULL,0),(2625,'木里藏族自治县','0',402,0,'',1,0,'',NULL,0),(2626,'盐源县','0',402,0,'',1,0,'',NULL,0),(2627,'德昌县','0',402,0,'',1,0,'',NULL,0),(2628,'会理县','0',402,0,'',1,0,'',NULL,0),(2629,'会东县','0',402,0,'',1,0,'',NULL,0),(2630,'宁南县','0',402,0,'',1,0,'',NULL,0),(2631,'普格县','0',402,0,'',1,0,'',NULL,0),(2632,'布拖县','0',402,0,'',1,0,'',NULL,0),(2633,'金阳县','0',402,0,'',1,0,'',NULL,0),(2634,'昭觉县','0',402,0,'',1,0,'',NULL,0),(2635,'喜德县','0',402,0,'',1,0,'',NULL,0),(2636,'冕宁县','0',402,0,'',1,0,'',NULL,0),(2637,'越西县','0',402,0,'',1,0,'',NULL,0),(2638,'甘洛县','0',402,0,'',1,0,'',NULL,0),(2639,'美姑县','0',402,0,'',1,0,'',NULL,0),(2640,'雷波县','0',402,0,'',1,0,'',NULL,0),(2641,'南明区','0',403,0,'',1,0,'',NULL,0),(2642,'云岩区','0',403,0,'',1,0,'',NULL,0),(2643,'花溪区','0',403,0,'',1,0,'',NULL,0),(2644,'乌当区','0',403,0,'',1,0,'',NULL,0),(2645,'白云区','0',403,0,'',1,0,'',NULL,0),(2646,'小河区','0',403,0,'',1,0,'',NULL,0),(2647,'开阳县','0',403,0,'',1,0,'',NULL,0),(2648,'息烽县','0',403,0,'',1,0,'',NULL,0),(2649,'修文县','0',403,0,'',1,0,'',NULL,0),(2650,'清镇市','0',403,0,'',1,0,'',NULL,0),(2651,'钟山区','0',404,0,'',1,0,'',NULL,0),(2652,'六枝特区','0',404,0,'',1,0,'',NULL,0),(2653,'水城县','0',404,0,'',1,0,'',NULL,0),(2654,'盘县','0',404,0,'',1,0,'',NULL,0),(2655,'红花岗区','0',405,0,'',1,0,'',NULL,0),(2656,'汇川区','0',405,0,'',1,0,'',NULL,0),(2657,'遵义县','0',405,0,'',1,0,'',NULL,0),(2658,'桐梓县','0',405,0,'',1,0,'',NULL,0),(2659,'绥阳县','0',405,0,'',1,0,'',NULL,0),(2660,'正安县','0',405,0,'',1,0,'',NULL,0),(2661,'道真仡佬族苗族自治县','0',405,0,'',1,0,'',NULL,0),(2662,'务川仡佬族苗族自治县','0',405,0,'',1,0,'',NULL,0),(2663,'凤冈县','0',405,0,'',1,0,'',NULL,0),(2664,'湄潭县','0',405,0,'',1,0,'',NULL,0),(2665,'余庆县','0',405,0,'',1,0,'',NULL,0),(2666,'习水县','0',405,0,'',1,0,'',NULL,0),(2667,'赤水市','0',405,0,'',1,0,'',NULL,0),(2668,'仁怀市','0',405,0,'',1,0,'',NULL,0),(2669,'西秀区','0',406,0,'',1,0,'',NULL,0),(2670,'平坝县','0',406,0,'',1,0,'',NULL,0),(2671,'普定县','0',406,0,'',1,0,'',NULL,0),(2672,'镇宁布依族苗族自治县','0',406,0,'',1,0,'',NULL,0),(2673,'关岭布依族苗族自治县','0',406,0,'',1,0,'',NULL,0),(2674,'紫云苗族布依族自治县','0',406,0,'',1,0,'',NULL,0),(2675,'铜仁市','0',407,0,'',1,0,'',NULL,0),(2676,'江口县','0',407,0,'',1,0,'',NULL,0),(2677,'玉屏侗族自治县','0',407,0,'',1,0,'',NULL,0),(2678,'石阡县','0',407,0,'',1,0,'',NULL,0),(2679,'思南县','0',407,0,'',1,0,'',NULL,0),(2680,'印江土家族苗族自治县','0',407,0,'',1,0,'',NULL,0),(2681,'德江县','0',407,0,'',1,0,'',NULL,0),(2682,'沿河土家族自治县','0',407,0,'',1,0,'',NULL,0),(2683,'松桃苗族自治县','0',407,0,'',1,0,'',NULL,0),(2684,'万山特区','0',407,0,'',1,0,'',NULL,0),(2685,'兴义市','0',408,0,'',1,0,'',NULL,0),(2686,'兴仁县','0',408,0,'',1,0,'',NULL,0),(2687,'普安县','0',408,0,'',1,0,'',NULL,0),(2688,'晴隆县','0',408,0,'',1,0,'',NULL,0),(2689,'贞丰县','0',408,0,'',1,0,'',NULL,0),(2690,'望谟县','0',408,0,'',1,0,'',NULL,0),(2691,'册亨县','0',408,0,'',1,0,'',NULL,0),(2692,'安龙县','0',408,0,'',1,0,'',NULL,0),(2693,'毕节市','0',409,0,'',1,0,'',NULL,0),(2694,'大方县','0',409,0,'',1,0,'',NULL,0),(2695,'黔西县','0',409,0,'',1,0,'',NULL,0),(2696,'金沙县','0',409,0,'',1,0,'',NULL,0),(2697,'织金县','0',409,0,'',1,0,'',NULL,0),(2698,'纳雍县','0',409,0,'',1,0,'',NULL,0),(2699,'威宁彝族回族苗族自治县','0',409,0,'',1,0,'',NULL,0),(2700,'赫章县','0',409,0,'',1,0,'',NULL,0),(2701,'凯里市','0',410,0,'',1,0,'',NULL,0),(2702,'黄平县','0',410,0,'',1,0,'',NULL,0),(2703,'施秉县','0',410,0,'',1,0,'',NULL,0),(2704,'三穗县','0',410,0,'',1,0,'',NULL,0),(2705,'镇远县','0',410,0,'',1,0,'',NULL,0),(2706,'岑巩县','0',410,0,'',1,0,'',NULL,0),(2707,'天柱县','0',410,0,'',1,0,'',NULL,0),(2708,'锦屏县','0',410,0,'',1,0,'',NULL,0),(2709,'剑河县','0',410,0,'',1,0,'',NULL,0),(2710,'台江县','0',410,0,'',1,0,'',NULL,0),(2711,'黎平县','0',410,0,'',1,0,'',NULL,0),(2712,'榕江县','0',410,0,'',1,0,'',NULL,0),(2713,'从江县','0',410,0,'',1,0,'',NULL,0),(2714,'雷山县','0',410,0,'',1,0,'',NULL,0),(2715,'麻江县','0',410,0,'',1,0,'',NULL,0),(2716,'丹寨县','0',410,0,'',1,0,'',NULL,0),(2717,'都匀市','0',411,0,'',1,0,'',NULL,0),(2718,'福泉市','0',411,0,'',1,0,'',NULL,0),(2719,'荔波县','0',411,0,'',1,0,'',NULL,0),(2720,'贵定县','0',411,0,'',1,0,'',NULL,0),(2721,'瓮安县','0',411,0,'',1,0,'',NULL,0),(2722,'独山县','0',411,0,'',1,0,'',NULL,0),(2723,'平塘县','0',411,0,'',1,0,'',NULL,0),(2724,'罗甸县','0',411,0,'',1,0,'',NULL,0),(2725,'长顺县','0',411,0,'',1,0,'',NULL,0),(2726,'龙里县','0',411,0,'',1,0,'',NULL,0),(2727,'惠水县','0',411,0,'',1,0,'',NULL,0),(2728,'三都水族自治县','0',411,0,'',1,0,'',NULL,0),(2729,'五华区','0',412,0,'',1,0,'',NULL,0),(2730,'盘龙区','0',412,0,'',1,0,'',NULL,0),(2731,'官渡区','0',412,0,'',1,0,'',NULL,0),(2732,'西山区','0',412,0,'',1,0,'',NULL,0),(2733,'东川区','0',412,0,'',1,0,'',NULL,0),(2734,'呈贡县','0',412,0,'',1,0,'',NULL,0),(2735,'晋宁县','0',412,0,'',1,0,'',NULL,0),(2736,'富民县','0',412,0,'',1,0,'',NULL,0),(2737,'宜良县','0',412,0,'',1,0,'',NULL,0),(2738,'石林彝族自治县','0',412,0,'',1,0,'',NULL,0),(2739,'嵩明县','0',412,0,'',1,0,'',NULL,0),(2740,'禄劝彝族苗族自治县','0',412,0,'',1,0,'',NULL,0),(2741,'寻甸回族彝族自治县','0',412,0,'',1,0,'',NULL,0),(2742,'安宁市','0',412,0,'',1,0,'',NULL,0),(2743,'麒麟区','0',413,0,'',1,0,'',NULL,0),(2744,'马龙县','0',413,0,'',1,0,'',NULL,0),(2745,'陆良县','0',413,0,'',1,0,'',NULL,0),(2746,'师宗县','0',413,0,'',1,0,'',NULL,0),(2747,'罗平县','0',413,0,'',1,0,'',NULL,0),(2748,'富源县','0',413,0,'',1,0,'',NULL,0),(2749,'会泽县','0',413,0,'',1,0,'',NULL,0),(2750,'沾益县','0',413,0,'',1,0,'',NULL,0),(2751,'宣威市','0',413,0,'',1,0,'',NULL,0),(2752,'红塔区','0',414,0,'',1,0,'',NULL,0),(2753,'江川县','0',414,0,'',1,0,'',NULL,0),(2754,'澄江县','0',414,0,'',1,0,'',NULL,0),(2755,'通海县','0',414,0,'',1,0,'',NULL,0),(2756,'华宁县','0',414,0,'',1,0,'',NULL,0),(2757,'易门县','0',414,0,'',1,0,'',NULL,0),(2758,'峨山彝族自治县','0',414,0,'',1,0,'',NULL,0),(2759,'新平彝族傣族自治县','0',414,0,'',1,0,'',NULL,0),(2760,'元江哈尼族彝族傣族自治县','0',414,0,'',1,0,'',NULL,0),(2761,'隆阳区','0',415,0,'',1,0,'',NULL,0),(2762,'施甸县','0',415,0,'',1,0,'',NULL,0),(2763,'腾冲县','0',415,0,'',1,0,'',NULL,0),(2764,'龙陵县','0',415,0,'',1,0,'',NULL,0),(2765,'昌宁县','0',415,0,'',1,0,'',NULL,0),(2766,'昭阳区','0',416,0,'',1,0,'',NULL,0),(2767,'鲁甸县','0',416,0,'',1,0,'',NULL,0),(2768,'巧家县','0',416,0,'',1,0,'',NULL,0),(2769,'盐津县','0',416,0,'',1,0,'',NULL,0),(2770,'大关县','0',416,0,'',1,0,'',NULL,0),(2771,'永善县','0',416,0,'',1,0,'',NULL,0),(2772,'绥江县','0',416,0,'',1,0,'',NULL,0),(2773,'镇雄县','0',416,0,'',1,0,'',NULL,0),(2774,'彝良县','0',416,0,'',1,0,'',NULL,0),(2775,'威信县','0',416,0,'',1,0,'',NULL,0),(2776,'水富县','0',416,0,'',1,0,'',NULL,0),(2777,'古城区','0',417,0,'',1,0,'',NULL,0),(2778,'玉龙纳西族自治县','0',417,0,'',1,0,'',NULL,0),(2779,'永胜县','0',417,0,'',1,0,'',NULL,0),(2780,'华坪县','0',417,0,'',1,0,'',NULL,0),(2781,'宁蒗彝族自治县','0',417,0,'',1,0,'',NULL,0),(2782,'翠云区','0',418,0,'',1,0,'',NULL,0),(2783,'普洱哈尼族彝族自治县','0',418,0,'',1,0,'',NULL,0),(2784,'墨江哈尼族自治县','0',418,0,'',1,0,'',NULL,0),(2785,'景东彝族自治县','0',418,0,'',1,0,'',NULL,0),(2786,'景谷傣族彝族自治县','0',418,0,'',1,0,'',NULL,0),(2787,'镇沅彝族哈尼族拉祜族自治县','0',418,0,'',1,0,'',NULL,0),(2788,'江城哈尼族彝族自治县','0',418,0,'',1,0,'',NULL,0),(2789,'孟连傣族拉祜族佤族自治县','0',418,0,'',1,0,'',NULL,0),(2790,'澜沧拉祜族自治县','0',418,0,'',1,0,'',NULL,0),(2791,'西盟佤族自治县','0',418,0,'',1,0,'',NULL,0),(2792,'临翔区','0',419,0,'',1,0,'',NULL,0),(2793,'凤庆县','0',419,0,'',1,0,'',NULL,0),(2794,'云县','0',419,0,'',1,0,'',NULL,0),(2795,'永德县','0',419,0,'',1,0,'',NULL,0),(2796,'镇康县','0',419,0,'',1,0,'',NULL,0),(2797,'双江拉祜族佤族布朗族傣族自治县','0',419,0,'',1,0,'',NULL,0),(2798,'耿马傣族佤族自治县','0',419,0,'',1,0,'',NULL,0),(2799,'沧源佤族自治县','0',420,0,'',1,0,'',NULL,0),(2800,'楚雄市','0',420,0,'',1,0,'',NULL,0),(2801,'双柏县','0',420,0,'',1,0,'',NULL,0),(2802,'牟定县','0',420,0,'',1,0,'',NULL,0),(2803,'南华县','0',420,0,'',1,0,'',NULL,0),(2804,'姚安县','0',420,0,'',1,0,'',NULL,0),(2805,'大姚县','0',420,0,'',1,0,'',NULL,0),(2806,'永仁县','0',420,0,'',1,0,'',NULL,0),(2807,'元谋县','0',420,0,'',1,0,'',NULL,0),(2808,'武定县','0',420,0,'',1,0,'',NULL,0),(2809,'禄丰县','0',420,0,'',1,0,'',NULL,0),(2810,'个旧市','0',421,0,'',1,0,'',NULL,0),(2811,'开远市','0',421,0,'',1,0,'',NULL,0),(2812,'蒙自县','0',421,0,'',1,0,'',NULL,0),(2813,'屏边苗族自治县','0',421,0,'',1,0,'',NULL,0),(2814,'建水县','0',421,0,'',1,0,'',NULL,0),(2815,'石屏县','0',421,0,'',1,0,'',NULL,0),(2816,'弥勒县','0',421,0,'',1,0,'',NULL,0),(2817,'泸西县','0',421,0,'',1,0,'',NULL,0),(2818,'元阳县','0',421,0,'',1,0,'',NULL,0),(2819,'红河县','0',421,0,'',1,0,'',NULL,0),(2820,'金平苗族瑶族傣族自治县','0',421,0,'',1,0,'',NULL,0),(2821,'绿春县','0',421,0,'',1,0,'',NULL,0),(2822,'河口瑶族自治县','0',421,0,'',1,0,'',NULL,0),(2823,'文山县','0',422,0,'',1,0,'',NULL,0),(2824,'砚山县','0',422,0,'',1,0,'',NULL,0),(2825,'西畴县','0',422,0,'',1,0,'',NULL,0),(2826,'麻栗坡县','0',422,0,'',1,0,'',NULL,0),(2827,'马关县','0',422,0,'',1,0,'',NULL,0),(2828,'丘北县','0',422,0,'',1,0,'',NULL,0),(2829,'广南县','0',422,0,'',1,0,'',NULL,0),(2830,'富宁县','0',422,0,'',1,0,'',NULL,0),(2831,'景洪市','0',423,0,'',1,0,'',NULL,0),(2832,'勐海县','0',423,0,'',1,0,'',NULL,0),(2833,'勐腊县','0',423,0,'',1,0,'',NULL,0),(2834,'大理市','0',424,0,'',1,0,'',NULL,0),(2835,'漾濞彝族自治县','0',424,0,'',1,0,'',NULL,0),(2836,'祥云县','0',424,0,'',1,0,'',NULL,0),(2837,'宾川县','0',424,0,'',1,0,'',NULL,0),(2838,'弥渡县','0',424,0,'',1,0,'',NULL,0),(2839,'南涧彝族自治县','0',424,0,'',1,0,'',NULL,0),(2840,'巍山彝族回族自治县','0',424,0,'',1,0,'',NULL,0),(2841,'永平县','0',424,0,'',1,0,'',NULL,0),(2842,'云龙县','0',424,0,'',1,0,'',NULL,0),(2843,'洱源县','0',424,0,'',1,0,'',NULL,0),(2844,'剑川县','0',424,0,'',1,0,'',NULL,0),(2845,'鹤庆县','0',424,0,'',1,0,'',NULL,0),(2846,'瑞丽市','0',425,0,'',1,0,'',NULL,0),(2847,'潞西市','0',425,0,'',1,0,'',NULL,0),(2848,'梁河县','0',425,0,'',1,0,'',NULL,0),(2849,'盈江县','0',425,0,'',1,0,'',NULL,0),(2850,'陇川县','0',425,0,'',1,0,'',NULL,0),(2851,'泸水县','0',426,0,'',1,0,'',NULL,0),(2852,'福贡县','0',426,0,'',1,0,'',NULL,0),(2853,'贡山独龙族怒族自治县','0',426,0,'',1,0,'',NULL,0),(2854,'兰坪白族普米族自治县','0',426,0,'',1,0,'',NULL,0),(2855,'香格里拉县','0',427,0,'',1,0,'',NULL,0),(2856,'德钦县','0',427,0,'',1,0,'',NULL,0),(2857,'维西傈僳族自治县','0',427,0,'',1,0,'',NULL,0),(2858,'城关区','0',428,0,'',1,0,'',NULL,0),(2859,'林周县','0',428,0,'',1,0,'',NULL,0),(2860,'当雄县','0',428,0,'',1,0,'',NULL,0),(2861,'尼木县','0',428,0,'',1,0,'',NULL,0),(2862,'曲水县','0',428,0,'',1,0,'',NULL,0),(2863,'堆龙德庆县','0',428,0,'',1,0,'',NULL,0),(2864,'达孜县','0',428,0,'',1,0,'',NULL,0),(2865,'墨竹工卡县','0',428,0,'',1,0,'',NULL,0),(2866,'昌都县','0',429,0,'',1,0,'',NULL,0),(2867,'江达县','0',429,0,'',1,0,'',NULL,0),(2868,'贡觉县','0',429,0,'',1,0,'',NULL,0),(2869,'类乌齐县','0',429,0,'',1,0,'',NULL,0),(2870,'丁青县','0',429,0,'',1,0,'',NULL,0),(2871,'察雅县','0',429,0,'',1,0,'',NULL,0),(2872,'八宿县','0',429,0,'',1,0,'',NULL,0),(2873,'左贡县','0',429,0,'',1,0,'',NULL,0),(2874,'芒康县','0',429,0,'',1,0,'',NULL,0),(2875,'洛隆县','0',429,0,'',1,0,'',NULL,0),(2876,'边坝县','0',429,0,'',1,0,'',NULL,0),(2877,'乃东县','0',430,0,'',1,0,'',NULL,0),(2878,'扎囊县','0',430,0,'',1,0,'',NULL,0),(2879,'贡嘎县','0',430,0,'',1,0,'',NULL,0),(2880,'桑日县','0',430,0,'',1,0,'',NULL,0),(2881,'琼结县','0',430,0,'',1,0,'',NULL,0),(2882,'曲松县','0',430,0,'',1,0,'',NULL,0),(2883,'措美县','0',430,0,'',1,0,'',NULL,0),(2884,'洛扎县','0',430,0,'',1,0,'',NULL,0),(2885,'加查县','0',430,0,'',1,0,'',NULL,0),(2886,'隆子县','0',430,0,'',1,0,'',NULL,0),(2887,'错那县','0',430,0,'',1,0,'',NULL,0),(2888,'浪卡子县','0',430,0,'',1,0,'',NULL,0),(2889,'日喀则市','0',431,0,'',1,0,'',NULL,0),(2890,'南木林县','0',431,0,'',1,0,'',NULL,0),(2891,'江孜县','0',431,0,'',1,0,'',NULL,0),(2892,'定日县','0',431,0,'',1,0,'',NULL,0),(2893,'萨迦县','0',431,0,'',1,0,'',NULL,0),(2894,'拉孜县','0',431,0,'',1,0,'',NULL,0),(2895,'昂仁县','0',431,0,'',1,0,'',NULL,0),(2896,'谢通门县','0',431,0,'',1,0,'',NULL,0),(2897,'白朗县','0',431,0,'',1,0,'',NULL,0),(2898,'仁布县','0',431,0,'',1,0,'',NULL,0),(2899,'康马县','0',431,0,'',1,0,'',NULL,0),(2900,'定结县','0',431,0,'',1,0,'',NULL,0),(2901,'仲巴县','0',431,0,'',1,0,'',NULL,0),(2902,'亚东县','0',431,0,'',1,0,'',NULL,0),(2903,'吉隆县','0',431,0,'',1,0,'',NULL,0),(2904,'聂拉木县','0',431,0,'',1,0,'',NULL,0),(2905,'萨嘎县','0',431,0,'',1,0,'',NULL,0),(2906,'岗巴县','0',431,0,'',1,0,'',NULL,0),(2907,'那曲县','0',432,0,'',1,0,'',NULL,0),(2908,'嘉黎县','0',432,0,'',1,0,'',NULL,0),(2909,'比如县','0',432,0,'',1,0,'',NULL,0),(2910,'聂荣县','0',432,0,'',1,0,'',NULL,0),(2911,'安多县','0',432,0,'',1,0,'',NULL,0),(2912,'申扎县','0',432,0,'',1,0,'',NULL,0),(2913,'索县','0',432,0,'',1,0,'',NULL,0),(2914,'班戈县','0',432,0,'',1,0,'',NULL,0),(2915,'巴青县','0',432,0,'',1,0,'',NULL,0),(2916,'尼玛县','0',432,0,'',1,0,'',NULL,0),(2917,'普兰县','0',433,0,'',1,0,'',NULL,0),(2918,'札达县','0',433,0,'',1,0,'',NULL,0),(2919,'噶尔县','0',433,0,'',1,0,'',NULL,0),(2920,'日土县','0',433,0,'',1,0,'',NULL,0),(2921,'革吉县','0',433,0,'',1,0,'',NULL,0),(2922,'改则县','0',433,0,'',1,0,'',NULL,0),(2923,'措勤县','0',433,0,'',1,0,'',NULL,0),(2924,'林芝县','0',434,0,'',1,0,'',NULL,0),(2925,'工布江达县','0',434,0,'',1,0,'',NULL,0),(2926,'米林县','0',434,0,'',1,0,'',NULL,0),(2927,'墨脱县','0',434,0,'',1,0,'',NULL,0),(2928,'波密县','0',434,0,'',1,0,'',NULL,0),(2929,'察隅县','0',434,0,'',1,0,'',NULL,0),(2930,'朗县','0',434,0,'',1,0,'',NULL,0),(2931,'新城区','0',435,0,'',1,0,'',NULL,0),(2932,'碑林区','0',435,0,'',1,0,'',NULL,0),(2933,'莲湖区','0',435,0,'',1,0,'',NULL,0),(2934,'灞桥区','0',435,0,'',1,0,'',NULL,0),(2935,'未央区','0',435,0,'',1,0,'',NULL,0),(2936,'雁塔区','0',435,0,'',1,0,'',NULL,0),(2937,'阎良区','0',435,0,'',1,0,'',NULL,0),(2938,'临潼区','0',435,0,'',1,0,'',NULL,0),(2939,'长安区','0',435,0,'',1,0,'',NULL,0),(2940,'蓝田县','0',435,0,'',1,0,'',NULL,0),(2941,'周至县','0',435,0,'',1,0,'',NULL,0),(2942,'户县','0',435,0,'',1,0,'',NULL,0),(2943,'高陵县','0',435,0,'',1,0,'',NULL,0),(2944,'王益区','0',436,0,'',1,0,'',NULL,0),(2945,'印台区','0',436,0,'',1,0,'',NULL,0),(2946,'耀州区','0',436,0,'',1,0,'',NULL,0),(2947,'宜君县','0',436,0,'',1,0,'',NULL,0),(2948,'渭滨区','0',437,0,'',1,0,'',NULL,0),(2949,'金台区','0',437,0,'',1,0,'',NULL,0),(2950,'陈仓区','0',437,0,'',1,0,'',NULL,0),(2951,'凤翔县','0',437,0,'',1,0,'',NULL,0),(2952,'岐山县','0',437,0,'',1,0,'',NULL,0),(2953,'扶风县','0',437,0,'',1,0,'',NULL,0),(2954,'眉县','0',437,0,'',1,0,'',NULL,0),(2955,'陇县','0',437,0,'',1,0,'',NULL,0),(2956,'千阳县','0',437,0,'',1,0,'',NULL,0),(2957,'麟游县','0',437,0,'',1,0,'',NULL,0),(2958,'凤县','0',437,0,'',1,0,'',NULL,0),(2959,'太白县','0',437,0,'',1,0,'',NULL,0),(2960,'秦都区','0',438,0,'',1,0,'',NULL,0),(2961,'杨凌区','0',438,0,'',1,0,'',NULL,0),(2962,'渭城区','0',438,0,'',1,0,'',NULL,0),(2963,'三原县','0',438,0,'',1,0,'',NULL,0),(2964,'泾阳县','0',438,0,'',1,0,'',NULL,0),(2965,'乾县','0',438,0,'',1,0,'',NULL,0),(2966,'礼泉县','0',438,0,'',1,0,'',NULL,0),(2967,'永寿县','0',438,0,'',1,0,'',NULL,0),(2968,'彬县','0',438,0,'',1,0,'',NULL,0),(2969,'长武县','0',438,0,'',1,0,'',NULL,0),(2970,'旬邑县','0',438,0,'',1,0,'',NULL,0),(2971,'淳化县','0',438,0,'',1,0,'',NULL,0),(2972,'武功县','0',438,0,'',1,0,'',NULL,0),(2973,'兴平市','0',438,0,'',1,0,'',NULL,0),(2974,'临渭区','0',439,0,'',1,0,'',NULL,0),(2975,'华县','0',439,0,'',1,0,'',NULL,0),(2976,'潼关县','0',439,0,'',1,0,'',NULL,0),(2977,'大荔县','0',439,0,'',1,0,'',NULL,0),(2978,'合阳县','0',439,0,'',1,0,'',NULL,0),(2979,'澄城县','0',439,0,'',1,0,'',NULL,0),(2980,'蒲城县','0',439,0,'',1,0,'',NULL,0),(2981,'白水县','0',439,0,'',1,0,'',NULL,0),(2982,'富平县','0',439,0,'',1,0,'',NULL,0),(2983,'韩城市','0',439,0,'',1,0,'',NULL,0),(2984,'华阴市','0',439,0,'',1,0,'',NULL,0),(2985,'宝塔区','0',440,0,'',1,0,'',NULL,0),(2986,'延长县','0',440,0,'',1,0,'',NULL,0),(2987,'延川县','0',440,0,'',1,0,'',NULL,0),(2988,'子长县','0',440,0,'',1,0,'',NULL,0),(2989,'安塞县','0',440,0,'',1,0,'',NULL,0),(2990,'志丹县','0',440,0,'',1,0,'',NULL,0),(2991,'吴起县','0',440,0,'',1,0,'',NULL,0),(2992,'甘泉县','0',440,0,'',1,0,'',NULL,0),(2993,'富县','0',440,0,'',1,0,'',NULL,0),(2994,'洛川县','0',440,0,'',1,0,'',NULL,0),(2995,'宜川县','0',440,0,'',1,0,'',NULL,0),(2996,'黄龙县','0',440,0,'',1,0,'',NULL,0),(2997,'黄陵县','0',440,0,'',1,0,'',NULL,0),(2998,'汉台区','0',441,0,'',1,0,'',NULL,0),(2999,'南郑县','0',441,0,'',1,0,'',NULL,0),(3000,'城固县','0',441,0,'',1,0,'',NULL,0),(3001,'洋县','0',441,0,'',1,0,'',NULL,0),(3002,'西乡县','0',441,0,'',1,0,'',NULL,0),(3003,'勉县','0',441,0,'',1,0,'',NULL,0),(3004,'宁强县','0',441,0,'',1,0,'',NULL,0),(3005,'略阳县','0',441,0,'',1,0,'',NULL,0),(3006,'镇巴县','0',441,0,'',1,0,'',NULL,0),(3007,'留坝县','0',441,0,'',1,0,'',NULL,0),(3008,'佛坪县','0',441,0,'',1,0,'',NULL,0),(3009,'榆阳区','0',442,0,'',1,0,'',NULL,0),(3010,'神木县','0',442,0,'',1,0,'',NULL,0),(3011,'府谷县','0',442,0,'',1,0,'',NULL,0),(3012,'横山县','0',442,0,'',1,0,'',NULL,0),(3013,'靖边县','0',442,0,'',1,0,'',NULL,0),(3014,'定边县','0',442,0,'',1,0,'',NULL,0),(3015,'绥德县','0',442,0,'',1,0,'',NULL,0),(3016,'米脂县','0',442,0,'',1,0,'',NULL,0),(3017,'佳县','0',442,0,'',1,0,'',NULL,0),(3018,'吴堡县','0',442,0,'',1,0,'',NULL,0),(3019,'清涧县','0',442,0,'',1,0,'',NULL,0),(3020,'子洲县','0',442,0,'',1,0,'',NULL,0),(3021,'汉滨区','0',443,0,'',1,0,'',NULL,0),(3022,'汉阴县','0',443,0,'',1,0,'',NULL,0),(3023,'石泉县','0',443,0,'',1,0,'',NULL,0),(3024,'宁陕县','0',443,0,'',1,0,'',NULL,0),(3025,'紫阳县','0',443,0,'',1,0,'',NULL,0),(3026,'岚皋县','0',443,0,'',1,0,'',NULL,0),(3027,'平利县','0',443,0,'',1,0,'',NULL,0),(3028,'镇坪县','0',443,0,'',1,0,'',NULL,0),(3029,'旬阳县','0',443,0,'',1,0,'',NULL,0),(3030,'白河县','0',443,0,'',1,0,'',NULL,0),(3031,'商州区','0',444,0,'',1,0,'',NULL,0),(3032,'洛南县','0',444,0,'',1,0,'',NULL,0),(3033,'丹凤县','0',444,0,'',1,0,'',NULL,0),(3034,'商南县','0',444,0,'',1,0,'',NULL,0),(3035,'山阳县','0',444,0,'',1,0,'',NULL,0),(3036,'镇安县','0',444,0,'',1,0,'',NULL,0),(3037,'柞水县','0',444,0,'',1,0,'',NULL,0),(3038,'城关区','0',445,0,'',1,0,'',NULL,0),(3039,'七里河区','0',445,0,'',1,0,'',NULL,0),(3040,'西固区','0',445,0,'',1,0,'',NULL,0),(3041,'安宁区','0',445,0,'',1,0,'',NULL,0),(3042,'红古区','0',445,0,'',1,0,'',NULL,0),(3043,'永登县','0',445,0,'',1,0,'',NULL,0),(3044,'皋兰县','0',445,0,'',1,0,'',NULL,0),(3045,'榆中县','0',445,0,'',1,0,'',NULL,0),(3046,'金川区','0',447,0,'',1,0,'',NULL,0),(3047,'永昌县','0',447,0,'',1,0,'',NULL,0),(3048,'白银区','0',448,0,'',1,0,'',NULL,0),(3049,'平川区','0',448,0,'',1,0,'',NULL,0),(3050,'靖远县','0',448,0,'',1,0,'',NULL,0),(3051,'会宁县','0',448,0,'',1,0,'',NULL,0),(3052,'景泰县','0',448,0,'',1,0,'',NULL,0),(3053,'秦城区','0',449,0,'',1,0,'',NULL,0),(3054,'北道区','0',449,0,'',1,0,'',NULL,0),(3055,'清水县','0',449,0,'',1,0,'',NULL,0),(3056,'秦安县','0',449,0,'',1,0,'',NULL,0),(3057,'甘谷县','0',449,0,'',1,0,'',NULL,0),(3058,'武山县','0',449,0,'',1,0,'',NULL,0),(3059,'张家川回族自治县','0',449,0,'',1,0,'',NULL,0),(3060,'凉州区','0',450,0,'',1,0,'',NULL,0),(3061,'民勤县','0',450,0,'',1,0,'',NULL,0),(3062,'古浪县','0',450,0,'',1,0,'',NULL,0),(3063,'天祝藏族自治县','0',450,0,'',1,0,'',NULL,0),(3064,'甘州区','0',451,0,'',1,0,'',NULL,0),(3065,'肃南裕固族自治县','0',451,0,'',1,0,'',NULL,0),(3066,'民乐县','0',451,0,'',1,0,'',NULL,0),(3067,'临泽县','0',451,0,'',1,0,'',NULL,0),(3068,'高台县','0',451,0,'',1,0,'',NULL,0),(3069,'山丹县','0',451,0,'',1,0,'',NULL,0),(3070,'崆峒区','0',452,0,'',1,0,'',NULL,0),(3071,'泾川县','0',452,0,'',1,0,'',NULL,0),(3072,'灵台县','0',452,0,'',1,0,'',NULL,0),(3073,'崇信县','0',452,0,'',1,0,'',NULL,0),(3074,'华亭县','0',452,0,'',1,0,'',NULL,0),(3075,'庄浪县','0',452,0,'',1,0,'',NULL,0),(3076,'静宁县','0',452,0,'',1,0,'',NULL,0),(3077,'肃州区','0',453,0,'',1,0,'',NULL,0),(3078,'金塔县','0',453,0,'',1,0,'',NULL,0),(3079,'瓜州县','0',453,0,'',1,0,'',NULL,0),(3080,'肃北蒙古族自治县','0',453,0,'',1,0,'',NULL,0),(3081,'阿克塞哈萨克族自治县','0',453,0,'',1,0,'',NULL,0),(3082,'玉门市','0',453,0,'',1,0,'',NULL,0),(3083,'敦煌市','0',453,0,'',1,0,'',NULL,0),(3084,'西峰区','0',454,0,'',1,0,'',NULL,0),(3085,'庆城县','0',454,0,'',1,0,'',NULL,0),(3086,'环县','0',454,0,'',1,0,'',NULL,0),(3087,'华池县','0',454,0,'',1,0,'',NULL,0),(3088,'合水县','0',454,0,'',1,0,'',NULL,0),(3089,'正宁县','0',454,0,'',1,0,'',NULL,0),(3090,'宁县','0',454,0,'',1,0,'',NULL,0),(3091,'镇原县','0',454,0,'',1,0,'',NULL,0),(3092,'安定区','0',455,0,'',1,0,'',NULL,0),(3093,'通渭县','0',455,0,'',1,0,'',NULL,0),(3094,'陇西县','0',455,0,'',1,0,'',NULL,0),(3095,'渭源县','0',455,0,'',1,0,'',NULL,0),(3096,'临洮县','0',455,0,'',1,0,'',NULL,0),(3097,'漳县','0',455,0,'',1,0,'',NULL,0),(3098,'岷县','0',455,0,'',1,0,'',NULL,0),(3099,'武都区','0',456,0,'',1,0,'',NULL,0),(3100,'成县','0',456,0,'',1,0,'',NULL,0),(3101,'文县','0',456,0,'',1,0,'',NULL,0),(3102,'宕昌县','0',456,0,'',1,0,'',NULL,0),(3103,'康县','0',456,0,'',1,0,'',NULL,0),(3104,'西和县','0',456,0,'',1,0,'',NULL,0),(3105,'礼县','0',456,0,'',1,0,'',NULL,0),(3106,'徽县','0',456,0,'',1,0,'',NULL,0),(3107,'两当县','0',456,0,'',1,0,'',NULL,0),(3108,'临夏市','0',457,0,'',1,0,'',NULL,0),(3109,'临夏县','0',457,0,'',1,0,'',NULL,0),(3110,'康乐县','0',457,0,'',1,0,'',NULL,0),(3111,'永靖县','0',457,0,'',1,0,'',NULL,0),(3112,'广河县','0',457,0,'',1,0,'',NULL,0),(3113,'和政县','0',457,0,'',1,0,'',NULL,0),(3114,'东乡族自治县','0',457,0,'',1,0,'',NULL,0),(3115,'积石山保安族东乡族撒拉族自治县','0',457,0,'',1,0,'',NULL,0),(3116,'合作市','0',458,0,'',1,0,'',NULL,0),(3117,'临潭县','0',458,0,'',1,0,'',NULL,0),(3118,'卓尼县','0',458,0,'',1,0,'',NULL,0),(3119,'舟曲县','0',458,0,'',1,0,'',NULL,0),(3120,'迭部县','0',458,0,'',1,0,'',NULL,0),(3121,'玛曲县','0',458,0,'',1,0,'',NULL,0),(3122,'碌曲县','0',458,0,'',1,0,'',NULL,0),(3123,'夏河县','0',458,0,'',1,0,'',NULL,0),(3124,'城东区','0',459,0,'',1,0,'',NULL,0),(3125,'城中区','0',459,0,'',1,0,'',NULL,0),(3126,'城西区','0',459,0,'',1,0,'',NULL,0),(3127,'城北区','0',459,0,'',1,0,'',NULL,0),(3128,'大通回族土族自治县','0',459,0,'',1,0,'',NULL,0),(3129,'湟中县','0',459,0,'',1,0,'',NULL,0),(3130,'湟源县','0',459,0,'',1,0,'',NULL,0),(3131,'平安县','0',460,0,'',1,0,'',NULL,0),(3132,'民和回族土族自治县','0',460,0,'',1,0,'',NULL,0),(3133,'乐都县','0',460,0,'',1,0,'',NULL,0),(3134,'互助土族自治县','0',460,0,'',1,0,'',NULL,0),(3135,'化隆回族自治县','0',460,0,'',1,0,'',NULL,0),(3136,'循化撒拉族自治县','0',460,0,'',1,0,'',NULL,0),(3137,'门源回族自治县','0',461,0,'',1,0,'',NULL,0),(3138,'祁连县','0',461,0,'',1,0,'',NULL,0),(3139,'海晏县','0',461,0,'',1,0,'',NULL,0),(3140,'刚察县','0',461,0,'',1,0,'',NULL,0),(3141,'同仁县','0',462,0,'',1,0,'',NULL,0),(3142,'尖扎县','0',462,0,'',1,0,'',NULL,0),(3143,'泽库县','0',462,0,'',1,0,'',NULL,0),(3144,'河南蒙古族自治县','0',462,0,'',1,0,'',NULL,0),(3145,'共和县','0',463,0,'',1,0,'',NULL,0),(3146,'同德县','0',463,0,'',1,0,'',NULL,0),(3147,'贵德县','0',463,0,'',1,0,'',NULL,0),(3148,'兴海县','0',463,0,'',1,0,'',NULL,0),(3149,'贵南县','0',463,0,'',1,0,'',NULL,0),(3150,'玛沁县','0',464,0,'',1,0,'',NULL,0),(3151,'班玛县','0',464,0,'',1,0,'',NULL,0),(3152,'甘德县','0',464,0,'',1,0,'',NULL,0),(3153,'达日县','0',464,0,'',1,0,'',NULL,0),(3154,'久治县','0',464,0,'',1,0,'',NULL,0),(3155,'玛多县','0',464,0,'',1,0,'',NULL,0),(3156,'玉树县','0',465,0,'',1,0,'',NULL,0),(3157,'杂多县','0',465,0,'',1,0,'',NULL,0),(3158,'称多县','0',465,0,'',1,0,'',NULL,0),(3159,'治多县','0',465,0,'',1,0,'',NULL,0),(3160,'囊谦县','0',465,0,'',1,0,'',NULL,0),(3161,'曲麻莱县','0',465,0,'',1,0,'',NULL,0),(3162,'格尔木市','0',466,0,'',1,0,'',NULL,0),(3163,'德令哈市','0',466,0,'',1,0,'',NULL,0),(3164,'乌兰县','0',466,0,'',1,0,'',NULL,0),(3165,'都兰县','0',466,0,'',1,0,'',NULL,0),(3166,'天峻县','0',466,0,'',1,0,'',NULL,0),(3167,'兴庆区','0',467,0,'',1,0,'',NULL,0),(3168,'西夏区','0',467,0,'',1,0,'',NULL,0),(3169,'金凤区','0',467,0,'',1,0,'',NULL,0),(3170,'永宁县','0',467,0,'',1,0,'',NULL,0),(3171,'贺兰县','0',467,0,'',1,0,'',NULL,0),(3172,'灵武市','0',467,0,'',1,0,'',NULL,0),(3173,'大武口区','0',468,0,'',1,0,'',NULL,0),(3174,'惠农区','0',468,0,'',1,0,'',NULL,0),(3175,'平罗县','0',468,0,'',1,0,'',NULL,0),(3176,'利通区','0',469,0,'',1,0,'',NULL,0),(3177,'盐池县','0',469,0,'',1,0,'',NULL,0),(3178,'同心县','0',469,0,'',1,0,'',NULL,0),(3179,'青铜峡市','0',469,0,'',1,0,'',NULL,0),(3180,'原州区','0',470,0,'',1,0,'',NULL,0),(3181,'西吉县','0',470,0,'',1,0,'',NULL,0),(3182,'隆德县','0',470,0,'',1,0,'',NULL,0),(3183,'泾源县','0',470,0,'',1,0,'',NULL,0),(3184,'彭阳县','0',470,0,'',1,0,'',NULL,0),(3185,'沙坡头区','0',471,0,'',1,0,'',NULL,0),(3186,'中宁县','0',471,0,'',1,0,'',NULL,0),(3187,'海原县','0',471,0,'',1,0,'',NULL,0),(3188,'天山区','0',472,0,'',1,0,'',NULL,0),(3189,'沙依巴克区','0',472,0,'',1,0,'',NULL,0),(3190,'新市区','0',472,0,'',1,0,'',NULL,0),(3191,'水磨沟区','0',472,0,'',1,0,'',NULL,0),(3192,'头屯河区','0',472,0,'',1,0,'',NULL,0),(3193,'达坂城区','0',472,0,'',1,0,'',NULL,0),(3194,'东山区','0',472,0,'',1,0,'',NULL,0),(3195,'乌鲁木齐县','0',472,0,'',1,0,'',NULL,0),(3196,'独山子区','0',473,0,'',1,0,'',NULL,0),(3197,'克拉玛依区','0',473,0,'',1,0,'',NULL,0),(3198,'白碱滩区','0',473,0,'',1,0,'',NULL,0),(3199,'乌尔禾区','0',473,0,'',1,0,'',NULL,0),(3200,'吐鲁番市','0',474,0,'',1,0,'',NULL,0),(3201,'鄯善县','0',474,0,'',1,0,'',NULL,0),(3202,'托克逊县','0',474,0,'',1,0,'',NULL,0),(3203,'哈密市','0',475,0,'',1,0,'',NULL,0),(3204,'巴里坤哈萨克自治县','0',475,0,'',1,0,'',NULL,0),(3205,'伊吾县','0',475,0,'',1,0,'',NULL,0),(3206,'昌吉市','0',476,0,'',1,0,'',NULL,0),(3207,'阜康市','0',476,0,'',1,0,'',NULL,0),(3208,'米泉市','0',476,0,'',1,0,'',NULL,0),(3209,'呼图壁县','0',476,0,'',1,0,'',NULL,0),(3210,'玛纳斯县','0',476,0,'',1,0,'',NULL,0),(3211,'奇台县','0',476,0,'',1,0,'',NULL,0),(3212,'吉木萨尔县','0',476,0,'',1,0,'',NULL,0),(3213,'木垒哈萨克自治县','0',476,0,'',1,0,'',NULL,0),(3214,'博乐市','0',477,0,'',1,0,'',NULL,0),(3215,'精河县','0',477,0,'',1,0,'',NULL,0),(3216,'温泉县','0',477,0,'',1,0,'',NULL,0),(3217,'库尔勒市','0',478,0,'',1,0,'',NULL,0),(3218,'轮台县','0',478,0,'',1,0,'',NULL,0),(3219,'尉犁县','0',478,0,'',1,0,'',NULL,0),(3220,'若羌县','0',478,0,'',1,0,'',NULL,0),(3221,'且末县','0',478,0,'',1,0,'',NULL,0),(3222,'焉耆回族自治县','0',478,0,'',1,0,'',NULL,0),(3223,'和静县','0',478,0,'',1,0,'',NULL,0),(3224,'和硕县','0',478,0,'',1,0,'',NULL,0),(3225,'博湖县','0',478,0,'',1,0,'',NULL,0),(3226,'阿克苏市','0',479,0,'',1,0,'',NULL,0),(3227,'温宿县','0',479,0,'',1,0,'',NULL,0),(3228,'库车县','0',479,0,'',1,0,'',NULL,0),(3229,'沙雅县','0',479,0,'',1,0,'',NULL,0),(3230,'新和县','0',479,0,'',1,0,'',NULL,0),(3231,'拜城县','0',479,0,'',1,0,'',NULL,0),(3232,'乌什县','0',479,0,'',1,0,'',NULL,0),(3233,'阿瓦提县','0',479,0,'',1,0,'',NULL,0),(3234,'柯坪县','0',479,0,'',1,0,'',NULL,0),(3235,'阿图什市','0',480,0,'',1,0,'',NULL,0),(3236,'阿克陶县','0',480,0,'',1,0,'',NULL,0),(3237,'阿合奇县','0',480,0,'',1,0,'',NULL,0),(3238,'乌恰县','0',480,0,'',1,0,'',NULL,0),(3239,'喀什市','0',481,0,'',1,0,'',NULL,0),(3240,'疏附县','0',481,0,'',1,0,'',NULL,0),(3241,'疏勒县','0',481,0,'',1,0,'',NULL,0),(3242,'英吉沙县','0',481,0,'',1,0,'',NULL,0),(3243,'泽普县','0',481,0,'',1,0,'',NULL,0),(3244,'莎车县','0',481,0,'',1,0,'',NULL,0),(3245,'叶城县','0',481,0,'',1,0,'',NULL,0),(3246,'麦盖提县','0',481,0,'',1,0,'',NULL,0),(3247,'岳普湖县','0',481,0,'',1,0,'',NULL,0),(3248,'伽师县','0',481,0,'',1,0,'',NULL,0),(3249,'巴楚县','0',481,0,'',1,0,'',NULL,0),(3250,'塔什库尔干塔吉克自治县','0',481,0,'',1,0,'',NULL,0),(3251,'和田市','0',482,0,'',1,0,'',NULL,0),(3252,'和田县','0',482,0,'',1,0,'',NULL,0),(3253,'墨玉县','0',482,0,'',1,0,'',NULL,0),(3254,'皮山县','0',482,0,'',1,0,'',NULL,0),(3255,'洛浦县','0',482,0,'',1,0,'',NULL,0),(3256,'策勒县','0',482,0,'',1,0,'',NULL,0),(3257,'于田县','0',482,0,'',1,0,'',NULL,0),(3258,'民丰县','0',482,0,'',1,0,'',NULL,0),(3259,'伊宁市','0',483,0,'',1,0,'',NULL,0),(3260,'奎屯市','0',483,0,'',1,0,'',NULL,0),(3261,'伊宁县','0',483,0,'',1,0,'',NULL,0),(3262,'察布查尔锡伯自治县','0',483,0,'',1,0,'',NULL,0),(3263,'霍城县','0',483,0,'',1,0,'',NULL,0),(3264,'巩留县','0',483,0,'',1,0,'',NULL,0),(3265,'新源县','0',483,0,'',1,0,'',NULL,0),(3266,'昭苏县','0',483,0,'',1,0,'',NULL,0),(3267,'特克斯县','0',483,0,'',1,0,'',NULL,0),(3268,'尼勒克县','0',483,0,'',1,0,'',NULL,0),(3269,'塔城市','0',484,0,'',1,0,'',NULL,0),(3270,'乌苏市','0',484,0,'',1,0,'',NULL,0),(3271,'额敏县','0',484,0,'',1,0,'',NULL,0),(3272,'沙湾县','0',484,0,'',1,0,'',NULL,0),(3273,'托里县','0',484,0,'',1,0,'',NULL,0),(3274,'裕民县','0',484,0,'',1,0,'',NULL,0),(3275,'和布克赛尔蒙古自治县','0',484,0,'',1,0,'',NULL,0),(3276,'阿勒泰市','0',485,0,'',1,0,'',NULL,0),(3277,'布尔津县','0',485,0,'',1,0,'',NULL,0),(3278,'富蕴县','0',485,0,'',1,0,'',NULL,0),(3279,'福海县','0',485,0,'',1,0,'',NULL,0),(3280,'哈巴河县','0',485,0,'',1,0,'',NULL,0),(3281,'青河县','0',485,0,'',1,0,'',NULL,0),(3282,'吉木乃县','0',485,0,'',1,0,'',NULL,0),(3358,'钓鱼岛','',0,0,'',1,0,'',NULL,0),(3359,'钓鱼岛','',3358,0,'',1,0,'',NULL,0);
/*!40000 ALTER TABLE `ly_linkage` ENABLE KEYS */;

#
# Structure for table "ly_log"
#

DROP TABLE IF EXISTS `ly_log`;
CREATE TABLE `ly_log` (
  `logid` int(10) unsigned NOT NULL AUTO_INCREMENT,
  `field` varchar(15) NOT NULL,
  `value` int(10) unsigned NOT NULL DEFAULT '0',
  `module` varchar(15) NOT NULL,
  `file` varchar(20) NOT NULL,
  `action` varchar(20) NOT NULL,
  `querystring` varchar(255) NOT NULL,
  `data` mediumtext NOT NULL,
  `userid` mediumint(8) unsigned NOT NULL DEFAULT '0',
  `username` varchar(20) NOT NULL,
  `ip` varchar(15) NOT NULL,
  `time` datetime NOT NULL DEFAULT '0000-00-00 00:00:00',
  PRIMARY KEY (`logid`),
  KEY `module` (`module`,`file`,`action`),
  KEY `username` (`username`,`action`)
) ENGINE=MyISAM AUTO_INCREMENT=707 DEFAULT CHARSET=utf8;

#
# Data for table "ly_log"
#

/*!40000 ALTER TABLE `ly_log` DISABLE KEYS */;
INSERT INTO `ly_log` VALUES (1,'',0,'admin','','index','?m=admin&c=index&a=login','',0,'','','2017-11-29 11:35:19'),(2,'',0,'admin','','index','?m=admin&c=index&a=login','',0,'','','2017-11-29 11:35:25'),(3,'',0,'admin','','index','?m=admin&c=index&a=login','',0,'','','2017-11-29 11:35:25'),(4,'',0,'admin','','index','?m=admin&c=index&a=login','',0,'','','2017-11-29 11:35:36'),(5,'',0,'admin','','index','?m=admin&c=index&a=login','',0,'','','2017-11-29 11:35:39'),(6,'',0,'admin','','index','?m=admin&c=index&a=login','',0,'','','2017-11-29 11:35:41'),(7,'',0,'admin','','index','?m=admin&c=index&a=login','',0,'','','2017-11-29 11:35:55'),(8,'',0,'template','','style','?m=template&c=style&a=import','',1,'root','','2017-11-29 11:36:42'),(9,'',0,'admin','','site','?m=admin&c=site&a=edit','',1,'root','','2017-11-29 11:43:02'),(10,'',0,'admin','','site','?m=admin&c=site&a=edit','',1,'root','','2017-11-29 11:43:21'),(11,'',0,'admin','','site','?m=admin&c=site&a=edit','',1,'root','','2017-11-29 11:52:31'),(12,'',0,'admin','','site','?m=admin&c=site&a=edit','',1,'root','','2017-11-29 11:52:43'),(13,'',0,'template','','style','?m=template&c=style&a=import','',1,'root','','2017-11-29 11:54:07'),(14,'',0,'admin','','site','?m=admin&c=site&a=edit','',1,'root','','2017-11-29 11:55:21'),(15,'',0,'admin','','site','?m=admin&c=site&a=edit','',1,'root','','2017-11-29 11:55:37'),(16,'',0,'template','','style','?m=template&c=style&a=import','',1,'root','','2017-11-29 11:55:53'),(17,'',0,'template','','style','?m=template&c=style&a=import','',1,'root','','2017-11-29 11:56:15'),(18,'',0,'admin','','site','?m=admin&c=site&a=edit','',1,'root','','2017-11-29 11:57:42'),(19,'',0,'admin','','site','?m=admin&c=site&a=edit','',1,'root','','2017-11-29 11:59:22'),(20,'',0,'admin','','site','?m=admin&c=site&a=edit','',1,'root','','2017-11-29 11:59:27'),(21,'',0,'admin','','site','?m=admin&c=site&a=edit','',1,'root','','2017-11-29 11:59:30'),(22,'',0,'admin','','index','?m=admin&c=index&a=login','',0,'root','','2017-11-29 13:42:43'),(23,'',0,'admin','','index','?m=admin&c=index&a=login','',0,'root','','2017-11-29 13:42:43'),(24,'',0,'admin','','index','?m=admin&c=index&a=login','',0,'root','','2017-11-29 13:42:44'),(25,'',0,'admin','','index','?m=admin&c=index&a=login','',0,'root','','2017-11-29 13:42:59'),(26,'',0,'admin','','site','?m=admin&c=site&a=edit','',1,'root','','2017-11-29 13:52:47'),(27,'',0,'admin','','index','?m=admin&c=index&a=login','',0,'root','','2017-11-29 14:09:03'),(28,'',0,'admin','','index','?m=admin&c=index&a=login','',0,'root','','2017-11-29 14:09:03'),(29,'',0,'admin','','index','?m=admin&c=index&a=login','',0,'root','','2017-11-29 14:09:16'),(30,'',0,'admin','','site','?m=admin&c=site&a=edit','',1,'root','','2017-11-29 14:49:36'),(31,'',0,'admin','','category','?m=admin&c=category&a=edit','',1,'root','','2017-11-29 14:50:21'),(32,'',0,'admin','','category','?m=admin&c=category&a=delete','',1,'root','','2017-11-29 14:51:40'),(33,'',0,'admin','','category','?m=admin&c=category&a=delete','',1,'root','','2017-11-29 14:51:43'),(34,'',0,'admin','','category','?m=admin&c=category&a=delete','',1,'root','','2017-11-29 14:51:46'),(35,'',0,'template','','file','?m=template&c=file&a=updatefilename','',1,'root','','2017-11-29 15:03:22'),(36,'',0,'template','','file','?m=template&c=file&a=updatefilename','',1,'root','','2017-11-29 15:04:04'),(37,'',0,'admin','','category','?m=admin&c=category&a=add','',1,'root','','2017-11-29 15:12:07'),(38,'',0,'admin','','category','?m=admin&c=category&a=add','',1,'root','','2017-11-29 15:13:50'),(39,'',0,'admin','','category','?m=admin&c=category&a=add','',1,'root','','2017-11-29 15:13:53'),(40,'',0,'admin','','category','?m=admin&c=category&a=delete','',1,'root','','2017-11-29 15:14:05'),(41,'',0,'admin','','category','?m=admin&c=category&a=add','',1,'root','','2017-11-29 15:14:11'),(42,'',0,'admin','','category','?m=admin&c=category&a=add','',1,'root','','2017-11-29 15:14:44'),(43,'',0,'admin','','category','?m=admin&c=category&a=add','',1,'root','','2017-11-29 15:14:46'),(44,'',0,'admin','','category','?m=admin&c=category&a=add','',1,'root','','2017-11-29 15:15:06'),(45,'',0,'admin','','category','?m=admin&c=category&a=add','',1,'root','','2017-11-29 15:15:07'),(46,'',0,'admin','','category','?m=admin&c=category&a=add','',1,'root','','2017-11-29 15:15:40'),(47,'',0,'admin','','category','?m=admin&c=category&a=add','',1,'root','','2017-11-29 15:15:41'),(48,'',0,'admin','','category','?m=admin&c=category&a=add','',1,'root','','2017-11-29 15:15:58'),(49,'',0,'admin','','category','?m=admin&c=category&a=add','',1,'root','','2017-11-29 15:15:58'),(50,'',0,'admin','','category','?m=admin&c=category&a=add','',1,'root','','2017-11-29 15:16:15'),(51,'',0,'admin','','category','?m=admin&c=category&a=add','',1,'root','','2017-11-29 15:16:16'),(52,'',0,'admin','','category','?m=admin&c=category&a=add','',1,'root','','2017-11-29 15:16:32'),(53,'',0,'admin','','category','?m=admin&c=category&a=add','',1,'root','','2017-11-29 15:16:33'),(54,'',0,'admin','','category','?m=admin&c=category&a=add','',1,'root','','2017-11-29 15:16:47'),(55,'',0,'admin','','category','?m=admin&c=category&a=add','',1,'root','','2017-11-29 15:16:48'),(56,'',0,'admin','','category','?m=admin&c=category&a=add','',1,'root','','2017-11-29 15:16:59'),(57,'',0,'admin','','category','?m=admin&c=category&a=add','',1,'root','','2017-11-29 15:17:11'),(58,'',0,'admin','','category','?m=admin&c=category&a=add','',1,'root','','2017-11-29 15:17:29'),(59,'',0,'admin','','category','?m=admin&c=category&a=add','',1,'root','','2017-11-29 15:17:30'),(60,'',0,'admin','','category','?m=admin&c=category&a=edit','',1,'root','','2017-11-29 15:22:50'),(61,'',0,'admin','','category','?m=admin&c=category&a=add','',1,'root','','2017-11-29 15:25:05'),(62,'',0,'admin','','category','?m=admin&c=category&a=edit','',1,'root','','2017-11-29 15:25:51'),(63,'',0,'admin','','category','?m=admin&c=category&a=edit','',1,'root','','2017-11-29 15:27:46'),(64,'',0,'admin','','category','?m=admin&c=category&a=edit','',1,'root','','2017-11-29 15:29:22'),(65,'',0,'template','','style','?m=template&c=style&a=disable','',1,'root','','2017-11-29 15:30:38'),(66,'',0,'admin','','category','?m=admin&c=category&a=edit','',1,'root','','2017-11-29 15:31:17'),(67,'',0,'admin','','category','?m=admin&c=category&a=edit','',1,'root','','2017-11-29 15:35:20'),(68,'',0,'admin','','site','?m=admin&c=site&a=edit','',1,'root','','2017-11-29 15:35:46'),(69,'',0,'admin','','site','?m=admin&c=site&a=edit','',1,'root','','2017-11-29 15:35:55'),(70,'',0,'admin','','site','?m=admin&c=site&a=edit','',1,'root','','2017-11-29 15:35:56'),(71,'',0,'admin','','site','?m=admin&c=site&a=edit','',1,'root','','2017-11-29 15:35:59'),(72,'',0,'admin','','site','?m=admin&c=site&a=edit','',1,'root','','2017-11-29 15:36:04'),(73,'',0,'admin','','site','?m=admin&c=site&a=edit','',1,'root','','2017-11-29 15:36:07'),(74,'',0,'admin','','category','?m=admin&c=category&a=edit','',1,'root','','2017-11-29 15:36:29'),(75,'',0,'template','','style','?m=template&c=style&a=disable','',1,'root','','2017-11-29 15:37:22'),(76,'',0,'template','','style','?m=template&c=style&a=disable','',1,'root','','2017-11-29 15:37:24'),(77,'',0,'admin','','category','?m=admin&c=category&a=edit','',1,'root','','2017-11-29 15:37:38'),(78,'',0,'admin','','category','?m=admin&c=category&a=add','',1,'root','','2017-11-29 15:46:09'),(79,'',0,'admin','','category','?m=admin&c=category&a=add','',1,'root','','2017-11-29 15:46:32'),(80,'',0,'admin','','category','?m=admin&c=category&a=add','',1,'root','','2017-11-29 15:46:34'),(81,'',0,'admin','','category','?m=admin&c=category&a=delete','',1,'root','','2017-11-29 15:46:45'),(82,'',0,'template','','style','?m=template&c=style&a=disable','',1,'root','','2017-11-29 15:46:59'),(83,'',0,'admin','','site','?m=admin&c=site&a=edit','',1,'root','','2017-11-29 15:47:22'),(84,'',0,'admin','','site','?m=admin&c=site&a=edit','',1,'root','','2017-11-29 15:47:26'),(85,'',0,'admin','','site','?m=admin&c=site&a=edit','',1,'root','','2017-11-29 15:47:33'),(86,'',0,'admin','','site','?m=admin&c=site&a=edit','',1,'root','','2017-11-29 15:47:41'),(87,'',0,'template','','style','?m=template&c=style&a=disable','',1,'root','','2017-11-29 15:47:54'),(88,'',0,'admin','','category','?m=admin&c=category&a=edit','',1,'root','','2017-11-29 16:08:50'),(89,'',0,'admin','','category','?m=admin&c=category&a=edit','',1,'root','','2017-11-29 16:11:24'),(90,'',0,'admin','','index','?m=admin&c=index&a=login','',0,'','','2017-11-30 10:14:58'),(91,'',0,'admin','','index','?m=admin&c=index&a=login','',0,'','','2017-11-30 10:15:12'),(92,'',0,'admin','','site','?m=admin&c=site&a=edit','',1,'root','','2017-11-30 10:15:27'),(93,'',0,'admin','','site','?m=admin&c=site&a=edit','',1,'root','','2017-11-30 10:15:51'),(94,'',0,'admin','','category','?m=admin&c=category&a=edit','',1,'root','','2017-11-30 10:16:14'),(95,'',0,'admin','','category','?m=admin&c=category&a=edit','',1,'root','','2017-11-30 10:16:48'),(96,'',0,'admin','','category','?m=admin&c=category&a=edit','',1,'root','','2017-11-30 10:20:04'),(97,'',0,'admin','','category','?m=admin&c=category&a=edit','',1,'root','','2017-11-30 10:21:28'),(98,'',0,'content','','content','?m=content&c=content&a=add','',1,'root','','2017-11-30 10:21:56'),(99,'',0,'content','','content','?m=content&c=content&a=add','',1,'root','','2017-11-30 10:22:03'),(100,'',0,'content','','content','?m=content&c=content&a=add','',1,'root','','2017-11-30 10:24:15'),(101,'',0,'content','','content','?m=content&c=content&a=add','',1,'root','','2017-11-30 10:25:01'),(102,'',0,'content','','content','?m=content&c=content&a=add','',1,'root','','2017-11-30 10:26:31'),(103,'',0,'content','','content','?m=content&c=content&a=add','',1,'root','','2017-11-30 10:39:15'),(104,'',0,'content','','content','?m=content&c=content&a=add','',1,'root','','2017-11-30 10:41:37'),(105,'',0,'content','','content','?m=content&c=content&a=add','',1,'root','','2017-11-30 10:41:58'),(106,'',0,'content','','content','?m=content&c=content&a=add','',1,'root','','2017-11-30 10:43:32'),(107,'',0,'content','','content','?m=content&c=content&a=add','',1,'root','','2017-11-30 10:43:37'),(108,'',0,'content','','content','?m=content&c=content&a=add','',1,'root','','2017-11-30 10:44:33'),(109,'',0,'content','','content','?m=content&c=content&a=add','',1,'root','','2017-11-30 10:45:13'),(110,'',0,'content','','content','?m=content&c=content&a=add','',1,'root','','2017-11-30 10:45:32'),(111,'',0,'content','','content','?m=content&c=content&a=add','',1,'root','','2017-11-30 10:45:56'),(112,'',0,'content','','content','?m=content&c=content&a=add','',1,'root','','2017-11-30 10:45:58'),(113,'',0,'content','','content','?m=content&c=content&a=add','',1,'root','','2017-11-30 10:48:54'),(114,'',0,'admin','','index','?m=admin&c=index&a=login','',0,'root','','2017-11-30 11:03:26'),(115,'',0,'admin','','index','?m=admin&c=index&a=login','',0,'root','','2017-11-30 11:03:36'),(116,'',0,'admin','','category','?m=admin&c=category&a=edit','',1,'root','','2017-11-30 11:05:03'),(117,'',0,'admin','','category','?m=admin&c=category&a=edit','',1,'root','','2017-11-30 11:05:11'),(118,'',0,'admin','','category','?m=admin&c=category&a=edit','',1,'root','','2017-11-30 11:05:41'),(119,'',0,'admin','','category','?m=admin&c=category&a=edit','',1,'root','','2017-11-30 11:05:55'),(120,'',0,'admin','','category','?m=admin&c=category&a=edit','',1,'root','','2017-11-30 11:06:24'),(121,'',0,'admin','','category','?m=admin&c=category&a=edit','',1,'root','','2017-11-30 11:12:45'),(122,'',0,'admin','','index','?m=admin&c=index&a=login','',1,'root','','2017-11-30 11:12:48'),(123,'',0,'admin','','category','?m=admin&c=category&a=edit','',1,'root','','2017-11-30 11:53:54'),(124,'',0,'admin','','category','?m=admin&c=category&a=edit','',1,'root','','2017-11-30 11:57:44'),(125,'',0,'admin','','index','?m=admin&c=index&a=login','',0,'root','','2017-11-30 14:21:09'),(126,'',0,'admin','','index','?m=admin&c=index&a=login','',0,'root','','2017-11-30 14:21:10'),(127,'',0,'admin','','index','?m=admin&c=index&a=login','',0,'root','','2017-11-30 14:21:23'),(128,'',0,'admin','','index','?m=admin&c=index&a=login','',0,'root','','2017-12-01 08:26:45'),(129,'',0,'admin','','index','?m=admin&c=index&a=login','',0,'root','','2017-12-01 08:26:57'),(130,'',0,'admin','','category','?m=admin&c=category&a=edit','',1,'root','','2017-12-01 08:27:28'),(131,'',0,'admin','','category','?m=admin&c=category&a=edit','',1,'root','','2017-12-01 08:27:33'),(132,'',0,'content','','content','?m=content&c=content&a=add','',1,'root','','2017-12-01 10:01:15'),(133,'',0,'content','','content','?m=content&c=content&a=add','',1,'root','','2017-12-01 10:02:06'),(134,'',0,'admin','','category','?m=admin&c=category&a=edit','',1,'root','','2017-12-01 11:36:09'),(135,'',0,'admin','','category','?m=admin&c=category&a=edit','',1,'root','','2017-12-01 11:37:57'),(136,'',0,'admin','','category','?m=admin&c=category&a=edit','',1,'root','','2017-12-01 11:41:49'),(137,'',0,'admin','','category','?m=admin&c=category&a=edit','',1,'root','','2017-12-01 11:44:46'),(138,'',0,'admin','','site','?m=admin&c=site&a=edit','',1,'root','','2017-12-01 11:46:41'),(139,'',0,'admin','','site','?m=admin&c=site&a=edit','',1,'root','','2017-12-01 11:47:16'),(140,'',0,'admin','','category','?m=admin&c=category&a=edit','',1,'root','','2017-12-01 11:47:32'),(141,'',0,'admin','','category','?m=admin&c=category&a=edit','',1,'root','','2017-12-01 11:48:57'),(142,'',0,'admin','','category','?m=admin&c=category&a=edit','',1,'root','','2017-12-01 11:50:16'),(143,'',0,'template','','file','?m=template&c=file&a=updatefilename','',1,'root','','2017-12-01 11:50:39'),(144,'',0,'template','','file','?m=template&c=file&a=updatefilename','',1,'root','','2017-12-01 11:51:26'),(145,'',0,'admin','','site','?m=admin&c=site&a=edit','',1,'root','','2017-12-01 11:52:20'),(146,'',0,'template','','style','?m=template&c=style&a=disable','',1,'root','','2017-12-01 11:52:26'),(147,'',0,'admin','','category','?m=admin&c=category&a=edit','',1,'root','','2017-12-01 11:54:11'),(148,'',0,'admin','','site','?m=admin&c=site&a=edit','',1,'root','','2017-12-01 11:55:42'),(149,'',0,'admin','','site','?m=admin&c=site&a=edit','',1,'root','','2017-12-01 11:55:46'),(150,'',0,'template','','style','?m=template&c=style&a=disable','',1,'root','','2017-12-01 11:56:04'),(151,'',0,'admin','','site','?m=admin&c=site&a=edit','',1,'root','','2017-12-01 11:56:21'),(152,'',0,'template','','style','?m=template&c=style&a=disable','',1,'root','','2017-12-01 11:56:28'),(153,'',0,'admin','','site','?m=admin&c=site&a=edit','',1,'root','','2017-12-01 11:56:46'),(154,'',0,'admin','','site','?m=admin&c=site&a=edit','',1,'root','','2017-12-01 11:56:50'),(155,'',0,'admin','','site','?m=admin&c=site&a=edit','',1,'root','','2017-12-01 11:56:58'),(156,'',0,'admin','','site','?m=admin&c=site&a=edit','',1,'root','','2017-12-01 11:57:07'),(157,'',0,'template','','file','?m=template&c=file&a=updatefilename','',1,'root','','2017-12-01 11:57:37'),(158,'',0,'template','','file','?m=template&c=file&a=updatefilename','',1,'root','','2017-12-01 11:57:43'),(159,'',0,'template','','file','?m=template&c=file&a=updatefilename','',1,'root','','2017-12-01 11:57:47'),(160,'',0,'admin','','category','?m=admin&c=category&a=edit','',1,'root','','2017-12-01 14:24:49'),(161,'',0,'admin','','category','?m=admin&c=category&a=edit','',1,'root','','2017-12-01 14:27:26'),(162,'',0,'admin','','site','?m=admin&c=site&a=edit','',1,'root','','2017-12-01 14:29:44'),(163,'',0,'admin','','site','?m=admin&c=site&a=edit','',1,'root','','2017-12-01 14:29:47'),(164,'',0,'admin','','site','?m=admin&c=site&a=edit','',1,'root','','2017-12-01 14:31:52'),(165,'',0,'admin','','category','?m=admin&c=category&a=edit','',1,'root','','2017-12-01 14:32:02'),(166,'',0,'admin','','category','?m=admin&c=category&a=edit','',1,'root','','2017-12-01 14:32:47'),(167,'',0,'admin','','category','?m=admin&c=category&a=edit','',1,'root','','2017-12-01 14:33:39'),(168,'',0,'admin','','category','?m=admin&c=category&a=edit','',1,'root','','2017-12-01 14:35:49'),(169,'',0,'admin','','category','?m=admin&c=category&a=edit','',1,'root','','2017-12-01 14:36:23'),(170,'',0,'admin','','category','?m=admin&c=category&a=edit','',1,'root','','2017-12-01 14:37:12'),(171,'',0,'admin','','category','?m=admin&c=category&a=edit','',1,'root','','2017-12-01 14:37:31'),(172,'',0,'admin','','category','?m=admin&c=category&a=edit','',1,'root','','2017-12-01 14:38:10'),(173,'',0,'admin','','category','?m=admin&c=category&a=edit','',1,'root','','2017-12-01 14:38:29'),(174,'',0,'admin','','category','?m=admin&c=category&a=edit','',1,'root','','2017-12-01 14:39:38'),(175,'',0,'admin','','category','?m=admin&c=category&a=edit','',1,'root','','2017-12-01 14:40:27'),(176,'',0,'admin','','category','?m=admin&c=category&a=edit','',1,'root','','2017-12-01 14:40:31'),(177,'',0,'admin','','category','?m=admin&c=category&a=edit','',1,'root','','2017-12-01 14:41:09'),(178,'',0,'admin','','category','?m=admin&c=category&a=edit','',1,'root','','2017-12-01 14:41:16'),(179,'',0,'admin','','site','?m=admin&c=site&a=edit','',1,'root','','2017-12-01 14:57:52'),(180,'',0,'admin','','site','?m=admin&c=site&a=edit','',1,'root','','2017-12-01 14:58:20'),(181,'',0,'admin','','site','?m=admin&c=site&a=edit','',1,'root','','2017-12-01 14:58:30'),(182,'',0,'admin','','site','?m=admin&c=site&a=edit','',1,'root','','2017-12-01 14:58:42'),(183,'',0,'admin','','category','?m=admin&c=category&a=edit','',1,'root','','2017-12-01 14:58:57'),(184,'',0,'template','','style','?m=template&c=style&a=disable','',1,'root','','2017-12-01 14:59:17'),(185,'',0,'admin','','site','?m=admin&c=site&a=edit','',1,'root','','2017-12-01 14:59:23'),(186,'',0,'admin','','site','?m=admin&c=site&a=edit','',1,'root','','2017-12-01 15:00:27'),(187,'',0,'admin','','site','?m=admin&c=site&a=edit','',1,'root','','2017-12-01 15:00:59'),(188,'',0,'admin','','site','?m=admin&c=site&a=edit','',1,'root','','2017-12-01 15:01:05'),(189,'',0,'pay','','payment','?m=pay&c=payment&a=pay_list','',1,'root','','2017-12-01 15:01:25'),(190,'',0,'admin','','site','?m=admin&c=site&a=edit','',1,'root','','2017-12-01 15:01:29'),(191,'',0,'admin','','site','?m=admin&c=site&a=edit','',1,'root','','2017-12-01 15:01:36'),(192,'',0,'template','','style','?m=template&c=style&a=disable','',1,'root','','2017-12-01 15:01:43'),(193,'',0,'admin','','site','?m=admin&c=site&a=edit','',1,'root','','2017-12-01 15:01:51'),(194,'',0,'admin','','site','?m=admin&c=site&a=edit','',1,'root','','2017-12-01 15:01:55'),(195,'',0,'admin','','site','?m=admin&c=site&a=edit','',1,'root','','2017-12-01 15:02:04'),(196,'',0,'admin','','category','?m=admin&c=category&a=edit','',1,'root','','2017-12-01 15:02:42'),(197,'',0,'admin','','category','?m=admin&c=category&a=edit','',1,'root','','2017-12-01 15:02:57'),(198,'',0,'admin','','category','?m=admin&c=category&a=edit','',1,'root','','2017-12-01 15:03:01'),(199,'',0,'admin','','category','?m=admin&c=category&a=edit','',1,'root','','2017-12-01 15:09:24'),(200,'',0,'admin','','category','?m=admin&c=category&a=edit','',1,'root','','2017-12-01 15:09:30'),(201,'',0,'template','','style','?m=template&c=style&a=disable','',1,'root','','2017-12-01 15:13:00'),(202,'',0,'admin','','site','?m=admin&c=site&a=edit','',1,'root','','2017-12-01 15:15:14'),(203,'',0,'admin','','site','?m=admin&c=site&a=edit','',1,'root','','2017-12-01 15:15:17'),(204,'',0,'admin','','site','?m=admin&c=site&a=edit','',1,'root','','2017-12-01 15:15:23'),(205,'',0,'template','','style','?m=template&c=style&a=disable','',1,'root','','2017-12-01 15:15:29'),(206,'',0,'admin','','site','?m=admin&c=site&a=edit','',1,'root','','2017-12-01 15:15:34'),(207,'',0,'admin','','site','?m=admin&c=site&a=edit','',1,'root','','2017-12-01 15:15:38'),(208,'',0,'admin','','category','?m=admin&c=category&a=edit','',1,'root','','2017-12-01 15:18:27'),(209,'',0,'admin','','site','?m=admin&c=site&a=edit','',1,'root','','2017-12-01 15:40:54'),(210,'',0,'admin','','site','?m=admin&c=site&a=edit','',1,'root','','2017-12-01 15:40:58'),(211,'',0,'template','','style','?m=template&c=style&a=disable','',1,'root','','2017-12-01 15:41:02'),(212,'',0,'admin','','category','?m=admin&c=category&a=edit','',1,'root','','2017-12-01 15:42:17'),(213,'',0,'admin','','category','?m=admin&c=category&a=edit','',1,'root','','2017-12-01 15:42:36'),(214,'',0,'template','','file','?m=template&c=file&a=updatefilename','',1,'root','','2017-12-01 15:43:47'),(215,'',0,'admin','','index','?m=admin&c=index&a=login','',0,'root','','2017-12-01 15:49:38'),(216,'',0,'admin','','index','?m=admin&c=index&a=login','',0,'root','','2017-12-01 15:49:47'),(217,'',0,'admin','','category','?m=admin&c=category&a=edit','',1,'root','','2017-12-01 15:49:58'),(218,'',0,'admin','','site','?m=admin&c=site&a=edit','',1,'root','','2017-12-01 15:50:10'),(219,'',0,'admin','','site','?m=admin&c=site&a=edit','',1,'root','','2017-12-01 15:50:14'),(220,'',0,'template','','style','?m=template&c=style&a=disable','',1,'root','','2017-12-01 15:50:19'),(221,'',0,'admin','','category','?m=admin&c=category&a=edit','',1,'root','','2017-12-01 15:50:29'),(222,'',0,'admin','','site','?m=admin&c=site&a=edit','',1,'root','','2017-12-01 15:50:50'),(223,'',0,'admin','','category','?m=admin&c=category&a=edit','',1,'root','','2017-12-01 15:50:57'),(224,'',0,'admin','','category','?m=admin&c=category&a=edit','',1,'root','','2017-12-01 15:51:14'),(225,'',0,'admin','','category','?m=admin&c=category&a=edit','',1,'root','','2017-12-01 16:02:14'),(226,'',0,'template','','style','?m=template&c=style&a=import','',1,'root','','2017-12-01 16:02:27'),(227,'',0,'admin','','category','?m=admin&c=category&a=edit','',1,'root','','2017-12-01 16:03:15'),(228,'',0,'tag','','tag','?m=tag&c=tag&a=add','',1,'root','','2017-12-01 16:04:02'),(229,'',0,'tag','','tag','?m=tag&c=tag&a=add','',1,'root','','2017-12-01 16:04:05'),(230,'',0,'template','','file','?m=template&c=file&a=updatefilename','',1,'root','','2017-12-01 16:04:20'),(231,'',0,'admin','','category','?m=admin&c=category&a=edit','',1,'root','','2017-12-01 16:04:43'),(232,'',0,'admin','','category','?m=admin&c=category&a=edit','',1,'root','','2017-12-01 16:05:44'),(233,'',0,'admin','','category','?m=admin&c=category&a=edit','',1,'root','','2017-12-01 16:05:55'),(234,'',0,'admin','','category','?m=admin&c=category&a=edit','',1,'root','','2017-12-01 16:44:03'),(235,'',0,'admin','','category','?m=admin&c=category&a=edit','',1,'root','','2017-12-01 16:44:23'),(236,'',0,'admin','','category','?m=admin&c=category&a=edit','',1,'root','','2017-12-01 17:32:37'),(237,'',0,'admin','','category','?m=admin&c=category&a=edit','',1,'root','','2017-12-01 17:32:50'),(238,'',0,'admin','','category','?m=admin&c=category&a=edit','',1,'root','','2017-12-01 17:33:38'),(239,'',0,'admin','','category','?m=admin&c=category&a=edit','',1,'root','','2017-12-01 17:33:47'),(240,'',0,'admin','','category','?m=admin&c=category&a=edit','',1,'root','','2017-12-01 17:35:35'),(241,'',0,'admin','','category','?m=admin&c=category&a=edit','',1,'root','','2017-12-01 17:35:42'),(242,'',0,'admin','','category','?m=admin&c=category&a=edit','',1,'root','','2017-12-01 17:39:28'),(243,'',0,'admin','','category','?m=admin&c=category&a=edit','',1,'root','','2017-12-01 17:39:41'),(244,'',0,'admin','','category','?m=admin&c=category&a=edit','',1,'root','','2017-12-01 17:43:02'),(245,'',0,'admin','','category','?m=admin&c=category&a=edit','',1,'root','','2017-12-01 17:43:10'),(246,'',0,'admin','','category','?m=admin&c=category&a=edit','',1,'root','','2017-12-01 17:43:55'),(247,'',0,'admin','','category','?m=admin&c=category&a=edit','',1,'root','','2017-12-01 17:44:09'),(248,'',0,'admin','','category','?m=admin&c=category&a=edit','',1,'root','','2017-12-01 17:45:22'),(249,'',0,'admin','','category','?m=admin&c=category&a=edit','',1,'root','','2017-12-01 17:45:33'),(250,'',0,'admin','','category','?m=admin&c=category&a=edit','',1,'root','','2017-12-01 17:47:06'),(251,'',0,'admin','','category','?m=admin&c=category&a=edit','',1,'root','','2017-12-01 17:47:14'),(252,'',0,'admin','','category','?m=admin&c=category&a=edit','',1,'root','','2017-12-01 17:49:13'),(253,'',0,'admin','','category','?m=admin&c=category&a=edit','',1,'root','','2017-12-01 17:49:26'),(254,'',0,'admin','','category','?m=admin&c=category&a=edit','',1,'root','','2017-12-01 17:49:41'),(255,'',0,'admin','','index','?m=admin&c=index&a=login','',0,'root','','2017-12-04 08:40:08'),(256,'',0,'admin','','index','?m=admin&c=index&a=login','',0,'root','','2017-12-04 08:40:09'),(257,'',0,'admin','','index','?m=admin&c=index&a=login','',0,'root','','2017-12-04 08:40:19'),(258,'',0,'admin','','category','?m=admin&c=category&a=edit','',1,'root','','2017-12-04 08:40:29'),(259,'',0,'admin','','category','?m=admin&c=category&a=edit','',1,'root','','2017-12-04 08:40:38'),(260,'',0,'admin','','category','?m=admin&c=category&a=edit','',1,'root','','2017-12-04 08:46:01'),(261,'',0,'content','','content','?m=content&c=content&a=add','',1,'root','','2017-12-04 09:27:57'),(262,'',0,'content','','content','?m=content&c=content&a=add','',1,'root','','2017-12-04 09:28:18'),(263,'',0,'content','','content','?m=content&c=content&a=add','',1,'root','','2017-12-04 09:28:51'),(264,'',0,'content','','content','?m=content&c=content&a=add','',1,'root','','2017-12-04 09:28:56'),(265,'',0,'content','','content','?m=content&c=content&a=add','',1,'root','','2017-12-04 09:29:26'),(266,'',0,'content','','content','?m=content&c=content&a=add','',1,'root','','2017-12-04 09:29:32'),(267,'',0,'content','','content','?m=content&c=content&a=add','',1,'root','','2017-12-04 09:30:08'),(268,'',0,'content','','content','?m=content&c=content&a=add','',1,'root','','2017-12-04 09:30:19'),(269,'',0,'content','','content','?m=content&c=content&a=add','',1,'root','','2017-12-04 09:30:31'),(270,'',0,'content','','content','?m=content&c=content&a=add','',1,'root','','2017-12-04 09:30:33'),(271,'',0,'content','','content','?m=content&c=content&a=add','',1,'root','','2017-12-04 09:31:09'),(272,'',0,'content','','content','?m=content&c=content&a=add','',1,'root','','2017-12-04 09:31:10'),(273,'',0,'content','','content','?m=content&c=content&a=add','',1,'root','','2017-12-04 09:32:00'),(274,'',0,'content','','content','?m=content&c=content&a=add','',1,'root','','2017-12-04 09:32:02'),(275,'',0,'content','','content','?m=content&c=content&a=add','',1,'root','','2017-12-04 09:32:45'),(276,'',0,'content','','content','?m=content&c=content&a=add','',1,'root','','2017-12-04 09:32:48'),(277,'',0,'admin','','index','?m=admin&c=index&a=login','',0,'root','','2017-12-04 13:59:24'),(278,'',0,'admin','','index','?m=admin&c=index&a=login','',0,'root','','2017-12-04 13:59:24'),(279,'',0,'admin','','index','?m=admin&c=index&a=login','',0,'root','','2017-12-04 13:59:39'),(280,'',0,'admin','','category','?m=admin&c=category&a=edit','',1,'root','','2017-12-04 14:00:08'),(281,'',0,'admin','','index','?m=admin&c=index&a=login','',1,'root','','2017-12-04 14:00:13'),(282,'',0,'admin','','category','?m=admin&c=category&a=edit','',1,'root','','2017-12-04 14:00:20'),(283,'',0,'admin','','category','?m=admin&c=category&a=edit','',1,'root','','2017-12-04 14:00:49'),(284,'',0,'admin','','category','?m=admin&c=category&a=edit','',1,'root','','2017-12-04 14:00:53'),(285,'',0,'admin','','category','?m=admin&c=category&a=edit','',1,'root','','2017-12-04 14:00:57'),(286,'',0,'admin','','category','?m=admin&c=category&a=edit','',1,'root','','2017-12-04 14:01:06'),(287,'',0,'admin','','category','?m=admin&c=category&a=add','',1,'root','','2017-12-04 14:01:12'),(288,'',0,'admin','','category','?m=admin&c=category&a=add','',1,'root','','2017-12-04 14:01:47'),(289,'',0,'admin','','category','?m=admin&c=category&a=add','',1,'root','','2017-12-04 14:01:48'),(290,'',0,'admin','','category','?m=admin&c=category&a=delete','',1,'root','','2017-12-04 14:01:56'),(291,'',0,'admin','','category','?m=admin&c=category&a=add','',1,'root','','2017-12-04 14:01:59'),(292,'',0,'admin','','category','?m=admin&c=category&a=add','',1,'root','','2017-12-04 14:02:27'),(293,'',0,'admin','','category','?m=admin&c=category&a=add','',1,'root','','2017-12-04 14:02:32'),(294,'',0,'admin','','category','?m=admin&c=category&a=add','',1,'root','','2017-12-04 14:02:54'),(295,'',0,'admin','','category','?m=admin&c=category&a=add','',1,'root','','2017-12-04 14:02:55'),(296,'',0,'admin','','category','?m=admin&c=category&a=delete','',1,'root','','2017-12-04 14:03:02'),(297,'',0,'admin','','category','?m=admin&c=category&a=add','',1,'root','','2017-12-04 14:03:06'),(298,'',0,'admin','','category','?m=admin&c=category&a=add','',1,'root','','2017-12-04 14:03:20'),(299,'',0,'admin','','category','?m=admin&c=category&a=add','',1,'root','','2017-12-04 14:03:22'),(300,'',0,'admin','','category','?m=admin&c=category&a=delete','',1,'root','','2017-12-04 14:03:42'),(301,'',0,'admin','','category','?m=admin&c=category&a=add','',1,'root','','2017-12-04 14:03:46'),(302,'',0,'admin','','category','?m=admin&c=category&a=add','',1,'root','','2017-12-04 14:04:06'),(303,'',0,'admin','','category','?m=admin&c=category&a=add','',1,'root','','2017-12-04 14:04:08'),(304,'',0,'admin','','category','?m=admin&c=category&a=edit','',1,'root','','2017-12-04 14:04:37'),(305,'',0,'admin','','category','?m=admin&c=category&a=edit','',1,'root','','2017-12-04 14:04:43'),(306,'',0,'admin','','category','?m=admin&c=category&a=edit','',1,'root','','2017-12-04 14:04:50'),(307,'',0,'admin','','category','?m=admin&c=category&a=edit','',1,'root','','2017-12-04 14:04:54'),(308,'',0,'admin','','category','?m=admin&c=category&a=edit','',1,'root','','2017-12-04 14:04:58'),(309,'',0,'admin','','category','?m=admin&c=category&a=edit','',1,'root','','2017-12-04 14:05:05'),(310,'',0,'admin','','category','?m=admin&c=category&a=edit','',1,'root','','2017-12-04 14:05:08'),(311,'',0,'admin','','category','?m=admin&c=category&a=edit','',1,'root','','2017-12-04 14:05:13'),(312,'',0,'content','','content','?m=content&c=content&a=add','',1,'root','','2017-12-04 14:08:26'),(313,'',0,'content','','content','?m=content&c=content&a=add','',1,'root','','2017-12-04 14:08:56'),(314,'',0,'content','','content','?m=content&c=content&a=add','',1,'root','','2017-12-04 14:08:58'),(315,'',0,'content','','content','?m=content&c=content&a=add','',1,'root','','2017-12-04 14:09:23'),(316,'',0,'content','','content','?m=content&c=content&a=add','',1,'root','','2017-12-04 14:09:24'),(317,'',0,'content','','content','?m=content&c=content&a=add','',1,'root','','2017-12-04 14:09:39'),(318,'',0,'content','','content','?m=content&c=content&a=add','',1,'root','','2017-12-04 14:09:41'),(319,'',0,'content','','content','?m=content&c=content&a=add','',1,'root','','2017-12-04 14:10:00'),(320,'',0,'content','','content','?m=content&c=content&a=add','',1,'root','','2017-12-04 14:10:07'),(321,'',0,'content','','content','?m=content&c=content&a=add','',1,'root','','2017-12-04 14:10:26'),(322,'',0,'content','','content','?m=content&c=content&a=add','',1,'root','','2017-12-04 14:10:27'),(323,'',0,'content','','content','?m=content&c=content&a=add','',1,'root','','2017-12-04 14:10:53'),(324,'',0,'content','','content','?m=content&c=content&a=add','',1,'root','','2017-12-04 14:10:55'),(325,'',0,'content','','content','?m=content&c=content&a=add','',1,'root','','2017-12-04 14:11:13'),(326,'',0,'content','','content','?m=content&c=content&a=add','',1,'root','','2017-12-04 14:11:15'),(327,'',0,'content','','content','?m=content&c=content&a=add','',1,'root','','2017-12-04 14:11:35'),(328,'',0,'content','','content','?m=content&c=content&a=add','',1,'root','','2017-12-04 14:11:44'),(329,'',0,'content','','content','?m=content&c=content&a=add','',1,'root','','2017-12-04 14:12:06'),(330,'',0,'content','','content','?m=content&c=content&a=add','',1,'root','','2017-12-04 14:12:07'),(331,'',0,'content','','content','?m=content&c=content&a=add','',1,'root','','2017-12-04 14:12:22'),(332,'',0,'content','','content','?m=content&c=content&a=add','',1,'root','','2017-12-04 14:12:24'),(333,'',0,'content','','content','?m=content&c=content&a=add','',1,'root','','2017-12-04 14:12:35'),(334,'',0,'content','','content','?m=content&c=content&a=add','',1,'root','','2017-12-04 14:12:42'),(335,'',0,'content','','content','?m=content&c=content&a=add','',1,'root','','2017-12-04 14:12:57'),(336,'',0,'content','','content','?m=content&c=content&a=add','',1,'root','','2017-12-04 14:12:58'),(337,'',0,'content','','content','?m=content&c=content&a=add','',1,'root','','2017-12-04 14:13:15'),(338,'',0,'content','','content','?m=content&c=content&a=add','',1,'root','','2017-12-04 14:13:16'),(339,'',0,'content','','content','?m=content&c=content&a=add','',1,'root','','2017-12-04 14:13:22'),(340,'',0,'content','','content','?m=content&c=content&a=add','',1,'root','','2017-12-04 14:13:23'),(341,'',0,'content','','content','?m=content&c=content&a=add','',1,'root','','2017-12-04 14:13:38'),(342,'',0,'content','','content','?m=content&c=content&a=add','',1,'root','','2017-12-04 14:13:45'),(343,'',0,'content','','content','?m=content&c=content&a=add','',1,'root','','2017-12-04 14:13:47'),(344,'',0,'content','','content','?m=content&c=content&a=add','',1,'root','','2017-12-04 14:13:58'),(345,'',0,'content','','content','?m=content&c=content&a=add','',1,'root','','2017-12-04 14:14:00'),(346,'',0,'content','','content','?m=content&c=content&a=add','',1,'root','','2017-12-04 14:14:04'),(347,'',0,'content','','content','?m=content&c=content&a=add','',1,'root','','2017-12-04 14:14:10'),(348,'',0,'content','','content','?m=content&c=content&a=add','',1,'root','','2017-12-04 14:14:12'),(349,'',0,'content','','content','?m=content&c=content&a=add','',1,'root','','2017-12-04 14:14:21'),(350,'',0,'content','','content','?m=content&c=content&a=add','',1,'root','','2017-12-04 14:14:22'),(351,'',0,'content','','content','?m=content&c=content&a=add','',1,'root','','2017-12-04 14:14:33'),(352,'',0,'content','','content','?m=content&c=content&a=add','',1,'root','','2017-12-04 14:14:39'),(353,'',0,'content','','content','?m=content&c=content&a=add','',1,'root','','2017-12-04 14:14:41'),(354,'',0,'content','','content','?m=content&c=content&a=add','',1,'root','','2017-12-04 14:14:45'),(355,'',0,'content','','content','?m=content&c=content&a=add','',1,'root','','2017-12-04 14:14:56'),(356,'',0,'content','','content','?m=content&c=content&a=add','',1,'root','','2017-12-04 14:15:05'),(357,'',0,'content','','content','?m=content&c=content&a=add','',1,'root','','2017-12-04 14:15:06'),(358,'',0,'admin','','category','?m=admin&c=category&a=delete','',1,'root','','2017-12-04 14:18:00'),(359,'',0,'admin','','category','?m=admin&c=category&a=edit','',1,'root','','2017-12-04 15:05:49'),(360,'',0,'admin','','category','?m=admin&c=category&a=edit','',1,'root','','2017-12-04 15:06:32'),(361,'',0,'admin','','category','?m=admin&c=category&a=edit','',1,'root','','2017-12-04 15:06:40'),(362,'',0,'admin','','category','?m=admin&c=category&a=edit','',1,'root','','2017-12-04 15:07:29'),(363,'',0,'admin','','category','?m=admin&c=category&a=edit','',1,'root','','2017-12-04 15:07:36'),(364,'',0,'admin','','category','?m=admin&c=category&a=edit','',1,'root','','2017-12-04 15:07:45'),(365,'',0,'admin','','index','?m=admin&c=index&a=login','',1,'root','','2017-12-04 15:07:53'),(366,'',0,'admin','','category','?m=admin&c=category&a=edit','',1,'root','','2017-12-04 15:08:03'),(367,'',0,'admin','','category','?m=admin&c=category&a=add','',1,'root','','2017-12-04 15:12:47'),(368,'',0,'admin','','category','?m=admin&c=category&a=add','',1,'root','','2017-12-04 15:14:56'),(369,'',0,'admin','','category','?m=admin&c=category&a=add','',1,'root','','2017-12-04 15:15:16'),(370,'',0,'admin','','category','?m=admin&c=category&a=add','',1,'root','','2017-12-04 15:17:12'),(371,'',0,'admin','','category','?m=admin&c=category&a=delete','',1,'root','','2017-12-04 15:17:21'),(372,'',0,'admin','','category','?m=admin&c=category&a=edit','',1,'root','','2017-12-04 15:17:24'),(373,'',0,'admin','','category','?m=admin&c=category&a=edit','',1,'root','','2017-12-04 15:17:31'),(374,'',0,'admin','','category','?m=admin&c=category&a=edit','',1,'root','','2017-12-04 15:18:27'),(375,'',0,'admin','','category','?m=admin&c=category&a=edit','',1,'root','','2017-12-04 15:18:52'),(376,'',0,'admin','','category','?m=admin&c=category&a=edit','',1,'root','','2017-12-04 15:18:57'),(377,'',0,'admin','','category','?m=admin&c=category&a=edit','',1,'root','','2017-12-04 15:19:00'),(378,'',0,'admin','','category','?m=admin&c=category&a=edit','',1,'root','','2017-12-04 15:19:04'),(379,'',0,'admin','','category','?m=admin&c=category&a=edit','',1,'root','','2017-12-04 15:19:06'),(380,'',0,'admin','','category','?m=admin&c=category&a=edit','',1,'root','','2017-12-04 15:19:24'),(381,'',0,'admin','','category','?m=admin&c=category&a=edit','',1,'root','','2017-12-04 15:19:27'),(382,'',0,'admin','','category','?m=admin&c=category&a=edit','',1,'root','','2017-12-04 15:19:30'),(383,'',0,'admin','','category','?m=admin&c=category&a=edit','',1,'root','','2017-12-04 15:19:33'),(384,'',0,'admin','','category','?m=admin&c=category&a=edit','',1,'root','','2017-12-04 15:19:36'),(385,'',0,'admin','','category','?m=admin&c=category&a=edit','',1,'root','','2017-12-04 15:19:39'),(386,'',0,'admin','','category','?m=admin&c=category&a=edit','',1,'root','','2017-12-04 15:19:41'),(387,'',0,'admin','','category','?m=admin&c=category&a=edit','',1,'root','','2017-12-04 15:19:44'),(388,'',0,'admin','','category','?m=admin&c=category&a=edit','',1,'root','','2017-12-04 15:23:25'),(389,'',0,'admin','','category','?m=admin&c=category&a=edit','',1,'root','','2017-12-04 15:23:34'),(390,'',0,'admin','','category','?m=admin&c=category&a=edit','',1,'root','','2017-12-04 15:45:05'),(391,'',0,'admin','','category','?m=admin&c=category&a=edit','',1,'root','','2017-12-04 15:45:10'),(392,'',0,'admin','','category','?m=admin&c=category&a=edit','',1,'root','','2017-12-04 15:45:13'),(393,'',0,'admin','','category','?m=admin&c=category&a=edit','',1,'root','','2017-12-04 15:45:19'),(394,'',0,'content','','content','?m=content&c=content&a=edit','',1,'root','','2017-12-04 16:14:21'),(395,'',0,'content','','content','?m=content&c=content&a=edit','',1,'root','','2017-12-04 16:14:45'),(396,'',0,'content','','content','?m=content&c=content&a=edit','',1,'root','','2017-12-04 16:14:47'),(397,'',0,'content','','content','?m=content&c=content&a=edit','',1,'root','','2017-12-04 16:14:50'),(398,'',0,'content','','content','?m=content&c=content&a=edit','',1,'root','','2017-12-04 16:14:55'),(399,'',0,'content','','content','?m=content&c=content&a=edit','',1,'root','','2017-12-04 16:15:03'),(400,'',0,'content','','content','?m=content&c=content&a=edit','',1,'root','','2017-12-04 16:15:24'),(401,'',0,'content','','content','?m=content&c=content&a=edit','',1,'root','','2017-12-04 16:15:34'),(402,'',0,'admin','','index','?m=admin&c=index&a=login','',0,'root','','2017-12-05 09:14:54'),(403,'',0,'admin','','index','?m=admin&c=index&a=login','',0,'root','','2017-12-05 09:14:59'),(404,'',0,'admin','','index','?m=admin&c=index&a=login','',0,'root','','2017-12-05 09:15:00'),(405,'',0,'admin','','index','?m=admin&c=index&a=login','',0,'root','','2017-12-05 09:15:08'),(406,'',0,'content','','content','?m=content&c=content&a=add','',1,'root','','2017-12-05 09:15:38'),(407,'',0,'content','','content','?m=content&c=content&a=add','',1,'root','','2017-12-05 09:16:22'),(408,'',0,'content','','content','?m=content&c=content&a=add','',1,'root','','2017-12-05 09:16:24'),(409,'',0,'content','','content','?m=content&c=content&a=add','',1,'root','','2017-12-05 09:16:48'),(410,'',0,'content','','content','?m=content&c=content&a=add','',1,'root','','2017-12-05 09:17:12'),(411,'',0,'content','','content','?m=content&c=content&a=add','',1,'root','','2017-12-05 09:17:14'),(412,'',0,'content','','content','?m=content&c=content&a=add','',1,'root','','2017-12-05 09:17:54'),(413,'',0,'content','','content','?m=content&c=content&a=add','',1,'root','','2017-12-05 09:18:05'),(414,'',0,'content','','content','?m=content&c=content&a=add','',1,'root','','2017-12-05 09:18:07'),(415,'',0,'content','','content','?m=content&c=content&a=add','',1,'root','','2017-12-05 09:18:25'),(416,'',0,'content','','content','?m=content&c=content&a=add','',1,'root','','2017-12-05 09:18:27'),(417,'',0,'content','','content','?m=content&c=content&a=add','',1,'root','','2017-12-05 09:18:46'),(418,'',0,'content','','content','?m=content&c=content&a=add','',1,'root','','2017-12-05 09:18:47'),(419,'',0,'content','','content','?m=content&c=content&a=add','',1,'root','','2017-12-05 09:24:25'),(420,'',0,'content','','content','?m=content&c=content&a=add','',1,'root','','2017-12-05 09:24:41'),(421,'',0,'content','','content','?m=content&c=content&a=add','',1,'root','','2017-12-05 09:24:43'),(422,'',0,'admin','','category','?m=admin&c=category&a=edit','',1,'root','','2017-12-05 09:35:45'),(423,'',0,'admin','','category','?m=admin&c=category&a=edit','',1,'root','','2017-12-05 09:48:04'),(424,'',0,'admin','','category','?m=admin&c=category&a=edit','',1,'root','','2017-12-05 09:48:12'),(425,'',0,'admin','','category','?m=admin&c=category&a=edit','',1,'root','','2017-12-05 09:48:16'),(426,'',0,'admin','','category','?m=admin&c=category&a=edit','',1,'root','','2017-12-05 09:48:20'),(427,'',0,'admin','','category','?m=admin&c=category&a=edit','',1,'root','','2017-12-05 09:48:23'),(428,'',0,'admin','','category','?m=admin&c=category&a=edit','',1,'root','','2017-12-05 09:48:27'),(429,'',0,'admin','','category','?m=admin&c=category&a=edit','',1,'root','','2017-12-05 09:48:31'),(430,'',0,'admin','','category','?m=admin&c=category&a=edit','',1,'root','','2017-12-05 09:48:35'),(431,'',0,'admin','','category','?m=admin&c=category&a=edit','',1,'root','','2017-12-05 09:48:39'),(432,'',0,'admin','','category','?m=admin&c=category&a=edit','',1,'root','','2017-12-05 09:48:42'),(433,'',0,'admin','','category','?m=admin&c=category&a=edit','',1,'root','','2017-12-05 09:48:47'),(434,'',0,'admin','','category','?m=admin&c=category&a=edit','',1,'root','','2017-12-05 09:48:55'),(435,'',0,'admin','','category','?m=admin&c=category&a=edit','',1,'root','','2017-12-05 09:49:02'),(436,'',0,'admin','','category','?m=admin&c=category&a=edit','',1,'root','','2017-12-05 09:49:08'),(437,'',0,'admin','','category','?m=admin&c=category&a=edit','',1,'root','','2017-12-05 09:49:11'),(438,'',0,'admin','','index','?m=admin&c=index&a=login','',0,'root','','2017-12-05 14:42:49'),(439,'',0,'admin','','index','?m=admin&c=index&a=login','',0,'root','','2017-12-05 14:42:58'),(440,'',0,'admin','','category','?m=admin&c=category&a=edit','',1,'root','','2017-12-05 14:44:05'),(441,'',0,'admin','','category','?m=admin&c=category&a=edit','',1,'root','','2017-12-05 14:44:11'),(442,'',0,'admin','','category','?m=admin&c=category&a=edit','',1,'root','','2017-12-05 14:44:17'),(443,'',0,'admin','','category','?m=admin&c=category&a=edit','',1,'root','','2017-12-05 14:44:19'),(444,'',0,'admin','','category','?m=admin&c=category&a=edit','',1,'root','','2017-12-05 14:44:22'),(445,'',0,'admin','','category','?m=admin&c=category&a=edit','',1,'root','','2017-12-05 14:44:26'),(446,'',0,'admin','','category','?m=admin&c=category&a=edit','',1,'root','','2017-12-05 14:44:31'),(447,'',0,'admin','','category','?m=admin&c=category&a=edit','',1,'root','','2017-12-05 14:44:34'),(448,'',0,'admin','','category','?m=admin&c=category&a=edit','',1,'root','','2017-12-05 14:44:38'),(449,'',0,'admin','','category','?m=admin&c=category&a=edit','',1,'root','','2017-12-05 14:44:41'),(450,'',0,'admin','','category','?m=admin&c=category&a=edit','',1,'root','','2017-12-05 14:44:44'),(451,'',0,'admin','','category','?m=admin&c=category&a=edit','',1,'root','','2017-12-05 14:44:47'),(452,'',0,'admin','','category','?m=admin&c=category&a=edit','',1,'root','','2017-12-05 14:44:51'),(453,'',0,'admin','','category','?m=admin&c=category&a=edit','',1,'root','','2017-12-05 14:44:55'),(454,'',0,'admin','','category','?m=admin&c=category&a=edit','',1,'root','','2017-12-05 14:45:44'),(455,'',0,'admin','','category','?m=admin&c=category&a=edit','',1,'root','','2017-12-05 14:45:50'),(456,'',0,'admin','','category','?m=admin&c=category&a=edit','',1,'root','','2017-12-05 14:46:06'),(457,'',0,'content','','content','?m=content&c=content&a=remove','',1,'root','','2017-12-05 14:47:34'),(458,'',0,'content','','content','?m=content&c=content&a=remove','',1,'root','','2017-12-05 14:47:40'),(459,'',0,'content','','content','?m=content&c=content&a=remove','',1,'root','','2017-12-05 14:47:46'),(460,'',0,'content','','content','?m=content&c=content&a=remove','',1,'root','','2017-12-05 14:47:47'),(461,'',0,'content','','content','?m=content&c=content&a=remove','',1,'root','','2017-12-05 14:48:14'),(462,'',0,'content','','content','?m=content&c=content&a=remove','',1,'root','','2017-12-05 14:48:15'),(463,'',0,'content','','content','?m=content&c=content&a=remove','',1,'root','','2017-12-05 14:48:18'),(464,'',0,'content','','content','?m=content&c=content&a=remove','',1,'root','','2017-12-05 14:48:21'),(465,'',0,'content','','content','?m=content&c=content&a=remove','',1,'root','','2017-12-05 14:48:22'),(466,'',0,'content','','content','?m=content&c=content&a=remove','',1,'root','','2017-12-05 14:48:27'),(467,'',0,'content','','content','?m=content&c=content&a=remove','',1,'root','','2017-12-05 14:48:29'),(468,'',0,'content','','content','?m=content&c=content&a=remove','',1,'root','','2017-12-05 14:48:31'),(469,'',0,'content','','content','?m=content&c=content&a=remove','',1,'root','','2017-12-05 14:48:33'),(470,'',0,'content','','content','?m=content&c=content&a=remove','',1,'root','','2017-12-05 14:48:35'),(471,'',0,'content','','content','?m=content&c=content&a=remove','',1,'root','','2017-12-05 14:48:36'),(472,'',0,'content','','content','?m=content&c=content&a=remove','',1,'root','','2017-12-05 14:48:41'),(473,'',0,'content','','content','?m=content&c=content&a=remove','',1,'root','','2017-12-05 14:48:43'),(474,'',0,'content','','content','?m=content&c=content&a=remove','',1,'root','','2017-12-05 14:48:44'),(475,'',0,'content','','content','?m=content&c=content&a=edit','',1,'root','','2017-12-05 14:48:56'),(476,'',0,'content','','content','?m=content&c=content&a=edit','',1,'root','','2017-12-05 14:49:09'),(477,'',0,'content','','content','?m=content&c=content&a=edit','',1,'root','','2017-12-05 14:49:15'),(478,'',0,'content','','content','?m=content&c=content&a=edit','',1,'root','','2017-12-05 14:49:23'),(479,'',0,'content','','content','?m=content&c=content&a=remove','',1,'root','','2017-12-05 14:49:30'),(480,'',0,'content','','content','?m=content&c=content&a=remove','',1,'root','','2017-12-05 14:49:33'),(481,'',0,'content','','content','?m=content&c=content&a=remove','',1,'root','','2017-12-05 14:49:34'),(482,'',0,'content','','content','?m=content&c=content&a=remove','',1,'root','','2017-12-05 14:49:38'),(483,'',0,'content','','content','?m=content&c=content&a=remove','',1,'root','','2017-12-05 14:49:39'),(484,'',0,'content','','content','?m=content&c=content&a=remove','',1,'root','','2017-12-05 14:49:47'),(485,'',0,'content','','content','?m=content&c=content&a=remove','',1,'root','','2017-12-05 14:49:48'),(486,'',0,'content','','content','?m=content&c=content&a=remove','',1,'root','','2017-12-05 14:49:58'),(487,'',0,'content','','content','?m=content&c=content&a=remove','',1,'root','','2017-12-05 14:50:06'),(488,'',0,'content','','content','?m=content&c=content&a=remove','',1,'root','','2017-12-05 14:50:08'),(489,'',0,'content','','content','?m=content&c=content&a=edit','',1,'root','','2017-12-05 14:50:15'),(490,'',0,'content','','content','?m=content&c=content&a=edit','',1,'root','','2017-12-05 14:50:22'),(491,'',0,'content','','content','?m=content&c=content&a=edit','',1,'root','','2017-12-05 14:50:26'),(492,'',0,'content','','content','?m=content&c=content&a=edit','',1,'root','','2017-12-05 14:50:34'),(493,'',0,'content','','content','?m=content&c=content&a=remove','',1,'root','','2017-12-05 14:50:39'),(494,'',0,'content','','content','?m=content&c=content&a=remove','',1,'root','','2017-12-05 14:50:42'),(495,'',0,'content','','content','?m=content&c=content&a=remove','',1,'root','','2017-12-05 14:50:43'),(496,'',0,'content','','content','?m=content&c=content&a=edit','',1,'root','','2017-12-05 14:50:49'),(497,'',0,'content','','content','?m=content&c=content&a=edit','',1,'root','','2017-12-05 14:50:55'),(498,'',0,'content','','content','?m=content&c=content&a=edit','',1,'root','','2017-12-05 14:50:59'),(499,'',0,'content','','content','?m=content&c=content&a=edit','',1,'root','','2017-12-05 14:51:08'),(500,'',0,'content','','content','?m=content&c=content&a=remove','',1,'root','','2017-12-05 14:51:13'),(501,'',0,'content','','content','?m=content&c=content&a=remove','',1,'root','','2017-12-05 14:51:16'),(502,'',0,'content','','content','?m=content&c=content&a=remove','',1,'root','','2017-12-05 14:51:17'),(503,'',0,'content','','content','?m=content&c=content&a=remove','',1,'root','','2017-12-05 14:51:20'),(504,'',0,'content','','content','?m=content&c=content&a=remove','',1,'root','','2017-12-05 14:51:21'),(505,'',0,'content','','content','?m=content&c=content&a=remove','',1,'root','','2017-12-05 14:51:23'),(506,'',0,'content','','content','?m=content&c=content&a=remove','',1,'root','','2017-12-05 14:51:24'),(507,'',0,'content','','content','?m=content&c=content&a=edit','',1,'root','','2017-12-05 14:51:40'),(508,'',0,'content','','content','?m=content&c=content&a=edit','',1,'root','','2017-12-05 14:51:46'),(509,'',0,'content','','content','?m=content&c=content&a=edit','',1,'root','','2017-12-05 14:51:52'),(510,'',0,'content','','content','?m=content&c=content&a=edit','',1,'root','','2017-12-05 14:53:24'),(511,'',0,'content','','content','?m=content&c=content&a=remove','',1,'root','','2017-12-05 14:53:31'),(512,'',0,'content','','content','?m=content&c=content&a=remove','',1,'root','','2017-12-05 14:53:34'),(513,'',0,'content','','content','?m=content&c=content&a=remove','',1,'root','','2017-12-05 14:53:35'),(514,'',0,'content','','content','?m=content&c=content&a=edit','',1,'root','','2017-12-05 14:53:43'),(515,'',0,'content','','content','?m=content&c=content&a=edit','',1,'root','','2017-12-05 14:54:03'),(516,'',0,'content','','content','?m=content&c=content&a=remove','',1,'root','','2017-12-05 14:54:10'),(517,'',0,'content','','content','?m=content&c=content&a=remove','',1,'root','','2017-12-05 14:54:13'),(518,'',0,'content','','content','?m=content&c=content&a=remove','',1,'root','','2017-12-05 14:54:13'),(519,'',0,'content','','content','?m=content&c=content&a=edit','',1,'root','','2017-12-05 14:54:19'),(520,'',0,'content','','content','?m=content&c=content&a=edit','',1,'root','','2017-12-05 14:54:33'),(521,'',0,'content','','content','?m=content&c=content&a=remove','',1,'root','','2017-12-05 14:54:45'),(522,'',0,'content','','content','?m=content&c=content&a=remove','',1,'root','','2017-12-05 14:54:48'),(523,'',0,'content','','content','?m=content&c=content&a=remove','',1,'root','','2017-12-05 14:54:49'),(524,'',0,'admin','','category','?m=admin&c=category&a=edit','',1,'root','','2017-12-05 15:09:36'),(525,'',0,'admin','','category','?m=admin&c=category&a=edit','',1,'root','','2017-12-05 15:09:39'),(526,'',0,'admin','','category','?m=admin&c=category&a=edit','',1,'root','','2017-12-05 15:09:42'),(527,'',0,'admin','','category','?m=admin&c=category&a=edit','',1,'root','','2017-12-05 15:09:45'),(528,'',0,'admin','','category','?m=admin&c=category&a=edit','',1,'root','','2017-12-05 15:09:49'),(529,'',0,'admin','','category','?m=admin&c=category&a=edit','',1,'root','','2017-12-05 15:09:51'),(530,'',0,'admin','','category','?m=admin&c=category&a=edit','',1,'root','','2017-12-05 15:09:57'),(531,'',0,'admin','','category','?m=admin&c=category&a=edit','',1,'root','','2017-12-05 15:09:59'),(532,'',0,'admin','','category','?m=admin&c=category&a=edit','',1,'root','','2017-12-05 15:10:02'),(533,'',0,'admin','','category','?m=admin&c=category&a=edit','',1,'root','','2017-12-05 15:10:05'),(534,'',0,'admin','','category','?m=admin&c=category&a=edit','',1,'root','','2017-12-05 15:10:08'),(535,'',0,'admin','','category','?m=admin&c=category&a=edit','',1,'root','','2017-12-05 15:10:10'),(536,'',0,'admin','','category','?m=admin&c=category&a=edit','',1,'root','','2017-12-05 15:10:13'),(537,'',0,'admin','','category','?m=admin&c=category&a=edit','',1,'root','','2017-12-05 15:10:16'),(538,'',0,'admin','','category','?m=admin&c=category&a=edit','',1,'root','','2017-12-05 15:41:01'),(539,'',0,'content','','content','?m=content&c=content&a=edit','',1,'root','','2017-12-05 15:41:07'),(540,'',0,'content','','content','?m=content&c=content&a=edit','',1,'root','','2017-12-05 15:41:19'),(541,'',0,'content','','content','?m=content&c=content&a=edit','',1,'root','','2017-12-05 15:41:23'),(542,'',0,'content','','content','?m=content&c=content&a=edit','',1,'root','','2017-12-05 15:41:35'),(543,'',0,'content','','content','?m=content&c=content&a=edit','',1,'root','','2017-12-05 15:41:40'),(544,'',0,'content','','content','?m=content&c=content&a=edit','',1,'root','','2017-12-05 15:41:53'),(545,'',0,'content','','content','?m=content&c=content&a=edit','',1,'root','','2017-12-05 15:41:58'),(546,'',0,'content','','content','?m=content&c=content&a=edit','',1,'root','','2017-12-05 15:42:12'),(547,'',0,'content','','content','?m=content&c=content&a=edit','',1,'root','','2017-12-05 15:42:16'),(548,'',0,'content','','content','?m=content&c=content&a=edit','',1,'root','','2017-12-05 15:42:25'),(549,'',0,'content','','content','?m=content&c=content&a=edit','',1,'root','','2017-12-05 15:42:30'),(550,'',0,'content','','content','?m=content&c=content&a=edit','',1,'root','','2017-12-05 15:42:49'),(551,'',0,'content','','content','?m=content&c=content&a=edit','',1,'root','','2017-12-05 15:42:54'),(552,'',0,'content','','content','?m=content&c=content&a=edit','',1,'root','','2017-12-05 15:43:02'),(553,'',0,'content','','content','?m=content&c=content&a=edit','',1,'root','','2017-12-05 15:43:07'),(554,'',0,'content','','content','?m=content&c=content&a=edit','',1,'root','','2017-12-05 15:43:16'),(555,'',0,'content','','content','?m=content&c=content&a=edit','',1,'root','','2017-12-05 15:43:21'),(556,'',0,'content','','content','?m=content&c=content&a=edit','',1,'root','','2017-12-05 15:43:30'),(557,'',0,'content','','content','?m=content&c=content&a=edit','',1,'root','','2017-12-05 15:43:35'),(558,'',0,'content','','content','?m=content&c=content&a=edit','',1,'root','','2017-12-05 15:43:50'),(559,'',0,'content','','content','?m=content&c=content&a=edit','',1,'root','','2017-12-05 15:43:54'),(560,'',0,'content','','content','?m=content&c=content&a=edit','',1,'root','','2017-12-05 15:44:02'),(561,'',0,'admin','','index','?m=admin&c=index&a=login','',0,'root','','2017-12-06 08:13:00'),(562,'',0,'admin','','index','?m=admin&c=index&a=login','',0,'root','','2017-12-06 08:13:09'),(563,'',0,'admin','','index','?m=admin&c=index&a=login','',0,'root','','2017-12-06 15:36:27'),(564,'',0,'admin','','index','?m=admin&c=index&a=login','',0,'root','','2017-12-06 15:36:38'),(565,'',0,'content','','content','?m=content&c=content&a=add','',1,'root','','2017-12-06 15:37:18'),(566,'',0,'content','','content','?m=content&c=content&a=add','',1,'root','','2017-12-06 15:37:44'),(567,'',0,'content','','content','?m=content&c=content&a=add','',1,'root','','2017-12-06 15:38:18'),(568,'',0,'admin','','category','?m=admin&c=category&a=edit','',1,'root','','2017-12-06 15:39:14'),(569,'',0,'admin','','category','?m=admin&c=category&a=edit','',1,'root','','2017-12-06 15:39:21'),(570,'',0,'admin','','category','?m=admin&c=category&a=edit','',1,'root','','2017-12-06 15:39:24'),(571,'',0,'admin','','category','?m=admin&c=category&a=edit','',1,'root','','2017-12-06 15:39:28'),(572,'',0,'admin','','category','?m=admin&c=category&a=edit','',1,'root','','2017-12-06 15:39:32'),(573,'',0,'admin','','category','?m=admin&c=category&a=edit','',1,'root','','2017-12-06 15:39:35'),(574,'',0,'admin','','category','?m=admin&c=category&a=edit','',1,'root','','2017-12-06 15:39:40'),(575,'',0,'admin','','category','?m=admin&c=category&a=edit','',1,'root','','2017-12-06 15:39:44'),(576,'',0,'admin','','category','?m=admin&c=category&a=edit','',1,'root','','2017-12-06 15:39:47'),(577,'',0,'admin','','category','?m=admin&c=category&a=edit','',1,'root','','2017-12-06 15:39:50'),(578,'',0,'admin','','category','?m=admin&c=category&a=edit','',1,'root','','2017-12-06 15:39:57'),(579,'',0,'admin','','category','?m=admin&c=category&a=edit','',1,'root','','2017-12-06 15:39:59'),(580,'',0,'admin','','category','?m=admin&c=category&a=edit','',1,'root','','2017-12-06 15:40:04'),(581,'',0,'admin','','category','?m=admin&c=category&a=edit','',1,'root','','2017-12-06 15:40:07'),(582,'',0,'admin','','category','?m=admin&c=category&a=edit','',1,'root','','2017-12-06 15:40:10'),(583,'',0,'admin','','category','?m=admin&c=category&a=edit','',1,'root','','2017-12-06 15:40:13'),(584,'',0,'admin','','index','?m=admin&c=index&a=login','',0,'root','','2017-12-07 08:11:17'),(585,'',0,'admin','','index','?m=admin&c=index&a=login','',0,'root','','2017-12-07 08:11:18'),(586,'',0,'admin','','index','?m=admin&c=index&a=login','',0,'root','','2017-12-07 08:11:29'),(587,'',0,'pay','','payment','?m=pay&c=payment&a=pay_list','',1,'root','','2017-12-07 09:53:07'),(588,'',0,'admin','','category','?m=admin&c=category&a=edit','',1,'root','','2017-12-07 09:53:29'),(589,'',0,'admin','','category','?m=admin&c=category&a=edit','',1,'root','','2017-12-07 09:53:44'),(590,'',0,'admin','','category','?m=admin&c=category&a=edit','',1,'root','','2017-12-07 09:54:00'),(591,'',0,'admin','','category','?m=admin&c=category&a=edit','',1,'root','','2017-12-07 09:54:06'),(592,'',0,'admin','','index','?m=admin&c=index&a=login','',0,'root','','2017-12-07 14:08:55'),(593,'',0,'admin','','index','?m=admin&c=index&a=login','',0,'root','','2017-12-07 14:08:55'),(594,'',0,'admin','','index','?m=admin&c=index&a=login','',0,'root','','2017-12-07 14:09:05'),(595,'',0,'admin','','index','?m=admin&c=index&a=login','',0,'root','','2017-12-11 08:20:27'),(596,'',0,'admin','','index','?m=admin&c=index&a=login','',0,'root','','2017-12-11 08:20:27'),(597,'',0,'admin','','index','?m=admin&c=index&a=login','',0,'root','','2017-12-11 08:20:37'),(598,'',0,'admin','','index','?m=admin&c=index&a=login','',0,'root','','2017-12-12 08:13:55'),(599,'',0,'admin','','index','?m=admin&c=index&a=login','',0,'root','','2017-12-12 08:13:56'),(600,'',0,'admin','','index','?m=admin&c=index&a=login','',0,'root','','2017-12-12 08:14:11'),(601,'',0,'admin','','index','?m=admin&c=index&a=login','',0,'root','','2017-12-15 08:21:19'),(602,'',0,'admin','','index','?m=admin&c=index&a=login','',0,'root','','2017-12-15 08:21:19'),(603,'',0,'admin','','index','?m=admin&c=index&a=login','',0,'root','','2017-12-15 08:21:27'),(604,'',0,'admin','','index','?m=admin&c=index&a=login','',0,'root','','2017-12-15 08:21:28'),(605,'',0,'admin','','index','?m=admin&c=index&a=login','',0,'root','','2017-12-15 08:21:37'),(606,'',0,'admin','','index','?m=admin&c=index&a=login','',1,'root','','2017-12-15 08:34:35'),(607,'',0,'admin','','index','?m=admin&c=index&a=login','',0,'','','2017-12-25 14:28:43'),(608,'',0,'admin','','index','?m=admin&c=index&a=login','',0,'','','2017-12-25 14:28:51'),(609,'',0,'admin','','index','?m=admin&c=index&a=login','',0,'','','2017-12-25 14:28:52'),(610,'',0,'admin','','index','?m=admin&c=index&a=login','',0,'','','2017-12-25 14:28:59'),(611,'',0,'admin','','index','?m=admin&c=index&a=login','',0,'','','2017-12-25 14:29:00'),(612,'',0,'admin','','index','?m=admin&c=index&a=login','',0,'','','2017-12-25 14:29:07'),(613,'',0,'admin','','index','?m=admin&c=index&a=login','',0,'','','2017-12-25 14:29:08'),(614,'',0,'admin','','index','?m=admin&c=index&a=login','',0,'','','2017-12-25 14:29:22'),(615,'',0,'admin','','index','?m=admin&c=index&a=login','',0,'','','2017-12-25 14:29:23'),(616,'',0,'admin','','index','?m=admin&c=index&a=login','',0,'','','2017-12-25 14:29:31'),(617,'',0,'admin','','index','?m=admin&c=index&a=login','',0,'','','2017-12-25 14:29:33'),(618,'',0,'admin','','index','?m=admin&c=index&a=login','',0,'','','2017-12-25 14:29:43'),(619,'',0,'admin','','category','?m=admin&c=category&a=add','',1,'root','','2017-12-25 14:31:00'),(620,'',0,'admin','','category','?m=admin&c=category&a=add','',1,'root','','2017-12-25 14:32:27'),(621,'',0,'admin','','category','?m=admin&c=category&a=add','',1,'root','','2017-12-25 14:32:29'),(622,'',0,'content','','content','?m=content&c=content&a=add','',1,'root','','2017-12-25 14:34:02'),(623,'',0,'content','','content','?m=content&c=content&a=add','',1,'root','','2017-12-25 14:35:01'),(624,'',0,'content','','content','?m=content&c=content&a=add','',1,'root','','2017-12-25 14:35:43'),(625,'',0,'content','','content','?m=content&c=content&a=add','',1,'root','','2017-12-25 14:36:00'),(626,'',0,'content','','content','?m=content&c=content&a=add','',1,'root','','2017-12-25 14:36:29'),(627,'',0,'admin','','category','?m=admin&c=category&a=add','',1,'root','','2017-12-25 14:55:30'),(628,'',0,'admin','','category','?m=admin&c=category&a=add','',1,'root','','2017-12-25 14:55:53'),(629,'',0,'content','','content','?m=content&c=content&a=add','',1,'root','','2017-12-25 14:55:58'),(630,'',0,'content','','content','?m=content&c=content&a=add','',1,'root','','2017-12-25 14:56:43'),(631,'',0,'content','','content','?m=content&c=content&a=add','',1,'root','','2017-12-25 14:57:05'),(632,'',0,'content','','content','?m=content&c=content&a=add','',1,'root','','2017-12-25 14:57:37'),(633,'',0,'admin','','category','?m=admin&c=category&a=add','',1,'root','','2017-12-25 19:34:46'),(634,'',0,'admin','','category','?m=admin&c=category&a=add','',1,'root','','2017-12-25 19:35:10'),(635,'',0,'admin','','category','?m=admin&c=category&a=add','',1,'root','','2017-12-25 19:35:12'),(636,'',0,'admin','','category','?m=admin&c=category&a=add','',1,'root','','2017-12-25 19:35:32'),(637,'',0,'admin','','category','?m=admin&c=category&a=add','',1,'root','','2017-12-25 19:35:33'),(638,'',0,'admin','','category','?m=admin&c=category&a=add','',1,'root','','2017-12-25 19:35:56'),(639,'',0,'admin','','category','?m=admin&c=category&a=add','',1,'root','','2017-12-25 19:35:57'),(640,'',0,'admin','','category','?m=admin&c=category&a=add','',1,'root','','2017-12-25 19:36:19'),(641,'',0,'admin','','category','?m=admin&c=category&a=add','',1,'root','','2017-12-25 19:36:19'),(642,'',0,'admin','','category','?m=admin&c=category&a=add','',1,'root','','2017-12-25 19:36:53'),(643,'',0,'admin','','category','?m=admin&c=category&a=add','',1,'root','','2017-12-25 19:37:09'),(644,'',0,'admin','','category','?m=admin&c=category&a=add','',1,'root','','2017-12-25 19:37:10'),(645,'',0,'admin','','category','?m=admin&c=category&a=add','',1,'root','','2017-12-25 19:37:33'),(646,'',0,'admin','','category','?m=admin&c=category&a=add','',1,'root','','2017-12-25 19:37:34'),(647,'',0,'content','','content','?m=content&c=content&a=add','',1,'root','','2017-12-25 19:39:04'),(648,'',0,'content','','content','?m=content&c=content&a=add','',1,'root','','2017-12-25 19:40:13'),(649,'',0,'content','','content','?m=content&c=content&a=add','',1,'root','','2017-12-25 19:40:21'),(650,'',0,'content','','content','?m=content&c=content&a=add','',1,'root','','2017-12-25 19:40:47'),(651,'',0,'content','','content','?m=content&c=content&a=add','',1,'root','','2017-12-25 19:40:54'),(652,'',0,'content','','content','?m=content&c=content&a=add','',1,'root','','2017-12-25 19:41:23'),(653,'',0,'content','','content','?m=content&c=content&a=add','',1,'root','','2017-12-25 19:41:24'),(654,'',0,'content','','content','?m=content&c=content&a=add','',1,'root','','2017-12-25 19:41:57'),(655,'',0,'content','','content','?m=content&c=content&a=add','',1,'root','','2017-12-25 19:42:08'),(656,'',0,'content','','content','?m=content&c=content&a=add','',1,'root','','2017-12-25 19:42:30'),(657,'',0,'content','','content','?m=content&c=content&a=add','',1,'root','','2017-12-25 19:42:49'),(658,'',0,'content','','content','?m=content&c=content&a=add','',1,'root','','2017-12-25 19:43:16'),(659,'',0,'content','','content','?m=content&c=content&a=add','',1,'root','','2017-12-25 19:43:20'),(660,'',0,'content','','content','?m=content&c=content&a=add','',1,'root','','2017-12-25 19:43:24'),(661,'',0,'content','','content','?m=content&c=content&a=add','',1,'root','','2017-12-25 19:43:33'),(662,'',0,'content','','content','?m=content&c=content&a=add','',1,'root','','2017-12-25 19:43:34'),(663,'',0,'content','','content','?m=content&c=content&a=add','',1,'root','','2017-12-25 19:44:02'),(664,'',0,'content','','content','?m=content&c=content&a=add','',1,'root','','2017-12-25 19:44:03'),(665,'',0,'content','','content','?m=content&c=content&a=add','',1,'root','','2017-12-25 19:44:13'),(666,'',0,'content','','content','?m=content&c=content&a=add','',1,'root','','2017-12-25 19:44:37'),(667,'',0,'content','','content','?m=content&c=content&a=add','',1,'root','','2017-12-25 19:44:38'),(668,'',0,'content','','content','?m=content&c=content&a=add','',1,'root','','2017-12-25 19:44:56'),(669,'',0,'content','','content','?m=content&c=content&a=add','',1,'root','','2017-12-25 19:45:04'),(670,'',0,'content','','content','?m=content&c=content&a=add','',1,'root','','2017-12-25 19:45:13'),(671,'',0,'content','','content','?m=content&c=content&a=add','',1,'root','','2017-12-25 19:45:19'),(672,'',0,'content','','content','?m=content&c=content&a=add','',1,'root','','2017-12-25 19:45:30'),(673,'',0,'content','','content','?m=content&c=content&a=add','',1,'root','','2017-12-25 19:45:56'),(674,'',0,'content','','content','?m=content&c=content&a=add','',1,'root','','2017-12-25 19:46:08'),(675,'',0,'content','','content','?m=content&c=content&a=add','',1,'root','','2017-12-25 19:46:28'),(676,'',0,'admin','','index','?m=admin&c=index&a=login','',0,'root','','2017-12-26 08:27:17'),(677,'',0,'admin','','index','?m=admin&c=index&a=login','',0,'root','','2017-12-26 08:27:18'),(678,'',0,'admin','','index','?m=admin&c=index&a=login','',0,'root','','2017-12-26 08:27:25'),(679,'',0,'content','','content','?m=content&c=content&a=add','',1,'root','','2017-12-26 08:27:40'),(680,'',0,'content','','content','?m=content&c=content&a=add','',1,'root','','2017-12-26 08:29:10'),(681,'',0,'content','','content','?m=content&c=content&a=add','',1,'root','','2017-12-26 08:29:12'),(682,'',0,'content','','content','?m=content&c=content&a=add','',1,'root','','2017-12-26 08:29:12'),(683,'',0,'content','','content','?m=content&c=content&a=add','',1,'root','','2017-12-26 08:29:46'),(684,'',0,'content','','content','?m=content&c=content&a=add','',1,'root','','2017-12-26 08:29:47'),(685,'',0,'content','','content','?m=content&c=content&a=add','',1,'root','','2017-12-26 08:30:25'),(686,'',0,'content','','content','?m=content&c=content&a=add','',1,'root','','2017-12-26 08:30:26'),(687,'',0,'content','','content','?m=content&c=content&a=add','',1,'root','','2017-12-26 08:31:03'),(688,'',0,'content','','content','?m=content&c=content&a=add','',1,'root','','2017-12-26 08:31:04'),(689,'',0,'content','','content','?m=content&c=content&a=add','',1,'root','','2017-12-26 08:31:41'),(690,'',0,'content','','content','?m=content&c=content&a=add','',1,'root','','2017-12-26 08:31:49'),(691,'',0,'content','','content','?m=content&c=content&a=add','',1,'root','','2017-12-26 08:31:56'),(692,'',0,'content','','content','?m=content&c=content&a=add','',1,'root','','2017-12-26 08:31:57'),(693,'',0,'content','','content','?m=content&c=content&a=add','',1,'root','','2017-12-26 08:32:29'),(694,'',0,'admin','','index','?m=admin&c=index&a=login','',0,'','','2017-12-26 14:40:10'),(695,'',0,'admin','','index','?m=admin&c=index&a=login','',0,'','','2017-12-26 14:40:11'),(696,'',0,'admin','','index','?m=admin&c=index&a=login','',0,'','','2017-12-26 14:40:18'),(697,'',0,'template','','style','?m=template&c=style&a=disable','',1,'root','','2017-12-26 14:43:25'),(698,'',0,'template','','style','?m=template&c=style&a=disable','',1,'root','','2017-12-26 14:43:36'),(699,'',0,'template','','style','?m=template&c=style&a=disable','',1,'root','','2017-12-26 14:46:51'),(700,'',0,'admin','','site','?m=admin&c=site&a=edit','',1,'root','','2017-12-26 14:46:58'),(701,'',0,'admin','','site','?m=admin&c=site&a=edit','',1,'root','','2017-12-26 14:47:02'),(702,'',0,'template','','style','?m=template&c=style&a=disable','',1,'root','','2017-12-26 14:48:26'),(703,'',0,'admin','','site','?m=admin&c=site&a=edit','',1,'root','','2017-12-26 14:48:37'),(704,'',0,'admin','','site','?m=admin&c=site&a=edit','',1,'root','','2017-12-26 14:48:42'),(705,'',0,'comment','','comment_admin','?m=comment&c=comment_admin&a=lists','',1,'root','','2017-12-26 14:49:28'),(706,'',0,'comment','','comment_admin','?m=comment&c=comment_admin&a=lists','',1,'root','','2017-12-26 14:49:31');
/*!40000 ALTER TABLE `ly_log` ENABLE KEYS */;

#
# Structure for table "ly_member"
#

DROP TABLE IF EXISTS `ly_member`;
CREATE TABLE `ly_member` (
  `userid` mediumint(8) unsigned NOT NULL AUTO_INCREMENT,
  `phpssouid` mediumint(8) unsigned NOT NULL,
  `username` char(20) NOT NULL DEFAULT '',
  `password` char(32) NOT NULL DEFAULT '',
  `encrypt` char(6) NOT NULL,
  `nickname` char(20) NOT NULL,
  `regdate` int(10) unsigned NOT NULL DEFAULT '0',
  `lastdate` int(10) unsigned NOT NULL DEFAULT '0',
  `regip` char(15) NOT NULL DEFAULT '',
  `lastip` char(15) NOT NULL DEFAULT '',
  `loginnum` smallint(5) unsigned NOT NULL DEFAULT '0',
  `email` char(32) NOT NULL DEFAULT '',
  `groupid` tinyint(3) unsigned NOT NULL DEFAULT '0',
  `areaid` smallint(5) unsigned NOT NULL DEFAULT '0',
  `amount` decimal(8,2) unsigned NOT NULL DEFAULT '0.00',
  `point` smallint(5) unsigned NOT NULL DEFAULT '0',
  `modelid` smallint(5) unsigned NOT NULL DEFAULT '0',
  `message` tinyint(1) unsigned NOT NULL DEFAULT '0',
  `islock` tinyint(1) unsigned NOT NULL DEFAULT '0',
  `vip` tinyint(1) unsigned NOT NULL DEFAULT '0',
  `overduedate` int(10) unsigned NOT NULL DEFAULT '0',
  `siteid` smallint(5) unsigned NOT NULL DEFAULT '1',
  `connectid` char(40) NOT NULL DEFAULT '',
  `from` char(10) NOT NULL DEFAULT '',
  `mobile` char(11) NOT NULL DEFAULT '',
  PRIMARY KEY (`userid`),
  UNIQUE KEY `username` (`username`),
  KEY `email` (`email`(20)),
  KEY `phpssouid` (`phpssouid`)
) ENGINE=MyISAM AUTO_INCREMENT=4 DEFAULT CHARSET=utf8;

#
# Data for table "ly_member"
#

/*!40000 ALTER TABLE `ly_member` DISABLE KEYS */;
INSERT INTO `ly_member` VALUES (3,3,'root','c9b664ef1a4a7193ac770736034c1b79','pAT4Rl','苦尽甘来',1512628728,1512951697,'','',0,'5950390282@qq.com',2,0,0.00,4,10,0,0,0,0,1,'','','13295498944');
/*!40000 ALTER TABLE `ly_member` ENABLE KEYS */;

#
# Structure for table "ly_member_detail"
#

DROP TABLE IF EXISTS `ly_member_detail`;
CREATE TABLE `ly_member_detail` (
  `userid` mediumint(8) unsigned NOT NULL DEFAULT '0',
  `birthday` date DEFAULT NULL,
  UNIQUE KEY `userid` (`userid`)
) ENGINE=MyISAM DEFAULT CHARSET=utf8;

#
# Data for table "ly_member_detail"
#

/*!40000 ALTER TABLE `ly_member_detail` DISABLE KEYS */;
INSERT INTO `ly_member_detail` VALUES (3,'2017-12-15');
/*!40000 ALTER TABLE `ly_member_detail` ENABLE KEYS */;

#
# Structure for table "ly_member_group"
#

DROP TABLE IF EXISTS `ly_member_group`;
CREATE TABLE `ly_member_group` (
  `groupid` tinyint(3) unsigned NOT NULL AUTO_INCREMENT,
  `name` char(15) NOT NULL,
  `issystem` tinyint(1) unsigned NOT NULL DEFAULT '0',
  `starnum` tinyint(2) unsigned NOT NULL,
  `point` smallint(6) unsigned NOT NULL,
  `allowmessage` smallint(5) unsigned NOT NULL DEFAULT '0',
  `allowvisit` tinyint(1) unsigned NOT NULL DEFAULT '0',
  `allowpost` tinyint(1) unsigned NOT NULL DEFAULT '0',
  `allowpostverify` tinyint(1) unsigned NOT NULL,
  `allowsearch` tinyint(1) unsigned NOT NULL DEFAULT '0',
  `allowupgrade` tinyint(1) unsigned NOT NULL DEFAULT '1',
  `allowsendmessage` tinyint(1) unsigned NOT NULL,
  `allowpostnum` smallint(5) unsigned NOT NULL DEFAULT '0',
  `allowattachment` tinyint(1) NOT NULL,
  `price_y` decimal(8,2) unsigned NOT NULL DEFAULT '0.00',
  `price_m` decimal(8,2) unsigned NOT NULL DEFAULT '0.00',
  `price_d` decimal(8,2) unsigned NOT NULL DEFAULT '0.00',
  `icon` char(30) NOT NULL,
  `usernamecolor` char(7) NOT NULL,
  `description` char(100) NOT NULL,
  `sort` tinyint(3) unsigned NOT NULL DEFAULT '0',
  `disabled` tinyint(1) unsigned NOT NULL DEFAULT '0',
  PRIMARY KEY (`groupid`),
  KEY `disabled` (`disabled`),
  KEY `listorder` (`sort`)
) ENGINE=MyISAM AUTO_INCREMENT=9 DEFAULT CHARSET=utf8;

#
# Data for table "ly_member_group"
#

/*!40000 ALTER TABLE `ly_member_group` DISABLE KEYS */;
INSERT INTO `ly_member_group` VALUES (1,'禁止访问',1,0,0,0,1,1,0,1,0,0,0,0,0.00,0.00,0.00,'','','0',0,0),(2,'新手上路',1,1,50,100,1,1,0,0,0,1,0,0,50.00,10.00,1.00,'','','',2,0),(4,'中级会员',1,3,150,500,1,1,0,1,1,1,0,0,500.00,60.00,1.00,'','','',4,0),(5,'高级会员',1,5,300,999,1,1,0,1,1,1,0,0,360.00,90.00,5.00,'','','',5,0),(6,'注册会员',1,2,100,150,0,1,0,0,1,1,0,0,300.00,30.00,1.00,'','','',6,0),(7,'邮件认证',1,0,0,0,0,0,0,0,0,0,0,0,0.00,0.00,0.00,'images/group/vip.jpg','#000000','',7,0),(8,'游客',1,0,0,0,0,0,0,1,0,0,0,0,0.00,0.00,0.00,'','','',0,0);
/*!40000 ALTER TABLE `ly_member_group` ENABLE KEYS */;

#
# Structure for table "ly_member_menu"
#

DROP TABLE IF EXISTS `ly_member_menu`;
CREATE TABLE `ly_member_menu` (
  `id` smallint(6) unsigned NOT NULL AUTO_INCREMENT,
  `name` char(40) NOT NULL DEFAULT '',
  `parentid` smallint(6) NOT NULL DEFAULT '0',
  `m` char(20) NOT NULL DEFAULT '',
  `c` char(20) NOT NULL DEFAULT '',
  `a` char(20) NOT NULL DEFAULT '',
  `data` char(100) NOT NULL DEFAULT '',
  `listorder` smallint(6) unsigned NOT NULL DEFAULT '0',
  `display` enum('1','0') NOT NULL DEFAULT '1',
  `isurl` enum('1','0') NOT NULL DEFAULT '0',
  `url` char(255) NOT NULL DEFAULT '',
  PRIMARY KEY (`id`),
  KEY `listorder` (`listorder`),
  KEY `parentid` (`parentid`),
  KEY `module` (`m`,`c`,`a`)
) ENGINE=MyISAM AUTO_INCREMENT=4 DEFAULT CHARSET=utf8;

#
# Data for table "ly_member_menu"
#

/*!40000 ALTER TABLE `ly_member_menu` DISABLE KEYS */;
INSERT INTO `ly_member_menu` VALUES (1,'member_init',0,'member','index','init','t=0',0,'1','',''),(2,'account_manage',0,'member','index','account_manage','t=1',0,'1','',''),(3,'favorite',0,'member','index','favorite','t=2',0,'1','','');
/*!40000 ALTER TABLE `ly_member_menu` ENABLE KEYS */;

#
# Structure for table "ly_member_verify"
#

DROP TABLE IF EXISTS `ly_member_verify`;
CREATE TABLE `ly_member_verify` (
  `userid` mediumint(8) unsigned NOT NULL AUTO_INCREMENT,
  `username` char(20) NOT NULL,
  `password` char(32) NOT NULL,
  `encrypt` char(6) NOT NULL,
  `nickname` char(20) NOT NULL,
  `regdate` int(10) unsigned NOT NULL,
  `regip` char(15) NOT NULL,
  `email` char(32) NOT NULL,
  `modelid` tinyint(3) unsigned NOT NULL DEFAULT '0',
  `point` smallint(5) unsigned NOT NULL DEFAULT '0',
  `amount` decimal(8,2) unsigned NOT NULL DEFAULT '0.00',
  `modelinfo` char(255) NOT NULL DEFAULT '0',
  `status` tinyint(1) unsigned NOT NULL DEFAULT '0',
  `siteid` tinyint(1) unsigned NOT NULL DEFAULT '1',
  `message` char(100) DEFAULT NULL,
  `mobile` char(11) NOT NULL DEFAULT '',
  PRIMARY KEY (`userid`),
  UNIQUE KEY `username` (`username`),
  KEY `email` (`email`(20))
) ENGINE=MyISAM DEFAULT CHARSET=utf8;

#
# Data for table "ly_member_verify"
#


#
# Structure for table "ly_member_vip"
#

DROP TABLE IF EXISTS `ly_member_vip`;
CREATE TABLE `ly_member_vip` (
  `userid` mediumint(8) unsigned NOT NULL DEFAULT '0',
  UNIQUE KEY `userid` (`userid`)
) ENGINE=MyISAM DEFAULT CHARSET=utf8;

#
# Data for table "ly_member_vip"
#


#
# Structure for table "ly_menu"
#

DROP TABLE IF EXISTS `ly_menu`;
CREATE TABLE `ly_menu` (
  `id` smallint(6) unsigned NOT NULL AUTO_INCREMENT,
  `name` char(40) NOT NULL DEFAULT '',
  `parentid` smallint(6) NOT NULL DEFAULT '0',
  `m` char(20) NOT NULL DEFAULT '',
  `c` char(20) NOT NULL DEFAULT '',
  `a` char(20) NOT NULL DEFAULT '',
  `data` char(100) NOT NULL DEFAULT '',
  `listorder` smallint(6) unsigned NOT NULL DEFAULT '0',
  `display` enum('1','0') NOT NULL DEFAULT '1',
  `project1` tinyint(1) unsigned NOT NULL DEFAULT '1',
  `project2` tinyint(1) unsigned NOT NULL DEFAULT '1',
  `project3` tinyint(1) unsigned NOT NULL DEFAULT '1',
  `project4` tinyint(1) unsigned NOT NULL DEFAULT '1',
  `project5` tinyint(1) unsigned NOT NULL DEFAULT '1',
  PRIMARY KEY (`id`),
  KEY `listorder` (`listorder`),
  KEY `parentid` (`parentid`),
  KEY `module` (`m`,`c`,`a`)
) ENGINE=MyISAM AUTO_INCREMENT=1577 DEFAULT CHARSET=utf8;

#
# Data for table "ly_menu"
#

/*!40000 ALTER TABLE `ly_menu` DISABLE KEYS */;
INSERT INTO `ly_menu` VALUES (1,'sys_setting',0,'admin','setting','init','',1,'1',0,1,1,1,1),(2,'module',0,'admin','module','init','',2,'1',1,1,1,1,1),(4,'content',0,'content','content','init','',4,'1',1,1,1,1,1),(5,'members',0,'member','member','init','',5,'1',1,1,1,1,1),(6,'userinterface',0,'template','style','init','',6,'1',0,1,1,1,1),(7,'extend',0,'admin','extend','init_extend','',7,'1',0,1,1,1,1),(8,'phpsso',0,'admin','phpsso','menu','',7,'1',0,1,1,1,1),(10,'panel',0,'admin','index','public_main','',0,'1',0,1,1,1,1),(29,'module_list',2,'admin','module','','',0,'1',1,1,1,1,1),(30,'correlative_setting',1,'admin','admin','admin','',0,'1',1,1,1,1,1),(31,'menu_manage',977,'admin','menu','init','',8,'1',1,1,1,1,1),(32,'posid_manage',975,'admin','position','init','',7,'1',1,1,1,1,1),(35,'menu_add',31,'admin','menu','add','',0,'1',1,1,1,1,1),(42,'add_category',43,'admin','category','add','s=0',1,'1',1,1,1,1,1),(43,'category_manage',975,'admin','category','init','module=admin',4,'1',1,1,1,1,1),(44,'edit_category',43,'admin','category','edit','',0,'0',1,1,1,1,1),(45,'badword_manage',977,'admin','badword','init','',10,'1',1,1,1,1,1),(46,'posid_add',32,'admin','position','add','',0,'0',1,1,1,1,1),(49,'admin_setting',1,'admin','','','',0,'1',1,1,1,1,1),(50,'role_manage',49,'admin','role','init','',0,'1',1,1,1,1,1),(51,'role_add',50,'admin','role','add','',0,'1',1,1,1,1,1),(52,'category_cache',43,'admin','category','public_cache','module=admin',4,'1',1,1,1,1,1),(54,'admin_manage',49,'admin','admin_manage','init','',0,'1',1,1,1,1,1),(55,'manage_member',5,'member','member','manage','',0,'1',1,1,1,1,1),(58,'admin_add',54,'admin','admin_manage','add','',0,'1',1,1,1,1,1),(59,'model_manage',975,'content','sitemodel','init','',5,'1',1,1,1,1,1),(62,'add_model',59,'content','sitemodel','add','',0,'0',1,1,1,1,1),(64,'site_management',30,'admin','site','init','',2,'1',1,1,1,1,1),(65,'release_point_management',30,'admin','release_point','init','',3,'1',1,1,1,1,1),(66,'badword_export',45,'admin','badword','export','',0,'1',1,1,1,1,1),(67,'add_site',64,'admin','site','add','',0,'0',1,1,1,1,1),(68,'badword_import',45,'admin','badword','import','',0,'1',1,1,1,1,1),(72,'member_manage',55,'member','member','manage','',1,'1',1,1,1,1,1),(74,'member_verify',55,'member','member_verify','manage','s=0',3,'1',1,1,1,1,1),(76,'manage_member_group',5,'member','member_group','manage','',0,'1',1,1,1,1,1),(77,'manage_member_model',5,'member','member_model','manage','',0,'1',1,1,1,1,1),(78,'member_group_add',812,'member','member_group','add','',0,'0',1,1,1,1,1),(79,'member_model_add',813,'member','member_model','add','',1,'0',1,1,1,1,1),(80,'member_model_import',77,'member','member_model','import','',2,'0',1,1,1,1,1),(81,'member_add',72,'member','member','add','',2,'0',1,1,1,1,1),(82,'module_manage',2,'admin','module','','',0,'1',1,1,1,1,1),(812,'member_group_manage',76,'member','member_group','manage','',0,'1',1,1,1,1,1),(813,'member_model_manage',77,'member','member_model','manage','',0,'1',1,1,1,1,1),(814,'site_edit',64,'admin','site','edit','',0,'0',1,1,1,1,1),(815,'site_del',64,'admin','site','del','',0,'0',1,1,1,1,1),(816,'release_point_add',65,'admin','release_point','add','',0,'0',1,1,1,1,1),(817,'release_point_del',65,'admin','release_point','del','',0,'0',1,1,1,1,1),(818,'release_point_edit',65,'admin','release_point','edit','',0,'0',1,1,1,1,1),(821,'content_publish',4,'content','content','init','',0,'1',1,1,1,1,1),(822,'content_manage',821,'content','content','init','',0,'1',1,1,1,1,1),(826,'template_manager',6,'','','','',0,'1',1,1,1,1,1),(827,'template_style',826,'template','style','init','',0,'1',1,1,1,1,1),(828,'import_style',827,'template','style','import','',0,'0',1,1,1,1,1),(830,'template_file',827,'template','file','init','',0,'0',1,1,1,1,1),(831,'template_export',827,'template','style','export','',0,'0',1,1,1,1,1),(832,'template_onoff',827,'template','style','disable','',0,'0',1,1,1,1,1),(833,'template_updatename',827,'template','style','updatename','',0,'0',1,1,1,1,1),(834,'member_lock',72,'member','member','lock','',0,'0',1,1,1,1,1),(835,'member_unlock',72,'member','member','unlock','',0,'0',1,1,1,1,1),(836,'member_move',72,'member','member','move','',0,'0',1,1,1,1,1),(837,'member_delete',72,'member','member','delete','',0,'0',1,1,1,1,1),(839,'member_setting',55,'member','member_setting','manage','',4,'1',1,1,1,1,1),(841,'verify_pass',74,'member','member_verify','manage','s=1',0,'1',1,1,1,1,1),(842,'verify_ignore',74,'member','member_verify','manage','s=2',0,'1',1,1,1,1,1),(843,'verify_delete',74,'member','member_verify','manage','s=3',0,'0',1,1,1,1,1),(844,'verify_deny',74,'member','member_verify','manage','s=4',0,'1',1,1,1,1,1),(845,'never_pass',74,'member','member_verify','manage','s=5',0,'1',1,1,1,1,1),(846,'template_file_list',827,'template','file','init','',0,'0',1,1,1,1,1),(847,'template_file_edit',827,'template','file','edit_file','',0,'0',1,1,1,1,1),(848,'file_add_file',827,'template','file','add_file','',0,'0',1,1,1,1,1),(850,'listorder',76,'member','member_group','sort','',0,'0',1,1,1,1,1),(852,'priv_setting',50,'admin','role','priv_setting','',0,'0',1,1,1,1,1),(853,'role_priv',50,'admin','role','role_priv','',0,'0',1,1,1,1,1),(857,'attachment_manage',821,'attachment','manage','init','',0,'1',1,1,1,1,1),(867,'linkage',977,'admin','linkage','init','',13,'1',1,1,1,1,1),(868,'special',821,'special','special','init','',0,'1',1,1,1,1,1),(869,'template_editor',827,'template','file','edit_file','',0,'0',1,1,1,1,1),(870,'template_visualization',827,'template','file','visualization','',0,'0',1,1,1,1,1),(871,'pc_tag_edit',827,'template','file','edit_pc_tag','',0,'0',1,1,1,1,1),(872,'sync_release_point',873,'release','index','init','',3,'1',1,1,1,1,1),(873,'release_manage',4,'release','html','init','',0,'1',1,1,1,1,1),(874,'type_manage',975,'content','type_manage','init','',6,'1',1,1,1,1,1),(875,'add_type',874,'content','type_manage','add','',0,'0',1,1,1,1,1),(876,'linkageadd',867,'admin','linkage','add','',0,'0',1,1,1,1,1),(877,'failure_list',872,'release','index','failed','',0,'1',1,1,1,1,1),(879,'member_search',72,'member','member','search','',0,'0',1,1,1,1,1),(880,'queue_del',872,'release','index','del','',0,'0',1,1,1,1,1),(881,'member_model_delete',813,'member','member_model','delete','',0,'0',1,1,1,1,1),(882,'member_model_edit',813,'member','member_model','edit','',0,'0',1,1,1,1,1),(885,'workflow',977,'content','workflow','init','',15,'1',1,1,1,1,1),(888,'add_workflow',885,'content','workflow','add','',0,'1',1,1,1,1,1),(889,'member_modelfield_add',813,'member','member_modelfield','add','',0,'0',1,1,1,1,1),(890,'member_modelfield_edit',813,'member','member_modelfield','edit','',0,'0',1,1,1,1,1),(891,'member_modelfield_delete',813,'member','member_modelfield','delete','',0,'0',1,1,1,1,1),(892,'member_modelfield_manage',813,'member','member_modelfield','manage','',0,'0',1,1,1,1,1),(895,'sitemodel_import',59,'content','sitemodel','import','',0,'1',1,1,1,1,1),(896,'pay',29,'pay','payment','pay_list','s=3',0,'1',1,1,1,1,1),(897,'payments',896,'pay','payment','init','',0,'1',1,1,1,1,1),(898,'paylist',896,'pay','payment','pay_list','',0,'1',1,1,1,1,1),(899,'add_content',822,'content','content','add','',0,'0',1,1,1,1,1),(900,'modify_deposit',896,'pay','payment','modify_deposit','s=1',0,'1',1,1,1,1,1),(901,'check_content',822,'content','content','pass','',0,'0',1,1,1,1,1),(902,'dbsource',29,'dbsource','data','init','',0,'1',1,1,1,1,1),(904,'external_data_sources',902,'dbsource','dbsource_admin','init','',0,'1',1,1,1,1,1),(905,'create_content_html',873,'content','create_html','show','',2,'1',1,1,1,1,1),(906,'update_urls',873,'content','create_html','update_urls','',1,'1',1,1,1,1,1),(909,'fulltext_search',29,'search','search_type','init','',0,'1',1,1,1,1,1),(910,'manage_type',909,'search','search_type','init','',0,'0',1,1,1,1,1),(911,'search_setting',909,'search','search_admin','setting','',0,'1',1,1,1,1,1),(912,'createindex',909,'search','search_admin','createindex','',0,'1',1,1,1,1,1),(913,'add_search_type',909,'search','search_type','add','',0,'0',1,1,1,1,1),(914,'database_toos',977,'admin','database','export','',6,'1',1,1,1,1,1),(915,'database_export',914,'admin','database','export','',0,'1',1,1,1,1,1),(916,'database_import',914,'admin','database','import','',0,'1',1,1,1,1,1),(917,'dbsource_add',902,'dbsource','dbsource_admin','add','',0,'0',1,1,1,1,1),(918,'dbsource_edit',902,'dbsource','dbsource_admin','edit','',0,'0',1,1,1,1,1),(919,'dbsource_del',902,'dbsource','dbsource_admin','del','',0,'0',1,1,1,1,1),(920,'dbsource_data_add',902,'dbsource','data','add','',0,'0',1,1,1,1,1),(921,'dbsource_data_edit',902,'dbsource','data','edit','',0,'0',1,1,1,1,1),(922,'dbsource_data_del',902,'dbsource','data','del','',0,'0',1,1,1,1,1),(926,'add_special',868,'special','special','add','',0,'1',1,1,1,1,1),(927,'edit_special',868,'special','special','edit','',0,'0',1,1,1,1,1),(928,'special_list',868,'special','special','init','',0,'0',1,1,1,1,1),(929,'special_elite',868,'special','special','elite','',0,'0',1,1,1,1,1),(930,'delete_special',868,'special','special','delete','',0,'0',1,1,1,1,1),(931,'badword_add',45,'admin','badword','add','',0,'0',1,1,1,1,1),(932,'badword_edit',45,'admin','badword','edit','',0,'0',1,1,1,1,1),(933,'badword_delete',45,'admin','badword','delete','',0,'0',1,1,1,1,1),(934,'special_listorder',868,'special','special','listorder','',0,'0',1,1,1,1,1),(935,'special_content_list',868,'special','content','init','',0,'0',1,1,1,1,1),(936,'special_content_add',935,'special','content','add','',0,'0',1,1,1,1,1),(937,'special_content_list',935,'special','content','init','',0,'0',1,1,1,1,1),(938,'special_content_edit',935,'special','content','edit','',0,'0',1,1,1,1,1),(939,'special_content_delete',935,'special','content','delete','',0,'0',1,1,1,1,1),(940,'special_content_listorder',935,'special','content','listorder','',0,'0',1,1,1,1,1),(941,'special_content_import',935,'special','special','import','',0,'0',1,1,1,1,1),(942,'history_version',827,'template','template_bak','init','',0,'0',1,1,1,1,1),(943,'restore_version',827,'template','template_bak','restore','',0,'0',1,1,1,1,1),(944,'del_history_version',827,'template','template_bak','del','',0,'0',1,1,1,1,1),(945,'block',821,'block','block_admin','init','',0,'1',1,1,1,1,1),(946,'block_add',945,'block','block_admin','add','',0,'0',1,1,1,1,1),(950,'block_edit',945,'block','block_admin','edit','',0,'0',1,1,1,1,1),(951,'block_del',945,'block','block_admin','del','',0,'0',1,1,1,1,1),(952,'block_update',945,'block','block_admin','block_update','',0,'0',1,1,1,1,1),(953,'block_restore',945,'block','block_admin','history_restore','',0,'0',1,1,1,1,1),(954,'history_del',945,'block','block_admin','history_del','',0,'0',1,1,1,1,1),(957,'collection_node',821,'collection','node','manage','',0,'1',1,1,1,1,1),(959,'basic_config',30,'admin','setting','init','',10,'1',1,1,1,1,1),(960,'node_add',957,'collection','node','add','',0,'1',1,1,1,1,1),(961,'position_edit',32,'admin','position','edit','',0,'0',1,1,1,1,1),(962,'collection_node_edit',957,'collection','node','edit','',0,'0',1,1,1,1,1),(963,'collection_node_delete',957,'collection','node','del','',0,'0',1,1,1,1,1),(965,'collection_node_publish',957,'collection','node','publist','',0,'0',1,1,1,1,1),(966,'collection_node_import',957,'collection','node','node_import','',0,'0',1,1,1,1,1),(967,'collection_node_export',957,'collection','node','export','',0,'0',1,1,1,1,1),(968,'collection_node_collection_content',957,'collection','node','col_content','',0,'0',1,1,1,1,1),(969,'googlesitemap',977,'admin','googlesitemap','set','',11,'1',1,1,1,1,1),(970,'admininfo',10,'admin','admin_manage','init','',0,'1',1,1,1,1,1),(971,'editpwd',970,'admin','admin_manage','public_edit_pwd','',1,'1',1,1,1,1,1),(972,'editinfo',970,'admin','admin_manage','public_edit_info','',0,'1',1,1,1,1,1),(973,'keylink',977,'admin','keylink','init','',12,'1',1,1,1,1,1),(974,'add_keylink',973,'admin','keylink','add','',0,'0',1,1,1,1,1),(975,'content_settings',4,'content','content_settings','init','',0,'1',1,1,1,1,1),(977,'extend_all',7,'admin','extend_all','init','',0,'1',1,1,1,1,1),(978,'urlrule_manage',977,'admin','urlrule','init','',0,'1',1,1,1,1,1),(979,'safe_config',30,'admin','setting','init','&tab=2',11,'1',1,1,1,1,1),(980,'sso_config',30,'admin','setting','init','&tab=3',12,'1',1,1,1,1,1),(981,'email_config',30,'admin','setting','init','&tab=4',13,'1',1,1,1,1,1),(982,'module_manage',82,'admin','module','init','',0,'1',1,1,1,1,1),(983,'ipbanned',977,'admin','ipbanned','init','',0,'1',1,1,1,1,1),(984,'add_ipbanned',983,'admin','ipbanned','add','',0,'0',1,1,1,1,1),(989,'downsites',977,'admin','downservers','init','',0,'1',1,1,1,1,1),(990,'col_url_list',957,'collection','node','col_url_list','',0,'0',1,1,1,1,1),(991,'copy_node',957,'collection','node','copy','',0,'0',1,1,1,1,1),(992,'content_del',957,'collection','node','content_del','',0,'0',1,1,1,1,1),(993,'collection_content_import',957,'collection','node','import','',0,'0',1,1,1,1,1),(994,'import_program_add',957,'collection','node','import_program_add','',0,'0',1,1,1,1,1),(995,'import_program_del',957,'collection','node','import_program_del','',0,'0',1,1,1,1,1),(996,'import_content',957,'collection','node','import_content','',0,'0',1,1,1,1,1),(997,'log',977,'admin','log','init','',0,'1',1,1,1,1,1),(998,'add_page',43,'admin','category','add','s=1',2,'1',1,1,1,1,1),(999,'add_cat_link',43,'admin','category','add','s=2',2,'1',1,1,1,1,1),(1000,'count_items',43,'admin','category','count_items','',5,'1',1,1,1,1,1),(1001,'cache_all',977,'admin','cache_all','init','',0,'1',1,1,1,1,1),(1002,'create_list_html',873,'content','create_html','category','',0,'1',1,1,1,1,1),(1003,'create_html_quick',10,'content','create_html_opt','index','',0,'1',1,1,1,1,1),(1004,'create_index',1003,'content','create_html','public_index','',0,'1',1,1,1,1,1),(1005,'scan',977,'scan','index','init','',0,'1',1,1,1,1,1),(1006,'scan_report',1005,'scan','index','scan_report','',0,'1',1,1,1,1,1),(1007,'md5_creat',1005,'scan','index','md5_creat','',0,'1',1,1,1,1,1),(1008,'album_import',868,'special','album','import','',0,'1',1,1,1,1,1),(1011,'edit_content',822,'content','content','edit','',0,'0',1,1,1,1,1),(1012,'push_to_special',822,'content','push','init','',0,'0',1,1,1,1,1),(1023,'delete_log',997,'admin','log','delete','',0,'0',1,1,1,1,1),(1024,'delete_ip',983,'admin','ipbanned','delete','',0,'0',1,1,1,1,1),(1026,'delete_keylink',973,'admin','keylink','delete','',0,'0',1,1,1,1,1),(1027,'edit_keylink',973,'admin','keylink','edit','',0,'0',1,1,1,1,1),(1034,'operation_pass',74,'member','member_verify','pass','',0,'0',1,1,1,1,1),(1035,'operation_delete',74,'member','member_verify','delete','',0,'0',1,1,1,1,1),(1038,'settingsave',30,'admin','setting','save','',0,'0',1,1,1,1,1),(1039,'operation_ignore',74,'member','member_verify','ignore','',0,'0',1,1,1,1,1),(1040,'admin_edit',54,'admin','admin_manage','edit','',0,'0',1,1,1,1,1),(1041,'operation_reject',74,'member','member_verify','reject','',0,'0',1,1,1,1,1),(1042,'admin_delete',54,'admin','admin_manage','delete','',0,'0',1,1,1,1,1),(1043,'card',54,'admin','admin_manage','card','',0,'0',1,1,1,1,1),(1044,'creat_card',54,'admin','admin_manage','creat_card','',0,'0',1,1,1,1,1),(1045,'remove_card',54,'admin','admin_manage','remove_card','',0,'0',1,1,1,1,1),(1048,'member_edit',72,'member','member','edit','',0,'0',1,1,1,1,1),(1049,'member_group_edit',812,'member','member_group','edit','',0,'0',1,1,1,1,1),(1050,'role_edit',50,'admin','role','edit','',0,'0',1,1,1,1,1),(1051,'member_group_delete',812,'member','member_group','delete','',0,'0',1,1,1,1,1),(1052,'member_manage',50,'admin','role','member_manage','',0,'0',1,1,1,1,1),(1053,'role_delete',50,'admin','role','delete','',0,'0',1,1,1,1,1),(1054,'member_model_export',77,'member','member_model','export','',0,'0',1,1,1,1,1),(1055,'member_model_sort',77,'member','member_model','sort','',0,'0',1,1,1,1,1),(1056,'member_model_move',77,'member','member_model','move','',0,'0',1,1,1,1,1),(1057,'payment_add',897,'pay','payment','add','',0,'0',1,1,1,1,1),(1058,'payment_delete',897,'pay','payment','delete','',0,'0',1,1,1,1,1),(1059,'payment_edit',897,'pay','payment','edit','',0,'0',1,1,1,1,1),(1060,'spend_record',896,'pay','spend','init','',0,'1',1,1,1,1,1),(1061,'pay_stat',896,'pay','payment','pay_stat','',0,'1',1,1,1,1,1),(1062,'fields_manage',59,'content','sitemodel_field','init','',0,'0',1,1,1,1,1),(1063,'edit_model_content',59,'content','sitemodel','edit','',0,'0',1,1,1,1,1),(1064,'disabled_model',59,'content','sitemodel','disabled','',0,'0',1,1,1,1,1),(1065,'delete_model',59,'content','sitemodel','delete','',0,'0',1,1,1,1,1),(1066,'export_model',59,'content','sitemodel','export','',0,'0',1,1,1,1,1),(1067,'delete',874,'content','type_manage','delete','',0,'0',1,1,1,1,1),(1068,'edit',874,'content','type_manage','edit','',0,'0',1,1,1,1,1),(1069,'add_urlrule',978,'admin','urlrule','add','',0,'0',1,1,1,1,1),(1070,'edit_urlrule',978,'admin','urlrule','edit','',0,'0',1,1,1,1,1),(1071,'delete_urlrule',978,'admin','urlrule','delete','',0,'0',1,1,1,1,1),(1072,'edit_menu',31,'admin','menu','edit','',0,'0',1,1,1,1,1),(1073,'delete_menu',31,'admin','menu','delete','',0,'0',1,1,1,1,1),(1074,'edit_workflow',885,'content','workflow','edit','',0,'0',1,1,1,1,1),(1075,'delete_workflow',885,'content','workflow','delete','',0,'0',1,1,1,1,1),(1076,'creat_html',868,'special','special','html','',0,'1',1,1,1,1,1),(1093,'connect_config',30,'admin','setting','init','&tab=5',14,'1',1,1,1,1,1),(1102,'view_modelinfo',74,'member','member_verify','modelinfo','',0,'0',1,1,1,1,1),(1202,'create_special_list',868,'special','special','create_special_list','',0,'1',1,1,1,1,1),(1239,'copyfrom_manage',977,'admin','copyfrom','init','',0,'1',1,1,1,1,1),(1240,'view_memberlinfo',72,'member','member','memberinfo','',0,'0',1,1,1,1,1),(1241,'move_content',822,'content','content','remove','',0,'0',1,1,1,1,1),(1242,'poster_template',56,'poster','space','poster_template','',0,'1',1,1,1,1,1),(1243,'create_index',873,'content','create_html','public_index','',0,'1',1,1,1,1,1),(1244,'add_othors',822,'content','content','add_othors','',0,'1',1,1,1,1,1),(1295,'attachment_manager_dir',857,'attachment','manage','dir','',2,'1',1,1,1,1,1),(1296,'attachment_manager_db',857,'attachment','manage','init','',1,'1',1,1,1,1,1),(1346,'attachment_address_replace',857,'attachment','address','init','',3,'1',1,1,1,1,1),(1347,'attachment_address_update',857,'attachment','address','update','',0,'0',1,1,1,1,1),(1348,'delete_content',822,'content','content','delete','',0,'1',1,1,1,1,1),(1349,'member_menu_manage',977,'member','member_menu','manage','',0,'1',1,1,1,1,1),(1350,'member_menu_add',1349,'member','member_menu','add','',0,'1',1,1,1,1,1),(1351,'member_menu_edit',1349,'member','member_menu','edit','',0,'0',1,1,1,1,1),(1352,'member_menu_delete',1349,'member','member_menu','delete','',0,'0',1,1,1,1,1),(1353,'batch_show',822,'content','create_html','batch_show','',0,'1',1,1,1,1,1),(1354,'pay_delete',898,'pay','payment','pay_del','',0,'0',1,1,1,1,1),(1355,'pay_cancel',898,'pay','payment','pay_cancel','',0,'0',1,1,1,1,1),(1356,'discount',898,'pay','payment','discount','',0,'0',1,1,1,1,1),(1360,'category_batch_edit',43,'admin','category','batch_edit','',6,'1',1,1,1,1,1),(1500,'listorder',822,'content','content','listorder','',0,'0',1,1,1,1,1),(1501,'a_clean_data',873,'content','content','clear_data','',0,'1',0,0,0,0,0),(1502,'announce',29,'announce','admin_announce','init','s=1',0,'1',1,1,1,1,1),(1503,'announce_add',1502,'announce','admin_announce','add','',0,'0',1,1,1,1,1),(1504,'edit_announce',1502,'announce','admin_announce','edit','s=1',0,'0',1,1,1,1,1),(1505,'check_announce',1502,'announce','admin_announce','init','s=2',0,'1',1,1,1,1,1),(1506,'overdue',1502,'announce','admin_announce','init','s=3',0,'1',1,1,1,1,1),(1507,'del_announce',1502,'announce','admin_announce','delete','',0,'0',1,1,1,1,1),(1508,'comment',29,'comment','comment_admin','init','',0,'1',1,1,1,1,1),(1509,'comment_manage',821,'comment','comment_admin','listinfo','',0,'1',1,1,1,1,1),(1510,'comment_check',1509,'comment','check','checks','',0,'1',1,1,1,1,1),(1511,'comment_list',1508,'comment','comment_admin','lists','',0,'0',1,1,1,1,1),(1512,'link',29,'link','link','init','',0,'1',1,1,1,1,1),(1513,'add_link',1512,'link','link','add','',0,'0',1,1,1,1,1),(1514,'edit_link',1512,'link','link','edit','',0,'0',1,1,1,1,1),(1515,'delete_link',1512,'link','link','delete','',0,'0',1,1,1,1,1),(1516,'link_setting',1512,'link','link','setting','',0,'1',1,1,1,1,1),(1517,'add_type',1512,'link','link','add_type','',0,'1',1,1,1,1,1),(1518,'list_type',1512,'link','link','list_type','',0,'1',1,1,1,1,1),(1519,'check_register',1512,'link','link','check_register','',0,'1',1,1,1,1,1),(1520,'vote',29,'vote','vote','init','',0,'1',1,1,1,1,1),(1521,'add_vote',1520,'vote','vote','add','',0,'0',1,1,1,1,1),(1522,'edit_vote',1520,'vote','vote','edit','',0,'0',1,1,1,1,1),(1523,'delete_vote',1520,'vote','vote','delete','',0,'0',1,1,1,1,1),(1524,'vote_setting',1520,'vote','vote','setting','',0,'1',1,1,1,1,1),(1525,'statistics_vote',1520,'vote','vote','statistics','',0,'0',1,1,1,1,1),(1526,'statistics_userlist',1520,'vote','vote','statistics_userlist','',0,'0',1,1,1,1,1),(1527,'create_js',1520,'vote','vote','create_js','',0,'1',1,1,1,1,1),(1528,'message',29,'message','message','init','',0,'1',1,1,1,1,1),(1529,'send_one',1528,'message','message','send_one','',0,'1',1,1,1,1,1),(1530,'delete_message',1528,'message','message','delete','',0,'0',1,1,1,1,1),(1531,'message_send',1528,'message','message','message_send','',0,'0',1,1,1,1,1),(1532,'message_group_manage',1528,'message','message','message_group_manage','',0,'1',1,1,1,1,1),(1533,'mood',29,'mood','mood_admin','init','',0,'1',1,1,1,1,1),(1534,'mood_setting',1533,'mood','mood_admin','setting','',0,'1',1,1,1,1,1),(1535,'poster',29,'poster','space','init','',0,'1',1,1,1,1,1),(1536,'add_space',1535,'poster','space','add','',0,'0',1,1,1,1,1),(1537,'edit_space',1535,'poster','space','edit','',0,'0',1,1,1,1,1),(1538,'del_space',1535,'poster','space','delete','',0,'0',1,1,1,1,1),(1539,'poster_list',1535,'poster','poster','init','',0,'0',1,1,1,1,1),(1540,'add_poster',1535,'poster','poster','add','',0,'0',1,1,1,1,1),(1541,'edit_poster',1535,'poster','poster','edit','',0,'0',1,1,1,1,1),(1542,'del_poster',1535,'poster','poster','delete','',0,'0',1,1,1,1,1),(1543,'poster_stat',1535,'poster','poster','stat','',0,'0',1,1,1,1,1),(1544,'poster_setting',1535,'poster','space','setting','',0,'0',1,1,1,1,1),(1545,'create_poster_js',1535,'poster','space','create_js','',0,'1',1,1,1,1,1),(1546,'poster_template',1535,'poster','space','poster_template','',0,'1',1,1,1,1,1),(1547,'formguide',29,'formguide','formguide','init','',0,'1',1,1,1,1,1),(1548,'formguide_add',1547,'formguide','formguide','add','',0,'0',1,1,1,1,1),(1549,'formguide_edit',1547,'formguide','formguide','edit','',0,'0',1,1,1,1,1),(1550,'form_info_list',1547,'formguide','formguide_info','init','',0,'0',1,1,1,1,1),(1551,'formguide_disabled',1547,'formguide','formguide','disabled','',0,'0',1,1,1,1,1),(1552,'formguide_delete',1547,'formguide','formguide','delete','',0,'0',1,1,1,1,1),(1553,'formguide_stat',1547,'formguide','formguide','stat','',0,'0',1,1,1,1,1),(1554,'add_public_field',1547,'formguide','formguide_field','add','',0,'1',1,1,1,1,1),(1555,'list_public_field',1547,'formguide','formguide_field','init','',0,'1',1,1,1,1,1),(1556,'module_setting',1547,'formguide','formguide','setting','',0,'0',1,1,1,1,1),(1557,'wap',29,'wap','wap_admin','init','',0,'1',1,1,1,1,1),(1558,'wap_add',1557,'wap','wap_admin','add','',0,'0',1,1,1,1,1),(1559,'wap_edit',1557,'wap','wap_admin','edit','',0,'0',1,1,1,1,1),(1560,'wap_delete',1557,'wap','wap_admin','delete','',0,'0',1,1,1,1,1),(1561,'wap_type_manage',1557,'wap','wap_admin','type_manage','',0,'0',1,1,1,1,1),(1562,'wap_type_edit',1557,'wap','wap_admin','type_edit','',0,'0',1,1,1,1,1),(1563,'wap_type_delete',1557,'wap','wap_admin','type_delete','',0,'0',1,1,1,1,1),(1564,'upgrade',977,'upgrade','index','init','',0,'1',1,1,1,1,1),(1565,'checkfile',1564,'upgrade','index','checkfile','',0,'1',1,1,1,1,1),(1566,'tag',826,'tag','tag','init','',0,'1',1,1,1,1,1),(1567,'add_tag',1566,'tag','tag','add','',0,'0',1,1,1,1,1),(1568,'edit_tag',1566,'tag','tag','edit','',0,'0',1,1,1,1,1),(1569,'delete_tag',1566,'tag','tag','del','',0,'0',1,1,1,1,1),(1570,'tag_lists',1566,'tag','tag','lists','',0,'0',1,1,1,1,1),(1571,'sms',29,'sms','sms','init','',0,'1',1,1,1,1,1),(1572,'sms_setting',1571,'sms','sms','sms_setting','',0,'1',1,1,1,1,1),(1573,'sms_pay_history',1571,'sms','sms','sms_pay_history','',0,'1',1,1,1,1,1),(1574,'sms_buy_history',1571,'sms','sms','sms_buy_history','',0,'1',1,1,1,1,1),(1575,'sms_api',1571,'sms','sms','sms_api','',0,'1',1,1,1,1,1),(1576,'sms_sent',1571,'sms','sms','sms_sent','',0,'1',1,1,1,1,1);
/*!40000 ALTER TABLE `ly_menu` ENABLE KEYS */;

#
# Structure for table "ly_message"
#

DROP TABLE IF EXISTS `ly_message`;
CREATE TABLE `ly_message` (
  `messageid` int(10) unsigned NOT NULL AUTO_INCREMENT,
  `send_from_id` char(30) NOT NULL DEFAULT '0',
  `send_to_id` char(30) NOT NULL DEFAULT '0',
  `folder` enum('all','inbox','outbox') NOT NULL,
  `status` tinyint(1) unsigned NOT NULL DEFAULT '0',
  `message_time` int(10) unsigned NOT NULL DEFAULT '0',
  `subject` char(80) DEFAULT NULL,
  `content` text NOT NULL,
  `replyid` int(10) unsigned NOT NULL DEFAULT '0',
  `del_type` tinyint(1) unsigned DEFAULT '0',
  PRIMARY KEY (`messageid`),
  KEY `msgtoid` (`send_to_id`,`folder`),
  KEY `replyid` (`replyid`),
  KEY `folder` (`send_from_id`,`folder`)
) ENGINE=MyISAM DEFAULT CHARSET=utf8;

#
# Data for table "ly_message"
#


#
# Structure for table "ly_message_data"
#

DROP TABLE IF EXISTS `ly_message_data`;
CREATE TABLE `ly_message_data` (
  `id` int(4) NOT NULL AUTO_INCREMENT,
  `userid` mediumint(8) NOT NULL,
  `group_message_id` int(5) NOT NULL,
  PRIMARY KEY (`id`),
  KEY `message` (`userid`,`group_message_id`)
) ENGINE=MyISAM DEFAULT CHARSET=utf8;

#
# Data for table "ly_message_data"
#


#
# Structure for table "ly_message_group"
#

DROP TABLE IF EXISTS `ly_message_group`;
CREATE TABLE `ly_message_group` (
  `id` smallint(5) unsigned NOT NULL AUTO_INCREMENT,
  `typeid` smallint(5) unsigned NOT NULL DEFAULT '0',
  `groupid` tinyint(4) unsigned NOT NULL DEFAULT '0' COMMENT '用户组id',
  `subject` char(80) DEFAULT NULL,
  `content` text NOT NULL COMMENT '内容',
  `inputtime` int(10) unsigned DEFAULT '0',
  `status` tinyint(2) unsigned DEFAULT '1',
  PRIMARY KEY (`id`)
) ENGINE=MyISAM DEFAULT CHARSET=utf8;

#
# Data for table "ly_message_group"
#


#
# Structure for table "ly_model"
#

DROP TABLE IF EXISTS `ly_model`;
CREATE TABLE `ly_model` (
  `modelid` smallint(5) unsigned NOT NULL AUTO_INCREMENT,
  `siteid` smallint(5) unsigned NOT NULL DEFAULT '0',
  `name` char(30) NOT NULL,
  `description` char(100) NOT NULL,
  `tablename` char(20) NOT NULL,
  `setting` text NOT NULL,
  `addtime` int(10) unsigned NOT NULL DEFAULT '0',
  `items` smallint(5) unsigned NOT NULL DEFAULT '0',
  `enablesearch` tinyint(1) unsigned NOT NULL DEFAULT '1',
  `disabled` tinyint(1) unsigned NOT NULL DEFAULT '0',
  `default_style` char(30) NOT NULL,
  `category_template` char(30) NOT NULL,
  `list_template` char(30) NOT NULL,
  `show_template` char(30) NOT NULL,
  `js_template` varchar(30) NOT NULL,
  `admin_list_template` char(30) NOT NULL,
  `member_add_template` varchar(30) NOT NULL,
  `member_list_template` varchar(30) NOT NULL,
  `sort` tinyint(3) NOT NULL,
  `type` tinyint(1) NOT NULL,
  PRIMARY KEY (`modelid`),
  KEY `type` (`type`,`siteid`)
) ENGINE=MyISAM AUTO_INCREMENT=12 DEFAULT CHARSET=utf8;

#
# Data for table "ly_model"
#

/*!40000 ALTER TABLE `ly_model` DISABLE KEYS */;
INSERT INTO `ly_model` VALUES (1,1,'文章模型','','news','',0,0,1,0,'default','category','list','show','','','','',0,0),(2,1,'下载模型','','download','',0,0,1,0,'default','category_download','list_download','show_download','','','','',0,0),(3,1,'图片模型','','picture','',0,0,1,0,'default','category_picture','list_picture','show_picture','','','','',0,0),(10,1,'普通会员','普通会员','member_detail','',0,0,1,0,'','','','','','','','',0,2),(11,1,'视频模型','','video','',0,0,1,0,'default','category_video','list_video','show_video','','','','',0,0);
/*!40000 ALTER TABLE `ly_model` ENABLE KEYS */;

#
# Structure for table "ly_model_field"
#

DROP TABLE IF EXISTS `ly_model_field`;
CREATE TABLE `ly_model_field` (
  `fieldid` mediumint(8) unsigned NOT NULL AUTO_INCREMENT,
  `modelid` smallint(5) unsigned NOT NULL DEFAULT '0',
  `siteid` smallint(5) unsigned NOT NULL DEFAULT '0',
  `field` varchar(20) NOT NULL,
  `name` varchar(30) NOT NULL,
  `tips` text NOT NULL,
  `css` varchar(30) NOT NULL,
  `minlength` int(10) unsigned NOT NULL DEFAULT '0',
  `maxlength` int(10) unsigned NOT NULL DEFAULT '0',
  `pattern` varchar(255) NOT NULL,
  `errortips` varchar(255) NOT NULL,
  `formtype` varchar(20) NOT NULL,
  `setting` mediumtext NOT NULL,
  `formattribute` varchar(255) NOT NULL,
  `unsetgroupids` varchar(255) NOT NULL,
  `unsetroleids` varchar(255) NOT NULL,
  `iscore` tinyint(1) unsigned NOT NULL DEFAULT '0',
  `issystem` tinyint(1) unsigned NOT NULL DEFAULT '0',
  `isunique` tinyint(1) unsigned NOT NULL DEFAULT '0',
  `isbase` tinyint(1) unsigned NOT NULL DEFAULT '0',
  `issearch` tinyint(1) unsigned NOT NULL DEFAULT '0',
  `isadd` tinyint(1) unsigned NOT NULL DEFAULT '0',
  `isfulltext` tinyint(1) unsigned NOT NULL DEFAULT '0',
  `isposition` tinyint(1) unsigned NOT NULL DEFAULT '0',
  `listorder` mediumint(8) unsigned NOT NULL DEFAULT '0',
  `disabled` tinyint(1) unsigned NOT NULL DEFAULT '0',
  `isomnipotent` tinyint(1) unsigned NOT NULL DEFAULT '0',
  PRIMARY KEY (`fieldid`),
  KEY `modelid` (`modelid`,`disabled`),
  KEY `field` (`field`,`modelid`)
) ENGINE=MyISAM AUTO_INCREMENT=108 DEFAULT CHARSET=utf8;

#
# Data for table "ly_model_field"
#

/*!40000 ALTER TABLE `ly_model_field` DISABLE KEYS */;
INSERT INTO `ly_model_field` VALUES (1,1,1,'catid','栏目','','',1,6,'/^[0-9]{1,6}$/','请选择栏目','catid','array (\n  \'defaultvalue\' => \'\',\n)','','-99','-99',0,1,0,1,1,1,0,0,1,0,0),(2,1,1,'typeid','类别','','',0,0,'','','typeid','array (\n  \'minnumber\' => \'\',\n  \'defaultvalue\' => \'\',\n)','','','',0,1,0,1,1,1,0,0,2,0,0),(3,1,1,'title','标题','','inputtitle',1,80,'','请输入标题','title','','','','',0,1,0,1,1,1,1,1,4,0,0),(4,1,1,'thumb','缩略图','','',0,100,'','','image','array (\n  \'size\' => \'50\',\n  \'defaultvalue\' => \'\',\n  \'show_type\' => \'1\',\n  \'upload_maxsize\' => \'1024\',\n  \'upload_allowext\' => \'jpg|jpeg|gif|png|bmp\',\n  \'watermark\' => \'0\',\n  \'isselectimage\' => \'1\',\n  \'images_width\' => \'\',\n  \'images_height\' => \'\',\n)','','','',0,1,0,0,0,1,0,1,14,0,0),(5,1,1,'keywords','关键词','多关键词之间用空格或者“,”隔开','',0,40,'','','keyword','array (\r\n  \'size\' => \'100\',\r\n  \'defaultvalue\' => \'\',\r\n)','','-99','-99',0,1,0,1,1,1,1,0,7,0,0),(6,1,1,'description','摘要','','',0,255,'','','textarea','array (\r\n  \'width\' => \'98\',\r\n  \'height\' => \'46\',\r\n  \'defaultvalue\' => \'\',\r\n  \'enablehtml\' => \'0\',\r\n)','','','',0,1,0,1,0,1,1,1,10,0,0),(7,1,1,'updatetime','更新时间','','',0,0,'','','datetime','array (\r\n  \'dateformat\' => \'int\',\r\n  \'format\' => \'Y-m-d H:i:s\',\r\n  \'defaulttype\' => \'1\',\r\n  \'defaultvalue\' => \'\',\r\n)','','','',1,1,0,1,0,0,0,0,12,0,0),(8,1,1,'content','内容','<div class=\"content_attr\"><label><input name=\"add_introduce\" type=\"checkbox\"  value=\"1\" checked>是否截取内容</label><input type=\"text\" name=\"introcude_length\" value=\"200\" size=\"3\">字符至内容摘要\r\n<label><input type=\'checkbox\' name=\'auto_thumb\' value=\"1\" checked>是否获取内容第</label><input type=\"text\" name=\"auto_thumb_no\" value=\"1\" size=\"2\" class=\"\">张图片作为标题图片\r\n</div>','',1,999999,'','内容不能为空','editor','array (\n  \'toolbar\' => \'full\',\n  \'defaultvalue\' => \'\',\n  \'enablekeylink\' => \'1\',\n  \'replacenum\' => \'2\',\n  \'link_mode\' => \'0\',\n  \'enablesaveimage\' => \'1\',\n)','','','',0,0,0,1,0,1,1,0,13,0,0),(9,1,1,'voteid','添加投票','','',0,0,'','','omnipotent','array (\n  \'formtext\' => \'<input type=\\\'text\\\' name=\\\'info[voteid]\\\' id=\\\'voteid\\\' value=\\\'{FIELD_VALUE}\\\' size=\\\'3\\\'> \r\n<input type=\\\'button\\\' value=\"选择已有投票\" onclick=\"omnipotent(\\\'selectid\\\',\\\'?m=vote&c=vote&a=public_get_votelist&from_api=1\\\',\\\'选择已有投票\\\')\" class=\"button\">\r\n<input type=\\\'button\\\' value=\"新增投票\" onclick=\"omnipotent(\\\'addvote\\\',\\\'?m=vote&c=vote&a=add&from_api=1\\\',\\\'添加投票\\\',0)\" class=\"button\">\',\n  \'fieldtype\' => \'mediumint\',\n  \'minnumber\' => \'1\',\n)','','','',0,0,0,1,0,0,1,0,21,0,0),(10,1,1,'pages','分页方式','','',0,0,'','','pages','','','-99','-99',0,0,0,1,0,0,0,0,16,0,0),(11,1,1,'inputtime','发布时间','','',0,0,'','','datetime','array (\n  \'fieldtype\' => \'int\',\n  \'format\' => \'Y-m-d H:i:s\',\n  \'defaulttype\' => \'0\',\n)','','','',0,1,0,0,0,0,0,1,17,0,0),(12,1,1,'posids','推荐位','','',0,0,'','','posid','array (\n  \'cols\' => \'4\',\n  \'width\' => \'125\',\n)','','','',0,1,0,1,0,0,0,0,18,0,0),(13,1,1,'url','URL','','',0,100,'','','text','','','','',1,1,0,1,0,0,0,0,50,0,0),(14,1,1,'listorder','排序','','',0,6,'','','number','','','','',1,1,0,1,0,0,0,0,51,0,0),(15,1,1,'status','状态','','',0,2,'','','box','','','','',1,1,0,1,0,0,0,0,55,0,0),(16,1,1,'template','内容页模板','','',0,30,'','','template','array (\n  \'size\' => \'\',\n  \'defaultvalue\' => \'\',\n)','','-99','-99',0,0,0,0,0,0,0,0,53,0,0),(17,1,1,'groupids_view','阅读权限','','',0,0,'','','groupid','array (\n  \'groupids\' => \'\',\n)','','','',0,0,0,1,0,0,0,0,19,0,0),(18,1,1,'readpoint','阅读收费','','',0,5,'','','readpoint','array (\n  \'minnumber\' => \'1\',\n  \'maxnumber\' => \'99999\',\n  \'decimaldigits\' => \'0\',\n  \'defaultvalue\' => \'\',\n)','','-99','-99',0,0,0,0,0,0,0,0,55,0,0),(19,1,1,'relation','相关文章','','',0,0,'','','omnipotent','array (\n  \'formtext\' => \'<input type=\\\'hidden\\\' name=\\\'info[relation]\\\' id=\\\'relation\\\' value=\\\'{FIELD_VALUE}\\\' style=\\\'50\\\' >\r\n<ul class=\"list-dot\" id=\"relation_text\"></ul>\r\n<div>\r\n<input type=\\\'button\\\' value=\"添加相关\" onclick=\"omnipotent(\\\'selectid\\\',\\\'?m=content&c=content&a=public_relationlist&modelid={MODELID}\\\',\\\'添加相关文章\\\',1)\" class=\"button\" style=\"width:66px;\">\r\n<span class=\"edit_content\">\r\n<input type=\\\'button\\\' value=\"显示已有\" onclick=\"show_relation({MODELID},{ID})\" class=\"button\" style=\"width:66px;\">\r\n</span>\r\n</div>\',\n  \'fieldtype\' => \'varchar\',\n  \'minnumber\' => \'1\',\n)','','2,6,4,5,1,17,18,7','',0,0,0,0,0,0,1,0,15,0,0),(20,1,1,'allow_comment','允许评论','','',0,0,'','','box','array (\n  \'options\' => \'允许评论|1\r\n不允许评论|0\',\n  \'boxtype\' => \'radio\',\n  \'fieldtype\' => \'tinyint\',\n  \'minnumber\' => \'1\',\n  \'width\' => \'88\',\n  \'size\' => \'1\',\n  \'defaultvalue\' => \'1\',\n  \'outputtype\' => \'1\',\n  \'filtertype\' => \'0\',\n)','','','',0,0,0,0,0,0,0,0,54,0,0),(21,1,1,'copyfrom','来源','','',0,100,'','','copyfrom','array (\n  \'defaultvalue\' => \'\',\n)','','','',0,0,0,1,0,1,0,0,8,0,0),(22,2,1,'catid','栏目','','',1,6,'/^[0-9]{1,6}$/','请选择栏目','catid','array (\n  \'defaultvalue\' => \'\',\n)','','-99','-99',0,1,0,1,1,1,0,0,1,0,0),(23,2,1,'typeid','类别','','',0,0,'','','typeid','array (\n  \'minnumber\' => \'\',\n  \'defaultvalue\' => \'\',\n)','','','',0,1,0,1,1,1,0,0,2,1,0),(24,2,1,'title','标题','','inputtitle',1,80,'','请输入标题','title','','','','',0,1,0,1,1,1,1,1,4,0,0),(25,2,1,'keywords','关键词','多关键词之间用空格或者“,”隔开','',0,40,'','','keyword','array (\r\n  \'size\' => \'100\',\r\n  \'defaultvalue\' => \'\',\r\n)','','-99','-99',0,1,0,1,1,1,1,0,7,0,0),(26,2,1,'description','摘要','','',0,255,'','','textarea','array (\r\n  \'width\' => \'98\',\r\n  \'height\' => \'46\',\r\n  \'defaultvalue\' => \'\',\r\n  \'enablehtml\' => \'0\',\r\n)','','','',0,1,0,1,0,1,1,1,10,0,0),(27,2,1,'updatetime','更新时间','','',0,0,'','','datetime','array (\r\n  \'dateformat\' => \'int\',\r\n  \'format\' => \'Y-m-d H:i:s\',\r\n  \'defaulttype\' => \'1\',\r\n  \'defaultvalue\' => \'\',\r\n)','','','',1,1,0,1,0,0,0,0,12,0,0),(28,2,1,'content','内容','<div class=\"content_attr\"><label><input name=\"add_introduce\" type=\"checkbox\"  value=\"1\" checked>是否截取内容</label><input type=\"text\" name=\"introcude_length\" value=\"200\" size=\"3\">字符至内容摘要\r\n<label><input type=\'checkbox\' name=\'auto_thumb\' value=\"1\" checked>是否获取内容第</label><input type=\"text\" name=\"auto_thumb_no\" value=\"1\" size=\"2\" class=\"\">张图片作为标题图片\r\n</div>','',1,999999,'','内容不能为空','editor','array (\n  \'toolbar\' => \'full\',\n  \'defaultvalue\' => \'\',\n  \'enablekeylink\' => \'1\',\n  \'replacenum\' => \'2\',\n  \'link_mode\' => \'0\',\n  \'enablesaveimage\' => \'1\',\n  \'height\' => \'\',\n  \'disabled_page\' => \'1\',\n)','','','',0,0,0,1,0,1,1,0,13,0,0),(29,2,1,'thumb','缩略图','','',0,100,'','','image','array (\n  \'size\' => \'50\',\n  \'defaultvalue\' => \'\',\n  \'show_type\' => \'1\',\n  \'upload_maxsize\' => \'1024\',\n  \'upload_allowext\' => \'jpg|jpeg|gif|png|bmp\',\n  \'watermark\' => \'0\',\n  \'isselectimage\' => \'1\',\n  \'images_width\' => \'\',\n  \'images_height\' => \'\',\n)','','','',0,1,0,0,0,1,0,1,14,0,0),(30,2,1,'relation','相关文章','','',0,0,'','','omnipotent','array (\n  \'formtext\' => \'<input type=\\\'hidden\\\' name=\\\'info[relation]\\\' id=\\\'relation\\\' value=\\\'{FIELD_VALUE}\\\' style=\\\'50\\\' >\r\n<ul class=\"list-dot\" id=\"relation_text\"></ul>\r\n<div>\r\n<input type=\\\'button\\\' value=\"添加相关\" onclick=\"omnipotent(\\\'selectid\\\',\\\'?m=content&c=content&a=public_relationlist&modelid={MODELID}\\\',\\\'添加相关文章\\\',1)\" class=\"button\" style=\"width:66px;\">\r\n<span class=\"edit_content\">\r\n<input type=\\\'button\\\' value=\"显示已有\" onclick=\"show_relation({MODELID},{ID})\" class=\"button\" style=\"width:66px;\">\r\n</span>\r\n</div>\',\n  \'fieldtype\' => \'varchar\',\n  \'minnumber\' => \'1\',\n)','','2,6,4,5,1,17,18,7','',0,0,0,0,0,0,1,0,15,0,0),(31,2,1,'pages','分页方式','','',0,0,'','','pages','','','-99','-99',0,0,0,1,0,0,0,0,16,1,0),(32,2,1,'inputtime','发布时间','','',0,0,'','','datetime','array (\n  \'fieldtype\' => \'int\',\n  \'format\' => \'Y-m-d H:i:s\',\n  \'defaulttype\' => \'0\',\n)','','','',0,1,0,0,0,0,0,1,17,0,0),(33,2,1,'posids','推荐位','','',0,0,'','','posid','array (\n  \'cols\' => \'4\',\n  \'width\' => \'125\',\n)','','','',0,1,0,1,0,0,0,0,18,0,0),(34,2,1,'groupids_view','阅读权限','','',0,0,'','','groupid','array (\n  \'groupids\' => \'\',\n)','','','',0,0,0,1,0,0,0,0,19,0,0),(35,2,1,'url','URL','','',0,100,'','','text','','','','',1,1,0,1,0,0,0,0,50,0,0),(36,2,1,'listorder','排序','','',0,6,'','','number','','','','',1,1,0,1,0,0,0,0,51,0,0),(37,2,1,'template','内容页模板','','',0,30,'','','template','array (\n  \'size\' => \'\',\n  \'defaultvalue\' => \'\',\n)','','-99','-99',0,0,0,0,0,0,0,0,53,0,0),(38,2,1,'allow_comment','允许评论','','',0,0,'','','box','array (\n  \'options\' => \'允许评论|1\r\n不允许评论|0\',\n  \'boxtype\' => \'radio\',\n  \'fieldtype\' => \'tinyint\',\n  \'minnumber\' => \'1\',\n  \'width\' => \'88\',\n  \'size\' => \'1\',\n  \'defaultvalue\' => \'1\',\n  \'outputtype\' => \'1\',\n  \'filtertype\' => \'0\',\n)','','','',0,0,0,0,0,0,0,0,54,0,0),(39,2,1,'status','状态','','',0,2,'','','box','','','','',1,1,0,1,0,0,0,0,55,0,0),(40,2,1,'readpoint','阅读收费','','',0,5,'','','readpoint','array (\n  \'minnumber\' => \'1\',\n  \'maxnumber\' => \'99999\',\n  \'decimaldigits\' => \'0\',\n  \'defaultvalue\' => \'\',\n)','','-99','-99',0,0,0,0,0,0,0,0,55,0,0),(41,2,1,'username','用户名','','',0,20,'','','text','','','','',1,1,0,1,0,0,0,0,98,0,0),(42,2,1,'downfiles','本地下载','','',0,0,'','','downfiles','array (\n  \'upload_allowext\' => \'rar|zip\',\n  \'isselectimage\' => \'0\',\n  \'upload_number\' => \'10\',\n  \'downloadlink\' => \'1\',\n  \'downloadtype\' => \'1\',\n)','','','',0,0,0,1,0,1,0,0,8,0,0),(43,2,1,'downfile','镜像下载','','',0,0,'','','downfile','array (\n  \'downloadlink\' => \'1\',\n  \'downloadtype\' => \'1\',\n  \'upload_allowext\' => \'rar|zip\',\n  \'isselectimage\' => \'0\',\n  \'upload_number\' => \'1\',\n)','','','',0,0,0,1,0,1,0,0,9,0,0),(44,2,1,'systems','软件平台','<select name=\'selectSystem\' onchange=\"ChangeInput(this,document.myform.systems,\'/\')\">\r\n\t<option value=\'WinXP\'>WinXP</option>\r\n\t<option value=\'Vista\'>Windows 7</option>\r\n\t<option value=\'Win2000\'>Win2000</option>\r\n\t<option value=\'Win2003\'>Win2003</option>\r\n\t<option value=\'Unix\'>Unix</option>\r\n\t<option value=\'Linux\'>Linux</option>\r\n\t<option value=\'MacOS\'>MacOS</option>\r\n</select>','',0,100,'','','text','array (\n  \'size\' => \'50\',\n  \'defaultvalue\' => \'Win2000/WinXP/Win2003\',\n  \'ispassword\' => \'0\',\n)','','','',0,1,0,1,0,1,1,0,14,0,0),(45,2,1,'copytype','软件授权形式','','',0,15,'','','box','array (\n  \'options\' => \'免费版|免费版\r\n共享版|共享版\r\n试用版|试用版\r\n演示版|演示版\r\n注册版|注册版\r\n破解版|破解版\r\n零售版|零售版\r\nOEM版|OEM版\',\n  \'boxtype\' => \'select\',\n  \'fieldtype\' => \'varchar\',\n  \'minnumber\' => \'1\',\n  \'cols\' => \'5\',\n  \'width\' => \'80\',\n  \'size\' => \'1\',\n  \'default_select_value\' => \'免费版\',\n)','','','',0,1,0,1,0,1,0,0,12,0,0),(46,2,1,'language','软件语言','','',0,16,'','','box','array (\n  \'options\' => \'英文|英文\r\n简体中文|简体中文\r\n繁体中文|繁体中文\r\n简繁中文|简繁中文\r\n多国语言|多国语言\r\n其他语言|其他语言\',\n  \'boxtype\' => \'select\',\n  \'fieldtype\' => \'varchar\',\n  \'minnumber\' => \'1\',\n  \'cols\' => \'5\',\n  \'width\' => \'80\',\n  \'size\' => \'1\',\n  \'default_select_value\' => \'简体中文\',\n)','','','',0,1,0,1,0,1,0,0,13,0,0),(47,2,1,'classtype','软件类型','','',0,20,'','','box','array (\n  \'options\' => \'国产软件|国产软件\r\n国外软件|国外软件\r\n汉化补丁|汉化补丁\r\n程序源码|程序源码\r\n其他|其他\',\n  \'boxtype\' => \'radio\',\n  \'fieldtype\' => \'varchar\',\n  \'minnumber\' => \'1\',\n  \'cols\' => \'5\',\n  \'width\' => \'80\',\n  \'size\' => \'1\',\n  \'default_select_value\' => \'国产软件\',\n)','','','',0,1,0,1,0,1,0,0,17,0,0),(48,2,1,'version','版本号','','',0,20,'','','text','array (\n  \'size\' => \'10\',\n  \'defaultvalue\' => \'\',\n  \'ispassword\' => \'0\',\n)','','','',0,1,0,0,0,1,1,0,13,0,0),(49,2,1,'filesize','文件大小','','',0,10,'','','text','array (\n  \'size\' => \'10\',\n  \'defaultvalue\' => \'未知\',\n  \'ispassword\' => \'0\',\n)','','','',0,1,0,0,0,1,1,0,14,0,0),(50,2,1,'stars','评分等级','','',0,20,'','','box','array (\n  \'options\' => \'★☆☆☆☆|★☆☆☆☆\r\n★★☆☆☆|★★☆☆☆\r\n★★★☆☆|★★★☆☆\r\n★★★★☆|★★★★☆\r\n★★★★★|★★★★★\',\n  \'boxtype\' => \'radio\',\n  \'fieldtype\' => \'varchar\',\n  \'minnumber\' => \'1\',\n  \'cols\' => \'5\',\n  \'width\' => \'88\',\n  \'size\' => \'1\',\n  \'default_select_value\' => \'★★★☆☆\',\n)','','','',0,1,0,1,0,1,0,0,17,0,0),(51,3,1,'allow_comment','允许评论','','',0,0,'','','box','array (\n  \'options\' => \'允许评论|1\r\n不允许评论|0\',\n  \'boxtype\' => \'radio\',\n  \'fieldtype\' => \'tinyint\',\n  \'minnumber\' => \'1\',\n  \'width\' => \'88\',\n  \'size\' => \'1\',\n  \'defaultvalue\' => \'1\',\n  \'outputtype\' => \'1\',\n  \'filtertype\' => \'0\',\n)','','','',0,0,0,0,0,0,0,0,54,0,0),(52,3,1,'template','内容页模板','','',0,30,'','','template','array (\n  \'size\' => \'\',\n  \'defaultvalue\' => \'\',\n)','','-99','-99',0,0,0,0,0,0,0,0,53,0,0),(53,3,1,'url','URL','','',0,100,'','','text','','','','',1,1,0,1,0,0,0,0,50,0,0),(54,3,1,'listorder','排序','','',0,6,'','','number','','','','',1,1,0,1,0,0,0,0,51,0,0),(55,3,1,'posids','推荐位','','',0,0,'','','posid','array (\n  \'cols\' => \'4\',\n  \'width\' => \'125\',\n)','','','',0,1,0,1,0,0,0,0,18,0,0),(56,3,1,'groupids_view','阅读权限','','',0,0,'','','groupid','array (\n  \'groupids\' => \'\',\n)','','','',0,0,0,1,0,0,0,0,19,0,0),(57,3,1,'inputtime','发布时间','','',0,0,'','','datetime','array (\n  \'fieldtype\' => \'int\',\n  \'format\' => \'Y-m-d H:i:s\',\n  \'defaulttype\' => \'0\',\n)','','','',0,1,0,0,0,0,0,1,17,0,0),(58,3,1,'pages','分页方式','','',0,0,'','','pages','','','-99','-99',0,0,0,1,0,0,0,0,16,0,0),(59,3,1,'relation','相关组图','','',0,0,'','','omnipotent','array (\n  \'formtext\' => \'<input type=\\\'hidden\\\' name=\\\'info[relation]\\\' id=\\\'relation\\\' value=\\\'{FIELD_VALUE}\\\' style=\\\'50\\\' >\r\n<ul class=\"list-dot\" id=\"relation_text\"></ul>\r\n<div>\r\n<input type=\\\'button\\\' value=\"添加相关\" onclick=\"omnipotent(\\\'selectid\\\',\\\'?m=content&c=content&a=public_relationlist&modelid={MODELID}\\\',\\\'添加相关文章\\\',1)\" class=\"button\" style=\"width:66px;\">\r\n<span class=\"edit_content\">\r\n<input type=\\\'button\\\' value=\"显示已有\" onclick=\"show_relation({MODELID},{ID})\" class=\"button\" style=\"width:66px;\">\r\n</span>\r\n</div>\',\n  \'fieldtype\' => \'varchar\',\n  \'minnumber\' => \'1\',\n)','','2,6,4,5,1,17,18,7','',0,0,0,0,0,0,1,0,15,0,0),(60,3,1,'thumb','缩略图','','',0,100,'','','image','array (\n  \'size\' => \'50\',\n  \'defaultvalue\' => \'\',\n  \'show_type\' => \'1\',\n  \'upload_maxsize\' => \'1024\',\n  \'upload_allowext\' => \'jpg|jpeg|gif|png|bmp\',\n  \'watermark\' => \'0\',\n  \'isselectimage\' => \'1\',\n  \'images_width\' => \'\',\n  \'images_height\' => \'\',\n)','','','',0,1,0,0,0,1,0,1,14,0,0),(61,3,1,'content','内容','<div class=\"content_attr\"><label><input name=\"add_introduce\" type=\"checkbox\"  value=\"1\" checked>是否截取内容</label><input type=\"text\" name=\"introcude_length\" value=\"200\" size=\"3\">字符至内容摘要\r\n<label><input type=\'checkbox\' name=\'auto_thumb\' value=\"1\" checked>是否获取内容第</label><input type=\"text\" name=\"auto_thumb_no\" value=\"1\" size=\"2\" class=\"\">张图片作为标题图片\r\n</div>','',0,999999,'','','editor','array (\n  \'toolbar\' => \'full\',\n  \'defaultvalue\' => \'\',\n  \'enablekeylink\' => \'1\',\n  \'replacenum\' => \'2\',\n  \'link_mode\' => \'0\',\n  \'enablesaveimage\' => \'1\',\n  \'height\' => \'\',\n  \'disabled_page\' => \'1\',\n)','','','',0,0,0,1,0,1,1,0,13,0,0),(62,3,1,'updatetime','更新时间','','',0,0,'','','datetime','array (\r\n  \'dateformat\' => \'int\',\r\n  \'format\' => \'Y-m-d H:i:s\',\r\n  \'defaulttype\' => \'1\',\r\n  \'defaultvalue\' => \'\',\r\n)','','','',1,1,0,1,0,0,0,0,12,0,0),(63,3,1,'description','摘要','','',0,255,'','','textarea','array (\r\n  \'width\' => \'98\',\r\n  \'height\' => \'46\',\r\n  \'defaultvalue\' => \'\',\r\n  \'enablehtml\' => \'0\',\r\n)','','','',0,1,0,1,0,1,1,1,10,0,0),(64,3,1,'title','标题','','inputtitle',1,80,'','请输入标题','title','','','','',0,1,0,1,1,1,1,1,4,0,0),(65,3,1,'keywords','关键词','多关键词之间用空格或者“,”隔开','',0,40,'','','keyword','array (\r\n  \'size\' => \'100\',\r\n  \'defaultvalue\' => \'\',\r\n)','','-99','-99',0,1,0,1,1,1,1,0,7,0,0),(66,3,1,'typeid','类别','','',0,0,'','','typeid','array (\n  \'minnumber\' => \'\',\n  \'defaultvalue\' => \'\',\n)','','','',0,1,0,1,1,1,0,0,2,0,0),(67,3,1,'catid','栏目','','',1,6,'/^[0-9]{1,6}$/','请选择栏目','catid','array (\n  \'defaultvalue\' => \'\',\n)','','-99','-99',0,1,0,1,1,1,0,0,1,0,0),(68,3,1,'status','状态','','',0,2,'','','box','','','','',1,1,0,1,0,0,0,0,55,0,0),(69,3,1,'readpoint','阅读收费','','',0,5,'','','readpoint','array (\n  \'minnumber\' => \'1\',\n  \'maxnumber\' => \'99999\',\n  \'decimaldigits\' => \'0\',\n  \'defaultvalue\' => \'\',\n)','','-99','-99',0,0,0,0,0,0,0,0,55,0,0),(70,3,1,'username','用户名','','',0,20,'','','text','','','','',1,1,0,1,0,0,0,0,98,0,0),(71,3,1,'pictureurls','组图','','',0,0,'','','images','array (\n  \'upload_allowext\' => \'gif|jpg|jpeg|png|bmp\',\n  \'isselectimage\' => \'1\',\n  \'upload_number\' => \'50\',\n)','','','',0,0,0,1,0,1,0,0,15,0,0),(72,3,1,'copyfrom','来源','','',0,0,'','','copyfrom','array (\n  \'defaultvalue\' => \'\',\n)','','','',0,0,0,1,0,1,0,0,8,0,0),(73,1,1,'islink','转向链接','','',0,0,'','','islink','','','','',0,1,0,0,0,1,0,0,30,0,0),(74,2,1,'islink','转向链接','','',0,0,'','','islink','','','','',0,1,0,0,0,1,0,0,30,0,0),(75,3,1,'islink','转向链接','','',0,0,'','','islink','','','','',0,1,0,0,0,1,0,0,30,0,0),(80,1,1,'username','用户名','','',0,20,'','','text','','','','',1,1,0,1,0,0,0,0,98,0,0),(83,10,1,'birthday','生日','','',0,0,'','生日格式错误','datetime','array (\n  \'fieldtype\' => \'date\',\n  \'format\' => \'Y-m-d\',\n  \'defaulttype\' => \'0\',\n)','','','',0,0,0,0,0,1,1,0,0,0,0),(84,11,1,'catid','栏目','','',1,6,'/^[0-9]{1,6}$/','请选择栏目','catid','array (\n  \'defaultvalue\' => \'\',\n)','','-99','-99',0,1,0,1,1,1,0,0,1,0,0),(85,11,1,'typeid','类别','','',0,0,'','','typeid','array (\n  \'minnumber\' => \'\',\n  \'defaultvalue\' => \'\',\n)','','','',0,1,0,1,1,1,0,0,2,0,0),(86,11,1,'title','标题','','inputtitle',1,80,'','请输入标题','title','array (\n)','','','',0,1,0,1,1,1,1,1,4,0,0),(87,11,1,'keywords','关键词','多关键词之间用空格或者“,”隔开','',0,40,'','','keyword','array (\n  \'size\' => \'100\',\n  \'defaultvalue\' => \'\',\n)','','-99','-99',0,1,0,1,1,1,1,0,7,0,0),(88,11,1,'description','摘要','','',0,255,'','','textarea','array (\n  \'width\' => \'98\',\n  \'height\' => \'46\',\n  \'defaultvalue\' => \'\',\n  \'enablehtml\' => \'0\',\n)','','','',0,1,0,1,0,1,1,1,10,0,0),(89,11,1,'updatetime','更新时间','','',0,0,'','','datetime','array (\n  \'dateformat\' => \'int\',\n  \'format\' => \'Y-m-d H:i:s\',\n  \'defaulttype\' => \'1\',\n  \'defaultvalue\' => \'\',\n)','','','',1,1,0,1,0,0,0,0,12,0,0),(90,11,1,'content','内容','<div class=\"content_attr\"><label><input name=\"add_introduce\" type=\"checkbox\"  value=\"1\" checked>是否截取内容</label><input type=\"text\" name=\"introcude_length\" value=\"200\" size=\"3\">字符至内容摘要\r\n<label><input type=\'checkbox\' name=\'auto_thumb\' value=\"1\" checked>是否获取内容第</label><input type=\"text\" name=\"auto_thumb_no\" value=\"1\" size=\"2\" class=\"\">张图片作为标题图片\r\n</div>','',0,999999,'','内容不能为空','editor','array (\n  \'toolbar\' => \'full\',\n  \'defaultvalue\' => \'\',\n  \'enablekeylink\' => \'1\',\n  \'replacenum\' => \'2\',\n  \'link_mode\' => \'0\',\n  \'enablesaveimage\' => \'1\',\n  \'height\' => \'\',\n  \'disabled_page\' => \'0\',\n)','','','',0,0,0,1,0,1,1,0,13,0,0),(91,11,1,'thumb','缩略图','','',0,100,'','','image','array (\n  \'size\' => \'50\',\n  \'defaultvalue\' => \'\',\n  \'show_type\' => \'1\',\n  \'upload_maxsize\' => \'1024\',\n  \'upload_allowext\' => \'jpg|jpeg|gif|png|bmp\',\n  \'watermark\' => \'0\',\n  \'isselectimage\' => \'1\',\n  \'images_width\' => \'\',\n  \'images_height\' => \'\',\n)','','','',0,1,0,0,0,1,0,1,14,0,0),(92,11,1,'relation','相关文章','','',0,0,'','','omnipotent','array (\n  \'formtext\' => \'<input type=\\\'hidden\\\' name=\\\'info[relation]\\\' id=\\\'relation\\\' value=\\\'{FIELD_VALUE}\\\' style=\\\'50\\\' >\r\n<ul class=\"list-dot\" id=\"relation_text\"></ul>\r\n<div>\r\n<input type=\\\'button\\\' value=\"添加相关\" onclick=\"omnipotent(\\\'selectid\\\',\\\'?m=content&c=content&a=public_relationlist&modelid={MODELID}\\\',\\\'添加相关文章\\\',1)\" class=\"button\" style=\"width:66px;\">\r\n<span class=\"edit_content\">\r\n<input type=\\\'button\\\' value=\"显示已有\" onclick=\"show_relation({MODELID},{ID})\" class=\"button\" style=\"width:66px;\">\r\n</span>\r\n</div>\',\n  \'fieldtype\' => \'varchar\',\n  \'minnumber\' => \'1\',\n)','','2,6,4,5,1,17,18,7','',0,0,0,0,0,0,1,0,15,0,0),(93,11,1,'pages','分页方式','','',0,0,'','','pages','array (\n)','','-99','-99',0,0,0,1,0,0,0,0,16,0,0),(94,11,1,'inputtime','发布时间','','',0,0,'','','datetime','array (\n  \'fieldtype\' => \'int\',\n  \'format\' => \'Y-m-d H:i:s\',\n  \'defaulttype\' => \'0\',\n)','','','',0,1,0,0,0,0,0,1,17,0,0),(95,11,1,'posids','推荐位','','',0,0,'','','posid','array (\n  \'cols\' => \'4\',\n  \'width\' => \'125\',\n)','','','',0,1,0,1,0,0,0,0,18,0,0),(96,11,1,'groupids_view','阅读权限','','',0,100,'','','groupid','array (\n  \'groupids\' => \'\',\n)','','','',0,0,0,1,0,0,0,0,19,0,0),(97,11,1,'url','URL','','',0,100,'','','text','array (\n)','','','',1,1,0,1,0,0,0,0,50,0,0),(98,11,1,'listorder','排序','','',0,6,'','','number','array (\n)','','','',1,1,0,1,0,0,0,0,51,0,0),(99,11,1,'template','内容页模板','','',0,30,'','','template','array (\n  \'size\' => \'\',\n  \'defaultvalue\' => \'\',\n)','','-99','-99',0,0,0,0,0,0,0,0,53,0,0),(100,11,1,'allow_comment','允许评论','','',0,0,'','','box','array (\n  \'options\' => \'允许评论|1\r\n不允许评论|0\',\n  \'boxtype\' => \'radio\',\n  \'fieldtype\' => \'tinyint\',\n  \'minnumber\' => \'1\',\n  \'width\' => \'88\',\n  \'size\' => \'1\',\n  \'defaultvalue\' => \'1\',\n  \'outputtype\' => \'0\',\n)','','','',0,0,0,0,0,0,0,0,54,0,0),(101,11,1,'status','状态','','',0,2,'','','box','array (\n)','','','',1,1,0,1,0,0,0,0,55,0,0),(102,11,1,'readpoint','阅读收费','','',0,5,'','','readpoint','array (\n  \'minnumber\' => \'1\',\n  \'maxnumber\' => \'99999\',\n  \'decimaldigits\' => \'0\',\n  \'defaultvalue\' => \'\',\n)','','-99','-99',0,0,0,0,0,0,0,0,55,0,0),(103,11,1,'username','用户名','','',0,20,'','','text','array (\n)','','','',1,1,0,1,0,0,0,0,98,0,0),(104,11,1,'islink','转向链接','','',0,0,'','','islink','array (\n)','','','',0,1,0,1,0,1,0,0,20,0,0),(105,11,1,'video','视频上传','','',0,0,'','','video','array (\n  \'upload_allowext\' => \'flv|rm|mp4|rmv\',\n)','','','',0,0,0,1,0,1,0,0,8,0,0),(106,11,1,'vision','画质','','',0,0,'','','box','array (\n  \'options\' => \'高清|1\r\n普通|2\',\n  \'boxtype\' => \'select\',\n  \'fieldtype\' => \'varchar\',\n  \'minnumber\' => \'1\',\n  \'width\' => \'80\',\n  \'size\' => \'1\',\n  \'defaultvalue\' => \'0\',\n  \'outputtype\' => \'1\',\n  \'filtertype\' => \'1\',\n)','','','',0,1,0,1,0,1,0,0,9,0,0),(107,11,1,'video_category','视频分类','','',0,0,'','','box','array (\n  \'options\' => \'喜剧|1\r\n爱情|2\r\n科幻|3\r\n剧情|4\r\n动作|5\r\n伦理|6\',\n  \'boxtype\' => \'select\',\n  \'fieldtype\' => \'varchar\',\n  \'minnumber\' => \'1\',\n  \'width\' => \'80\',\n  \'size\' => \'1\',\n  \'defaultvalue\' => \'1\',\n  \'outputtype\' => \'1\',\n  \'filtertype\' => \'1\',\n)','','','',0,1,0,1,0,1,0,0,9,0,0);
/*!40000 ALTER TABLE `ly_model_field` ENABLE KEYS */;

#
# Structure for table "ly_module"
#

DROP TABLE IF EXISTS `ly_module`;
CREATE TABLE `ly_module` (
  `module` varchar(15) NOT NULL,
  `name` varchar(20) NOT NULL,
  `url` varchar(50) NOT NULL,
  `iscore` tinyint(1) unsigned NOT NULL DEFAULT '0',
  `version` varchar(50) NOT NULL DEFAULT '',
  `description` varchar(255) NOT NULL,
  `setting` mediumtext NOT NULL,
  `listorder` tinyint(3) unsigned NOT NULL DEFAULT '0',
  `disabled` tinyint(1) unsigned NOT NULL DEFAULT '0',
  `installdate` date NOT NULL DEFAULT '0000-00-00',
  `updatedate` date NOT NULL DEFAULT '0000-00-00',
  PRIMARY KEY (`module`)
) ENGINE=MyISAM DEFAULT CHARSET=utf8;

#
# Data for table "ly_module"
#

/*!40000 ALTER TABLE `ly_module` DISABLE KEYS */;
INSERT INTO `ly_module` VALUES ('admin','admin','',1,'1.0','','array (\n  \'admin_email\' => \'phpcms@phpcms.cn\',\n  \'adminaccessip\' => \'0\',\n  \'maxloginfailedtimes\' => \'8\',\n  \'maxiplockedtime\' => \'15\',\n  \'minrefreshtime\' => \'2\',\n  \'mail_type\' => \'1\',\n  \'mail_server\' => \'smtp.qq.com\',\n  \'mail_port\' => \'25\',\n  \'mail_user\' => \'phpcms.cn@foxmail.com\',\n  \'mail_auth\' => \'1\',\n  \'mail_from\' => \'phpcms.cn@foxmail.com\',\n  \'mail_password\' => \'\',\n  \'errorlog_size\' => \'20\',\n)',0,0,'2010-10-18','2010-10-18'),('announce','公告','announce/',0,'1.0','公告','',0,0,'2017-11-29','2017-11-29'),('attachment','附件','attachment',1,'1.0','','',0,0,'2010-09-01','2010-09-06'),('block','碎片','',1,'1.0','','',0,0,'2010-09-01','2010-09-06'),('collection','采集模块','collection',1,'1.0','','',0,0,'2010-09-01','2010-09-06'),('comment','评论','comment/',0,'1.0','评论','',0,0,'2017-11-29','2017-11-29'),('content','内容模块','',1,'1.0','','',0,0,'2010-09-06','2010-09-06'),('dbsource','数据源','',1,'','','',0,0,'2010-09-01','2010-09-06'),('digg','顶一下','',0,'1.0','','',0,0,'2010-09-06','2010-09-06'),('formguide','表单向导','formguide/',0,'1.0','formguide','array (\n  \'allowmultisubmit\' => \'1\',\n  \'interval\' => \'30\',\n  \'allowunreg\' => \'0\',\n  \'mailmessage\' => \'用户向我们提交了表单数据，赶快去看看吧。\',\n)',0,0,'2010-10-20','2010-10-20'),('link','友情链接','',0,'1.0','','array (\n  1 => \n  array (\n    \'is_post\' => \'1\',\n    \'enablecheckcode\' => \'0\',\n  ),\n)',0,0,'2010-09-06','2010-09-06'),('member','会员','',1,'1.0','','array (\n  \'allowregister\' => \'1\',\n  \'choosemodel\' => \'1\',\n  \'enablemailcheck\' => \'0\',\n  \'registerverify\' => \'0\',\n  \'showapppoint\' => \'0\',\n  \'rmb_point_rate\' => \'10\',\n  \'defualtpoint\' => \'0\',\n  \'defualtamount\' => \'0\',\n  \'showregprotocol\' => \'0\',\n  \'regprotocol\' => \'\t\t 欢迎您注册成为phpcms用户\r\n请仔细阅读下面的协议，只有接受协议才能继续进行注册。 \r\n1．服务条款的确认和接纳\r\n　　phpcms用户服务的所有权和运作权归phpcms拥有。phpcms所提供的服务将按照有关章程、服务条款和操作规则严格执行。用户通过注册程序点击“我同意” 按钮，即表示用户与phpcms达成协议并接受所有的服务条款。\r\n2． phpcms服务简介\r\n　　phpcms通过国际互联网为用户提供新闻及文章浏览、图片浏览、软件下载、网上留言和BBS论坛等服务。\r\n　　用户必须： \r\n　　1)购置设备，包括个人电脑一台、调制解调器一个及配备上网装置。 \r\n　　2)个人上网和支付与此服务有关的电话费用、网络费用。\r\n　　用户同意： \r\n　　1)提供及时、详尽及准确的个人资料。 \r\n　　2)不断更新注册资料，符合及时、详尽、准确的要求。所有原始键入的资料将引用为注册资料。 \r\n　　3)用户同意遵守《中华人民共和国保守国家秘密法》、《中华人民共和国计算机信息系统安全保护条例》、《计算机软件保护条例》等有关计算机及互联网规定的法律和法规、实施办法。在任何情况下，phpcms合理地认为用户的行为可能违反上述法律、法规，phpcms可以在任何时候，不经事先通知终止向该用户提供服务。用户应了解国际互联网的无国界性，应特别注意遵守当地所有有关的法律和法规。\r\n3． 服务条款的修改\r\n　　phpcms会不定时地修改服务条款，服务条款一旦发生变动，将会在相关页面上提示修改内容。如果您同意改动，则再一次点击“我同意”按钮。 如果您不接受，则及时取消您的用户使用服务资格。\r\n4． 服务修订\r\n　　phpcms保留随时修改或中断服务而不需知照用户的权利。phpcms行使修改或中断服务的权利，不需对用户或第三方负责。\r\n5． 用户隐私制度\r\n　　尊重用户个人隐私是phpcms的 基本政策。phpcms不会公开、编辑或透露用户的注册信息，除非有法律许可要求，或phpcms在诚信的基础上认为透露这些信息在以下三种情况是必要的： \r\n　　1)遵守有关法律规定，遵从合法服务程序。 \r\n　　2)保持维护phpcms的商标所有权。 \r\n　　3)在紧急情况下竭力维护用户个人和社会大众的隐私安全。 \r\n　　4)符合其他相关的要求。 \r\n6．用户的帐号，密码和安全性\r\n　　一旦注册成功成为phpcms用户，您将得到一个密码和帐号。如果您不保管好自己的帐号和密码安全，将对因此产生的后果负全部责任。另外，每个用户都要对其帐户中的所有活动和事件负全责。您可随时根据指示改变您的密码，也可以结束旧的帐户重开一个新帐户。用户同意若发现任何非法使用用户帐号或安全漏洞的情况，立即通知phpcms。\r\n7． 免责条款\r\n　　用户明确同意网站服务的使用由用户个人承担风险。 　　 \r\n　　phpcms不作任何类型的担保，不担保服务一定能满足用户的要求，也不担保服务不会受中断，对服务的及时性，安全性，出错发生都不作担保。用户理解并接受：任何通过phpcms服务取得的信息资料的可靠性取决于用户自己，用户自己承担所有风险和责任。 \r\n8．有限责任\r\n　　phpcms对任何直接、间接、偶然、特殊及继起的损害不负责任。\r\n9． 不提供零售和商业性服务 \r\n　　用户使用网站服务的权利是个人的。用户只能是一个单独的个体而不能是一个公司或实体商业性组织。用户承诺不经phpcms同意，不能利用网站服务进行销售或其他商业用途。\r\n10．用户责任 \r\n　　用户单独承担传输内容的责任。用户必须遵循： \r\n　　1)从中国境内向外传输技术性资料时必须符合中国有关法规。 \r\n　　2)使用网站服务不作非法用途。 \r\n　　3)不干扰或混乱网络服务。 \r\n　　4)不在论坛BBS或留言簿发表任何与政治相关的信息。 \r\n　　5)遵守所有使用网站服务的网络协议、规定、程序和惯例。\r\n　　6)不得利用本站危害国家安全、泄露国家秘密，不得侵犯国家社会集体的和公民的合法权益。\r\n　　7)不得利用本站制作、复制和传播下列信息： \r\n　　　1、煽动抗拒、破坏宪法和法律、行政法规实施的；\r\n　　　2、煽动颠覆国家政权，推翻社会主义制度的；\r\n　　　3、煽动分裂国家、破坏国家统一的；\r\n　　　4、煽动民族仇恨、民族歧视，破坏民族团结的；\r\n　　　5、捏造或者歪曲事实，散布谣言，扰乱社会秩序的；\r\n　　　6、宣扬封建迷信、淫秽、色情、赌博、暴力、凶杀、恐怖、教唆犯罪的；\r\n　　　7、公然侮辱他人或者捏造事实诽谤他人的，或者进行其他恶意攻击的；\r\n　　　8、损害国家机关信誉的；\r\n　　　9、其他违反宪法和法律行政法规的；\r\n　　　10、进行商业广告行为的。\r\n　　用户不能传输任何教唆他人构成犯罪行为的资料；不能传输长国内不利条件和涉及国家安全的资料；不能传输任何不符合当地法规、国家法律和国际法 律的资料。未经许可而非法进入其它电脑系统是禁止的。若用户的行为不符合以上的条款，phpcms将取消用户服务帐号。\r\n11．网站内容的所有权\r\n　　phpcms定义的内容包括：文字、软件、声音、相片、录象、图表；在广告中全部内容；电子邮件的全部内容；phpcms为用户提供的商业信息。所有这些内容受版权、商标、标签和其它财产所有权法律的保护。所以，用户只能在phpcms和广告商授权下才能使用这些内容，而不能擅自复制、篡改这些内容、或创造与内容有关的派生产品。\r\n12．附加信息服务\r\n　　用户在享用phpcms提供的免费服务的同时，同意接受phpcms提供的各类附加信息服务。\r\n13．解释权\r\n　　本注册协议的解释权归phpcms所有。如果其中有任何条款与国家的有关法律相抵触，则以国家法律的明文规定为准。 \',\n  \'registerverifymessage\' => \' 欢迎您注册成为phpcms用户，您的账号需要邮箱认证，点击下面链接进行认证：{click}\r\n或者将网址复制到浏览器：{url}\',\n  \'forgetpassword\' => \' phpcms密码找回，请在一小时内点击下面链接进行操作：{click}\r\n或者将网址复制到浏览器：{url}\',\n)',0,0,'2010-09-06','2010-09-06'),('message','短消息','',0,'1.0','','',0,0,'2010-09-06','2010-09-06'),('mood','新闻心情','mood/',0,'1.0','新闻心情','',0,0,'2017-11-29','2017-11-29'),('pay','支付','',1,'1.0','','',0,0,'2010-09-06','2010-09-06'),('poster','广告模块','poster/',0,'1.0','广告模块','',0,0,'2017-11-29','2017-11-29'),('release','发布点','',1,'1.0','','',0,0,'2010-09-01','2010-09-06'),('scan','木马扫描','scan',0,'1.0','','',0,0,'2010-09-01','2010-09-06'),('search','全站搜索','',0,'1.0','','array (\n  \'fulltextenble\' => \'1\',\n  \'relationenble\' => \'1\',\n  \'suggestenable\' => \'1\',\n  \'sphinxenable\' => \'0\',\n  \'sphinxhost\' => \'10.228.134.102\',\n  \'sphinxport\' => \'9312\',\n)',0,0,'2010-09-06','2010-09-06'),('sms','短信平台','sms/',0,'1.0','短信平台','',0,0,'2011-09-02','2011-09-02'),('special','专题','',0,'1.0','','',0,0,'2010-09-06','2010-09-06'),('tag','标签向导','tag/',0,'1.0','标签向导','',0,0,'2017-11-29','2017-11-29'),('template','模板风格','',1,'1.0','','',0,0,'2010-09-01','2010-09-06'),('upgrade','在线升级','',0,'1.0','','',0,0,'2011-05-18','2011-05-18'),('video','视频库','',0,'1.0','','',0,0,'2012-09-28','2012-09-28'),('vote','投票','',0,'1.0','','array (\r\n  1 => \r\n  array (\r\n    \'default_style\' => \'default\',\r\n    \'vote_tp_template\' => \'vote_tp\',\r\n    \'allowguest\' => \'1\',\r\n    \'enabled\' => \'1\',\r\n    \'interval\' => \'1\',\r\n    \'credit\' => \'1\',\r\n  ),\r\n)',0,0,'2010-09-06','2010-09-06'),('wap','手机门户','wap/',0,'1.0','手机门户','',0,0,'2017-11-29','2017-11-29');
/*!40000 ALTER TABLE `ly_module` ENABLE KEYS */;

#
# Structure for table "ly_mood"
#

DROP TABLE IF EXISTS `ly_mood`;
CREATE TABLE `ly_mood` (
  `id` int(10) unsigned NOT NULL AUTO_INCREMENT,
  `catid` int(10) unsigned NOT NULL DEFAULT '0' COMMENT '栏目id',
  `siteid` mediumint(6) unsigned NOT NULL DEFAULT '0' COMMENT '站点ID',
  `contentid` int(10) unsigned NOT NULL DEFAULT '0' COMMENT '文章id',
  `total` int(10) unsigned NOT NULL DEFAULT '0' COMMENT '总数',
  `n1` int(10) unsigned NOT NULL DEFAULT '0',
  `n2` int(10) unsigned NOT NULL DEFAULT '0',
  `n3` int(10) unsigned NOT NULL DEFAULT '0',
  `n4` int(10) unsigned NOT NULL DEFAULT '0',
  `n5` int(10) unsigned NOT NULL DEFAULT '0',
  `n6` int(10) unsigned NOT NULL DEFAULT '0',
  `n7` int(10) unsigned NOT NULL DEFAULT '0',
  `n8` int(10) unsigned NOT NULL DEFAULT '0',
  `n9` int(10) unsigned NOT NULL DEFAULT '0',
  `n10` int(10) unsigned NOT NULL DEFAULT '0',
  `lastupdate` int(10) unsigned NOT NULL DEFAULT '0' COMMENT '最后更新时间',
  PRIMARY KEY (`id`),
  KEY `total` (`total`),
  KEY `lastupdate` (`lastupdate`),
  KEY `catid` (`catid`,`siteid`,`contentid`)
) ENGINE=MyISAM DEFAULT CHARSET=utf8;

#
# Data for table "ly_mood"
#


#
# Structure for table "ly_news"
#

DROP TABLE IF EXISTS `ly_news`;
CREATE TABLE `ly_news` (
  `id` mediumint(8) unsigned NOT NULL AUTO_INCREMENT,
  `catid` smallint(5) unsigned NOT NULL DEFAULT '0',
  `typeid` smallint(5) unsigned NOT NULL,
  `title` varchar(80) NOT NULL DEFAULT '',
  `style` char(24) NOT NULL DEFAULT '',
  `thumb` varchar(100) NOT NULL DEFAULT '',
  `keywords` char(40) NOT NULL DEFAULT '',
  `description` mediumtext NOT NULL,
  `posids` tinyint(1) unsigned NOT NULL DEFAULT '0',
  `url` char(100) NOT NULL,
  `listorder` tinyint(3) unsigned NOT NULL DEFAULT '0',
  `status` tinyint(2) unsigned NOT NULL DEFAULT '1',
  `sysadd` tinyint(1) unsigned NOT NULL DEFAULT '0',
  `islink` tinyint(1) unsigned NOT NULL DEFAULT '0',
  `username` char(20) NOT NULL,
  `inputtime` int(10) unsigned NOT NULL DEFAULT '0',
  `updatetime` int(10) unsigned NOT NULL DEFAULT '0',
  PRIMARY KEY (`id`),
  KEY `status` (`status`,`listorder`,`id`),
  KEY `listorder` (`catid`,`status`,`listorder`,`id`),
  KEY `catid` (`catid`,`status`,`id`)
) ENGINE=MyISAM AUTO_INCREMENT=67 DEFAULT CHARSET=utf8;

#
# Data for table "ly_news"
#

/*!40000 ALTER TABLE `ly_news` DISABLE KEYS */;
INSERT INTO `ly_news` VALUES (46,24,0,'爱，流淌在心底的清溪','','http://localhost/lycms/install_package/uploadfile/2017/1225/20171225023515921.jpg','清溪','时光清浅，新的一天总会如约而至。白云轻轻的飘着，清清的河水静静地流淌着，大地在一片萧瑟中整装待发，孕育着新的生机。人间有爱，岁月沉香。爱，是流淌在心底的清溪，无声的滋润着',0,'http://localhost/lycms/install_package/index.php?m=content&c=index&a=show&catid=24&id=46',0,99,1,0,'root',1514183701,1514183743),(47,24,0,'守望，冬天的路口','','http://localhost/lycms/install_package/uploadfile/2017/1225/20171225023625829.jpg','路口','　一片落霞孤鸿的眷恋中，依依送别秋水长天的一程相逢。一篱冬阳，隔开季节分明的两端；冬，就这么悄无声息地来在身边……',0,'http://localhost/lycms/install_package/index.php?m=content&c=index&a=show&catid=24&id=47',0,99,1,0,'root',1514183760,1514183789),(48,25,0,'幸福，是一种内心的富足','','http://localhost/lycms/install_package/uploadfile/2017/1225/20171225025623901.jpg','内心','　幸福是什么？关于这个问题，或许每个人心中的答案都不同。我们的生活经历不同，对于幸福的诠释，也就各有不同。但无论哪一种幸福的复述，都是源自一个人内心最温情的认知，和最丰裕',0,'http://localhost/lycms/install_package/index.php?m=content&c=index&a=show&catid=25&id=48',0,99,1,0,'root',1514184958,1514185003),(49,25,0,'邀一枚红叶染秋思','','http://localhost/lycms/install_package/uploadfile/2017/1225/20171225025735582.jpg','秋思 红叶','　风浓霜重的晚秋，向来怀有爱恨两依依的别样心绪。总是左手频频放出枯叶化蝶的离别曲，右手又把世间的每一种枫树，全部浓墨重彩地标上一个风雅的名字。他把每一树欲燃的叶片，全都刻',0,'http://localhost/lycms/install_package/index.php?m=content&c=index&a=show&catid=25&id=49',0,99,1,0,'root',1514185025,1514185057),(50,26,0,'一树一桩皆岁月，一盆一景亦人生','','','一数','一树一桩皆岁月，一盆一景亦人生',0,'http://localhost/lycms/install_package/index.php?m=content&c=index&a=show&catid=26&id=50',0,99,1,0,'root',1514201944,1514202013),(51,26,0,'逃不过的情缘，挣不脱的宿命','','','宿命 情缘','站在这株月季花前很久很久，看着花在夜色下因为我的凝视而明艳的熠熠生辉，突然明白，人活着的意义在于：只有在爱你的人面前，无论你是什么样子，都有你独一无二的价值，在不爱你的人',0,'http://localhost/lycms/install_package/index.php?m=content&c=index&a=show&catid=26&id=51',0,99,1,0,'root',1514202021,1514202047),(52,27,0,'秋色情万千相思小姐姐','','','色情 姐姐','清秋的季节悄然来临，静静地，如同一种万物初谢的壮美，一片秋叶飘然入地的悠然，一阵秋风拂面的',0,'http://localhost/lycms/install_package/index.php?m=content&c=index&a=show&catid=27&id=52',0,99,1,0,'root',1514202054,1514202083),(53,27,0,'留在故乡的童年','','','故乡','留在故乡的童年',0,'http://localhost/lycms/install_package/index.php?m=content&c=index&a=show&catid=27&id=53',0,99,1,0,'root',1514202084,1514202117),(54,28,0,'冬日里面的微笑','','','冬日里面的微笑','冬日的早晨，寒色很深，显得有些清冷，也比较安宁；并不大的风，显得冷静，没有声音，只是在脸上留下淡淡的斑痕。路边的树上，还有零星的树叶在树上飘荡，它们在点缀着寒风，在抚摸着',0,'http://localhost/lycms/install_package/index.php?m=content&c=index&a=show&catid=28&id=54',0,99,1,0,'root',1514202128,1514202150),(55,29,0,'翎慕白晓君','','','白晓君','日的早晨，寒色很深，显得有些清冷，也比较安宁；并不大的风，显得冷静，没有声音，只是在脸上留下淡淡的斑痕。路边的树上，还有零星的树叶在树上飘荡，它们在点缀着寒风，在抚摸着岁',0,'http://localhost/lycms/install_package/index.php?m=content&c=index&a=show&catid=29&id=55',0,99,1,0,'root',1514202169,1514202213),(56,29,0,'花香烟火，一沓沓','','','花香 烟火','花香烟火，一沓沓',0,'http://localhost/lycms/install_package/index.php?m=content&c=index&a=show&catid=29&id=56',0,99,1,0,'root',1514202214,1514202242),(57,30,0,'哲理诗歌·棋子','','','棋子 哲理 诗歌','哲理诗歌&middot;棋子如果甘心　　充数别人手中的棋子　　那么命运　　已经注定　　博弈中　　随时可以踢出局　　　　如果努力　　晋升　　盛装棋   ',0,'http://localhost/lycms/install_package/index.php?m=content&c=index&a=show&catid=30&id=57',0,99,1,0,'root',1514202253,1514202277),(58,30,0,'如果甘心 　　充数别人手中的棋子 　　那么命运 　　已经','','','棋子 命运','如果甘心　　充数别人手中的棋子　　那么命运　　已经注定　　博弈中　　随时可以踢出局　　　　如果努力　　晋升　　盛装棋子的盒　　那么   ',0,'http://localhost/lycms/install_package/index.php?m=content&c=index&a=show&catid=30&id=58',0,99,1,0,'root',1514202278,1514202319),(59,31,0,'学校时光之奋斗的青春','','','棋子 命运','学校时光之奋斗的青春',0,'http://localhost/lycms/install_package/index.php?m=content&c=index&a=show&catid=31&id=59',0,99,1,0,'root',1514202330,1514202356),(60,31,0,'青春如那静夜的昙花，开放时千娇百媚纯白圣洁却没有引起','','','昙花 青春','青春如那静夜的昙花，开放时千娇百媚纯白圣洁却没有引起足够的重视，等时间流逝后人们看到的只有花影低垂芳容不在，所以世间有很多的人徒然叹息。青春相对于时间，如花儿般脆弱，如流',0,'http://localhost/lycms/install_package/index.php?m=content&c=index&a=show&catid=31&id=60',0,99,1,0,'root',1514202368,1514202388),(61,24,0,'淡定与从容是人生最曼妙的风景','','http://localhost/lycms/install_package/uploadfile/2017/1226/20171226082859562.jpg','风景 人生','淡定与从容是人生最曼妙的风景',0,'http://localhost/lycms/install_package/index.php?m=content&c=index&a=show&catid=24&id=61',0,99,1,0,'root',1514248060,1514248150),(62,24,0,'蝶恋花·鹰','','','蝶恋花','今日，看了中央电视台播出的《星光大道》节目。我知道，这个节目主要是唱歌比赛。为了一举成名天下知，大家使出浑身解数，只为取得好成绩，拿到“周冠军”，然后拿到“月冠军”、“年',0,'http://localhost/lycms/install_package/index.php?m=content&c=index&a=show&catid=24&id=62',0,99,1,0,'root',1514248152,1514248186),(63,24,0,'奋斗，从今天开始','','','奋斗，从今天开始','奋斗，从今天开始',0,'http://localhost/lycms/install_package/index.php?m=content&c=index&a=show&catid=24&id=63',0,99,1,0,'root',1514248187,1514248225),(64,24,0,'新注册的公司,该如何选择纳税？','','','公司',' 新注册了公司，要不要直接申请为一般纳税人呢？是默认小规模纳税人好，还是申请为纳税人好。其实对于这两种的选择，无非就是希望自己注册的公司能少交税。对于这两种不同的选择，也',0,'http://localhost/lycms/install_package/index.php?m=content&c=index&a=show&catid=24&id=64',0,99,1,0,'root',1514248226,1514248263),(65,24,0,'职场，请一路走好','','','职场','可职场，从不是能让你躲风避雨的港湾，它永远是一场激烈且残酷的角逐比赛，随时面临着对手的攻击。当你累了刚刚想停下来休息，你会发现很多陌生的背包客，一瞬间就走到了你的前面。当',0,'http://localhost/lycms/install_package/index.php?m=content&c=index&a=show&catid=24&id=65',0,99,1,0,'root',1514248264,1514248316),(66,24,0,'不要被生活绑架了你','','','不要被生活绑架了你','不要被生活绑架了你',0,'http://localhost/lycms/install_package/index.php?m=content&c=index&a=show&catid=24&id=66',0,99,1,0,'root',1514248317,1514248349);
/*!40000 ALTER TABLE `ly_news` ENABLE KEYS */;

#
# Structure for table "ly_news_data"
#

DROP TABLE IF EXISTS `ly_news_data`;
CREATE TABLE `ly_news_data` (
  `id` mediumint(8) unsigned DEFAULT '0',
  `content` mediumtext NOT NULL,
  `readpoint` smallint(5) unsigned NOT NULL DEFAULT '0',
  `groupids_view` varchar(100) NOT NULL,
  `paginationtype` tinyint(1) NOT NULL,
  `maxcharperpage` mediumint(6) NOT NULL,
  `template` varchar(30) NOT NULL,
  `paytype` tinyint(1) unsigned NOT NULL DEFAULT '0',
  `relation` varchar(255) NOT NULL DEFAULT '',
  `voteid` mediumint(8) unsigned NOT NULL DEFAULT '0',
  `allow_comment` tinyint(1) unsigned NOT NULL DEFAULT '1',
  `copyfrom` varchar(100) NOT NULL DEFAULT '',
  KEY `id` (`id`)
) ENGINE=MyISAM DEFAULT CHARSET=utf8;

#
# Data for table "ly_news_data"
#

/*!40000 ALTER TABLE `ly_news_data` DISABLE KEYS */;
INSERT INTO `ly_news_data` VALUES (50,'早在年少之时，因被大自然的奇花异草所吸引，曾误入一段歧途，从此，以为教训，即使在后来遇着再奇再美的也不敢轻易趋之，以为，若陷入孤立无援之境是否还有幸遇上古道热肠之人？尽管如此，莳花弄草的嗜好自那一时始便在我的心中渐渐生了根，发了芽，直到集住着十多户人家的大杂院里尽有我那些破盆破罐期期艾艾地栽满当时连自己都说不上什么名堂的花花草草。也因这一份&ldquo;关不住&rdquo;的春<a class=\"keywordlink\" href=\"http://www.jj59.com/zti/se/\">色</a>，那些曾与我为&quot;敌&quot;的邻里们终抵挡不了红花绿意的熏陶，进而被花飞蝶舞的氛围所浸染，以至于在我<a class=\"keywordlink\" href=\"http://www.jj59.com/zti/muqinjie/\">母亲</a>的默许下，在被我唤作叔叔婶婶哥哥姐姐的怂恿中又慢慢浸养出更多的&ldquo;野心&rdquo;来。<br />\r\n　　<br />\r\n　　也许，人的某些习性就是被这种娇宠所培养进而被顽固地把持，并在不知不觉的放任中变得难以修改。<br />\r\n　　<br />\r\n　　曾一度惊叹那些园艺大师们的大胆力作，执一把锯，或取一片刀，借一根绳的力或石块几许，或割、或剪、或切、或锯，拧、折、弯、扣、伸、如此等等，将一株木纳呆滞，毫无虬枝盘旋之势的老树改造成远近错落有致，高低分明无异，灵气仙然万分的盆景，于灵动的生机里立现出一种&ldquo;自然&rdquo;的状态来。<br />\r\n　　<br />\r\n　　此等奇妙的&ldquo;开膛破肚&rdquo;之举，可是我这一颗&ldquo;菩萨心肠&rdquo;如何能够模仿？却以为，莳花养草万万不可以种菜养鱼的粗放之心相待，只因它脱离了原有的地气，又是固定在了小小的瓦盆里，被束缚的根系远不及地栽的发达而显得比平常的娇贵，其次，这样的花卉一如远嫁它乡的女子，离别了故园来到异地，若不能以日夜牵念之情而把守，寒暑不忘之心而敬爱，却希翼它日日保持婀娜纤巧之美貌，婆娑盘旋之旖丽，如何才是可以呢？<br />\r\n　　<br />\r\n　　叶有叶的精神，草有草的性格，花有花的风骨。若以将士深入敌后侦察之心观察其枝叶生长之情状；借大夫护士细致入微的态度去领悟其晚盛早谢之心语；凭哲学家的思辩精神去洞析它凌风傲<a class=\"keywordlink\" href=\"http://www.jj59.com/zti/xue/\">雪</a>之根由，那么，纵然它是那么一小颗的树，那么一小瓣的花，无论冬雷震震还是夏雨倾盆，只要不使它脱离和煦的阳光，难不成盼不着它精神地吐露起生的力量与命的希望，纵然杵立于窄窄的瓦盆中？<br />\r\n　　<br />\r\n　　也许，<a class=\"keywordlink\" href=\"http://www.jj59.com/zti/shenghuo/\">生活</a>中的万事万物，所有的认真不是疏忽大意一辞就可以敷衍得过去的，心生欢喜的东西未必就代表着你可以随心所欲。因为有一种失去叫做漫不经心，有一种颓然只因自始不能至终，这其中的失败有谁才能替你痛心疾首？<br />\r\n　　<br />\r\n　　曾记得，把一盆行将落暮的老松遗弃在那墙壁的旮旯，谁曾料于次年春光如旭之时，它佝偻般的身躯似羞我不敬之心，倔犟地伸展起独树一帜般的别样之美。<br />\r\n　　<br />\r\n　　据说，借一方小小的沙积石拥护一枝脚纤腰细的雀梅，既可以弥补它娇弱的不足，亦可以助它提升生长的环境，一如替一位失恋的女子指向一处未来的光明，为一份摇摇欲坠的<a class=\"keywordlink\" href=\"http://www.jj59.com/love-lianai/\">爱情</a>送去温暖并抚以精神的慰籍。一盆六月雪尤如记载着我不舍的深情，一株腊梅馨香着我一载又一载蹉跎的时光，尽管一树七里香并不意味着谁的将来定然香远七里，却渐渐深信，若将一份情，一颗心一往而继续，矢志而不渝，所有的认真和努力怎会因时光的流去而无踪或无影，在朝来晚去的气息里难以寻得一份最真切的美丽？<br />\r\n　　<br />\r\n　　诚然，花树的价值并不一定都反映在花树的本身，只因，怎样的心境，便会见着怎样的风景。如若心中满满的都是爱意，即使漫天寒雨，四方凋敝，凭什么不可以相信有一种情一直鲜活在它的根基，若不然，<a class=\"keywordlink\" href=\"http://www.jj59.com/zheliwenzhang/\">人生</a>的真谛难不成一经风吹雨淋便会逝去？在归去来兮的路途中何以妖娆酬酢的风景？在踔踔而下的叶脉里依然浸含一份灵魂的浣纱？在魂牵梦萦的世界优雅绽放四季分明的色彩？<br />\r\n　　<br />\r\n　　也许，无论时光如何，醉美的心境莫过于在匆匆流逝的岁月作别月落乌啼的悲情；在霜色深浓的时光依然秉持梅朵幽幽的坚韧；在踽踽独行的路上执守一把无怨无悔的深意，任凭风起雨落，笑看花香撩人，于安贫乐道的世界寻得一份灵魂的归依与清宁。也许，有些爱，即使面面相对，依然可以情深不语，有些唯一，一旦错过是否仍以呼吸清新空气之力伴随至生命的最后一丝一息？如是，情深处，爱浓时，所有的执着，所有的坚定都可化为风雨兼程的衣，在热血不减当年的心中，于日渐深浓的岁月里迎来别样的春和与丽景&middot;&middot;&middot;&middot;&middot;&middot;<br />\r\n　　<br />\r\n　　一树一桩皆岁月，一盆一景亦人生。',0,'',0,10000,'',0,'',0,1,'文章|0'),(51,'　人啊往往执着的人和事，终是<a class=\"keywordlink\" href=\"http://www.jj59.com/ganrengandong/\">感动</a>不了执着的人和事，只是感动了自己而已！所有的<a class=\"keywordlink\" href=\"http://www.jj59.com/\">故事</a>终究要结束，只是有些故事没有结局，只要活着就还得重拾<a class=\"keywordlink\" href=\"http://www.jj59.com/xinqingsuibi/\">心情</a>，哪怕是隐于一隅，舔舐伤口。<br />\r\n　　<br />\r\n　　我只是想，无论如何还得努力保持一颗童心般的纯洁与清澈，与世无争的得过且过。却有太多的人说我是人际关系中的白痴，眼里也永远只有是非曲直，没有人到中年的圆滑。可是，即便如此又怎样呢！<a class=\"keywordlink\" href=\"http://www.jj59.com/zheliwenzhang/\">人生</a>际遇本就变化无常，那需设计与安排？爱时不遗余力，过去各自安好！一株彼岸花开，即是成全你我，自此各安天涯，独行于寂寥的路上，守候那世的一树花开。<br />\r\n　　<br />\r\n　　每个人都总想解密别人大脑里的秘密，却总是无法解密自己心里的爱恨情仇；总是能在别人陷入迷途的时候抽丝剥茧，让迷局里的人醍醐灌顶、抽身而退，却总是在自己迷茫时束手无策、无能为力；总是在看到别人默默为爱的人偷偷付出时骂一句傻瓜，却忘了自己也在默默为爱无怨无悔的流泪。<br />\r\n　　<br />\r\n　　有些时候，什么都明白，就是走不出来！彼此都走不出来，彼是此的人生苦旅，此却又是另一个彼的人生宿命！就那样彼此、此彼的阴差阳错。正因为如此，人世间才能演绎出那么多缠绵悱恻的人生故事！<br />\r\n　　<br />\r\n　　其实，人生如果对生命中有些东西不珍惜，那么寄于庙宇也未必真的是静，就算跪于佛堂前也未必真的净，诚心鞠躬于神灵也未必是真的敬，潇洒游历于山水之间也未必看到了景，身边谏臣再多也未必看到是镜，聚焦专注一生的也未必是晶，总是时刻扒拉着珠子神算也未必是精！<br />\r\n　　<br />\r\n　　每个人最终结局都一样，无论高低贵贱。所以人生的意义在于过程，在于<a class=\"keywordlink\" href=\"http://www.jj59.com/zti/shenghuo/\">生活</a>中的点点滴滴、喜怒哀乐，在于爱中的分分秒秒、悲欢离合，在于做人的方方面面、爱恨情仇，在于处事的细枝末叶、跌宕起伏！<br />\r\n　　<br />\r\n　　古诗说：狐死归首丘，故乡安可忘!人的一生，到了最后还不是都会面对自己的内心，都会安静地回到自己最初的位置上，在尘归尘、土归土之后，安然的等待人生的转承启合。',0,'',0,10000,'',0,'',0,1,'好文章|0'),(52,'清秋的季节悄然来临，静静地，如同一种万物初谢的壮美，一片秋叶飘然入地的悠然，一阵秋风拂面的清柔。在这凉爽怡人的季节里，我回到了我一生都十分亲切的故乡。有一个地方，一生都不会相忘，因为那是儿时的<a class=\"keywordlink\" href=\"http://www.jj59.com/zti/jiyi/\">记忆</a>，那是随同成长根植于骨子里的精髓，或深或浅的沉封于脑海里，或是一个温暖如春的人，或是一段趣味横生的往事，或是一片古朴自然的风景，组成<a class=\"keywordlink\" href=\"http://www.jj59.com/zheliwenzhang/\">人生</a>中一个个支离破碎的片段。<br />\r\n　　<br />\r\n　　借着<a class=\"keywordlink\" href=\"http://www.jj59.com/zti/chongyangjie/\">重阳</a>厚重的节日，我踏上回家省亲的归途。家乡有着与别处不同的风俗，<a class=\"keywordlink\" href=\"http://www.jj59.com/zti/chongyangjie/\">重阳节</a>是要祭奠故去的亲人。万物即衰，秋风化烟，人已离去，看着满山的坟茔，<a class=\"keywordlink\" href=\"http://www.jj59.com/zti/sinian/\">思念</a>离去的亲人，心里一阵绞痛，千般无奈，万分不舍。故乡给我太多的回忆，岁月改变了村道楼舍，但改变不了旧日的风光，还是那绵延的群山，还是那篱笆围砌的菜园，还是那蜿蜒而成的村落，还是那村前那口池塘&hellip;&hellip;，唯一不见的是那些容颜已老的乡亲，只从姐姐们闲谈中略知一二，让我还有一点依稀的记忆。二姐提起外婆垸里一个自家的<a class=\"keywordlink\" href=\"http://www.jj59.com/zti/xiaojie/\">小姐</a>姐，最近从福建回来，还特地约她见了一面。<br />\r\n　　<br />\r\n　　说起小姐姐，总是能给我一抹温暖的回忆，在我的人生中，那是一段至美的风景。有些人，注定会在你的生命中驻足长留，如同一弯碧波荡漾的湖水，温润涤荡你的灵魂，如同一轮美仑美焕的明月，照亮你坎坷的人生。曾经，我和小姐姐同在一所小学读书，她高我几个年级，那时外婆垸里到处洒落我们嘻耍打闹的身影，到处充盈我们清脆稚嫩的笑声，那里有我欢快的<a class=\"keywordlink\" href=\"http://www.jj59.com/zti/tongnian/\">童年</a>。而小姐姐总会以她最温柔的方式体贴呵护着我们，记得，小学夜读的时候，我们匍匐在如荧火般的煤油灯前挑灯夜战，深夜不敢回家，便和小姐姐一路同行入住她家，与她同床而眠，软语低喃。那时，在世俗冰冷、人情炎凉的世界里，她如同一朵盛开的桃花在心底绽放，至亮至纯。<br />\r\n　　<br />\r\n　　不久，我到县城二中读书，小姐姐也辍学在县城谋生。从未离家的我，背负不起思家的辛苦，常常夜不成眠，心如万千蚁子爬行般备受煎熬。在一个华灯初上的夜晚，小姐姐找到学校正在上自习的我，见到小姐姐那一刻，有一种他乡遇故知的惊喜，有一种从心底升腾而起的温暖，思乡的泪水差点在那一刻溃堤。在那个陌生的城市里，她犹如一盏桔黄的星灯照亮我孤寂的内心，她带上我到他的至亲好友家去玩，去吃饭，晚上依然是抵足而眠，夜语呢喃。那时的我，在那样的地方，遇上那时的她，经历的那些事，如同在我的记忆里划上一道痕，留下刻骨铭心的印迹。<br />\r\n　　<br />\r\n　　小姐姐长得很漂亮，精致的五官，白皙的肤<a class=\"keywordlink\" href=\"http://www.jj59.com/zti/se/\">色</a>，窈窕的身段，在当地也是出了名的美人。可惜书读得不高，小学毕业后就到县城谋生，由于一无所长也没有一个稳定的职业，一直东游西走，漂泊不定。交往男朋友，也是高不成低不就，一直悬而未决。有一个男朋友，她还带我见上一次，那是在一个权力集中的政府机关，却是从事剃头行当的小伙子。记得那次，在政府大门前一个只有10几平米的小屋子里，摆设着一些理发的简单设施，一个头不高、但长着还算精神的小伙子正在低头侍弄一个顾客的头发。那时的我不会去理会他的手艺如何，也不会去考虑他和小姐姐的关系如何，少不更事的我只是单纯去玩玩，聊以打发无聊的时光而已。当时我想，小伙子虽不十分出色，但和小姐姐过上一种简单日子还是可以。<br />\r\n　　<br />\r\n　　此后，由于一些原因，我也异地读书，那日一别，至今二十多年与小姐姐未曾谋面。后来偶有回家，问及他人，才知小姐姐被人贩子卖去南洋了。听到这个消息，我骇然惊呆，心里一阵疼痛，那是那怎样的情景，怎样的<a class=\"keywordlink\" href=\"http://www.jj59.com/zti/shenghuo/\">生活</a>。她是如何承受一个如同商品一样交易的婚姻，如何能适应一个风土人情完全陌生的世界，更可怕的是，她如何能面对一个需要买办婚姻而肯定不很优秀的<a class=\"keywordlink\" href=\"http://www.jj59.com/zti/nanren/\">男人</a>。我不寒而栗，嘘叹不已，心里为小姐姐前途堪忧。<br />\r\n　　<br />\r\n　　重阳节之时，又闻小姐姐消息。小姐姐已在福建安家，两个儿子帅气有为，相继成家立业，全家在菲律宾做生意，年收入上百万，生活富足美满。我弱弱的心中稍许有些安慰。生活终于向小姐姐露出一米阳光，残酷的命运呈现出一片彩虹。又闻小姐姐此次回来，是因为2017年初检查出癌症，这次回来一是想看看老家，访访旧友，了却心中的那份惦念。二是想为自家的兄妹做点什么，或建一栋房子，或送上一笔资金&hellip;&hellip;。二姐如约和小姐姐见上一面，二姐说，小姐姐还是那样漂亮，没变什么样。小姐姐一生爱美，时今50多岁了，还能保持那样一份绝美的容颜，那是怎样的一种笑看人生的心态。二姐还说，小姐姐老公随她一起回来的，人很老实，但对她很是体贴。听了这话，我心里有一丝欣慰，小姐姐虽然命运多舛，但能有一体贴老公，作为<a class=\"keywordlink\" href=\"http://www.jj59.com/zti/nvren/\">女人</a>还算<a class=\"keywordlink\" href=\"http://www.jj59.com/zti/xingfu/\">幸福</a>。二姐问我是否想见，我有点踌躇。<br />\r\n　　<br />\r\n　　说真的，我有点想见，我经常会想起小姐姐，和她一起的那些日子，虽然已经在时光的长河是流淌20多年，但还是难以忘怀，它就象一朵朵鲜艳夺目的小花，零星点缀着我漫长的人生，偶尔打开记忆的闸门，重温一下，慰藉我日渐疲软的心灵，敦促我继续前行。<br />\r\n　　<br />\r\n　　我又有点怕见。怕见她已不是从前的容颜，50多岁的小姐姐一定会添上皱纹或发了福，毁了我心底的那份美好。世事改变了心态，时光加深了距离，我更怕见了之后那种油然而生的陌生感，毁了心底那份儿时的真情。我更怕见面，相对无言时那份尴尬。哎，如今的小姐姐，已非昨日的小姐姐。我突然有点讨厌时光的无情，为何不能封存于昨日的模样。<br />\r\n　　<br />\r\n　　一缕秋风轻轻拂过我的脸颊。愿这秋风能捎去我虔诚的祝福，祈愿小姐姐身体<a class=\"keywordlink\" href=\"http://www.jj59.com/zti/jiankang/\">健康</a>长寿，生活万事如意，好人一生平安！',0,'',0,10000,'',0,'',0,1,'好文章|0'),(53,'留在故乡的童年我三岁多的时候，家住大山深处。每逢下雨的时候，山风&ldquo;哐哐当当&rdquo;地摇着茅草和泥巴做的家，即便把黑兮兮的大门紧紧关好，风还是呼呼地钻了进来，屋顶上的茅草湿乎乎的，飘摇着。大姐叮嘱我和大哥雨停之前千万不要出门，然后，拿起挂在墙壁上的蓑衣、斗笠，冲进了雨里。大姐要给母亲送雨具，因为这会儿，母亲还在几里之外的田地里劳作，母亲一天也不得停歇。<br />\r\n　　<br />\r\n　　常有媒婆上门来说媒。起初，都被母亲婉拒了，母亲说，孩子我先带着，日子我们先熬着，等哪天，熬不过，再说吧。<br />\r\n　　<br />\r\n　　门口有一株高大的野桑树，它在陪我们一起熬日子，每年夏天，火红火红的果实挂满了树丫。这是我们整个夏天的美味，让我们暂时不会饿得头晕眼花。<br />\r\n　　<br />\r\n　　一天午后，突降暴雨，狂风掀开了茅草屋顶，恰巧大姐那天去了外婆家。我和大哥吓坏了，本能地冲出屋子，朝村子南边跑去，因为村子南边是二爷爷的家。踩着湿滑的路，我和大哥深一脚浅一脚地猛跑，一不留神，我摔倒了，额头狠狠地撞在青石板上。我爬起来，抹了一把脸上的血水和雨水，继续跑。幸好二爷爷赶紧为我止住了血，还用烟丝捂住了伤口，我才逃过一劫，但却因此，我的额头上留下了一个抹不掉的伤疤印记。<br />\r\n　　<br />\r\n　　夜里，母亲把我和大哥紧紧拥在怀里，我和大哥感觉太累了，昏昏沉沉睡着了，但我隐隐约约听到母亲的哭泣声。透过屋顶，我们可以看到美丽的星星和弯弯的月亮，但我们只能感到黑暗和痛苦向我们袭来，就在头顶的某个地方。<br />\r\n　　<br />\r\n　　母亲不得不考虑改嫁。姨妈打算把我接过去做养子，以为这样可以减轻母亲的负担，让母亲能找户好一点的人家。但母亲拒绝了，她下定了决心把所有的儿女带着身边，她不忍看到骨肉分离。<br />\r\n　　<br />\r\n　　我五岁时，母亲在好心人的撮合下，和继父成了亲。继父家和生父家就在同一座山上，只不过，我家在山顶，继父家在山腰，同乡不同村。继父先把我们三姊妹接到了他家，再和母亲一道，收拾了几样像样点的家具，花了两天<a class=\"keywordlink\" href=\"http://www.jj59.com/zti/time/\">时间</a>背下山腰。<br />\r\n　　<br />\r\n　　继父斗大的字识不得一箩筐，却当上了村支书。在村里，派头足得很，性格也暴躁，还好酒，喝醉了就耍酒疯，很多人都怕他，看到他躲还来不及。就因为这些，继父四十好几了还未成亲，在父母的催促下，才不得不娶了我母亲。<br />\r\n　　<br />\r\n　　其实，继父家也不富裕，更何况家里一下子就添了好几张吃饭的嘴，能维持温饱就不错了。大人们吃饭，我们三姊妹就端着碗站一边吃。桌上摆了一碟炒豆子，那是专门给大人们的下酒菜，我很想尝一尝。当我把筷子伸向炒豆子的时候，阿婆（继父的母亲）狠狠地瞪了我一眼，用手挡住了我：&ldquo;饿鬼投胎啊！&rdquo;<br />\r\n　　<br />\r\n　　我缩回了伸向炒豆子的手，但却因此惹恼了阿婆。不久，阿婆就和爷爷（继父的父亲）卷走了家里所剩无几的钱，然后和继父分了家。阿婆和爷爷走的那天，炙热的阳光照得人睁不开眼，继父目送着他们推着木板车离开，浓浓的树荫里，连一只蝉叫声都听不到，整座大山静得可怕。<br />\r\n　　<br />\r\n　　继父把我按在地上，狠狠地揍了我一顿，我被打得两眼冒星星。一阵山风吹过来，卷起一阵黄尘，我顿时迷失了方向。<br />\r\n　　<br />\r\n　　那以后，在心里，我和继父成了敌对状态。我知道，我和继父没有血缘关系，和我有血缘关系的那个父亲已经死了。有因为害怕再遭继父揍，我变得沉默寡言，一直到我考上中专学校，远离家乡。<br />\r\n　　<br />\r\n　　可事实上，继父并没有因为我的沉默寡言而少揍我，反而增添了继父的愤怒。<br />\r\n　　<br />\r\n　　记得，有一回和村里的孩子去小溪里野游，一不小心把小裤衩落在了小溪里，再也没有找到。继父知道后，狠狠地揍我，但我就是不吭声，连母亲问我也不吭声，最后，母亲只能眼睁睁地看着继父揍我，罚我跪在堂屋里，不准吃晚饭，然后，陪着我一起流泪。<br />\r\n　　<br />\r\n　　因为被打怕了，更因为穷怕了，我读书一直很努力，到初中毕业时，我以全校第一的成绩考上了地区中专学校。为此，继父也高兴了好几天，还请来亲戚朋友庆祝了一番。但，此刻，无论继父做什么，都无法改变我和他的敌对状态。<br />\r\n　　<br />\r\n　　当我背着行囊，挤上了开往城里的大巴，我已然是个翩翩少年，早把童年的时光抛在了身后。从那一天起，我的家乡变成了我的故乡。<br />\r\n　　<br />\r\n　　其实，每<a class=\"keywordlink\" href=\"http://www.jj59.com/zti/yigeren/\">一个人</a>的童年都有许多难忘的时光，有许多幸福快乐的瞬间。而我至今回想起来，深入我记忆的美好瞬间就是，生父家门口的野桑树果子熟了，我们三姊妹坐在树下享受着果子的美味。这大概是我童年里唯一的美好瞬间吧。<br />\r\n　　<br />\r\n　　作者：朱钟洋；笔名：布衣粗食',0,'',0,10000,'',0,'',0,1,'|0'),(54,'冬日的早晨，寒<a class=\"keywordlink\" href=\"http://www.jj59.com/zti/se/\">色</a>很深，显得有些清冷，也比较安宁；并不大的风，显得冷静，没有声音，只是在脸上留下淡淡的斑痕。路边的树上，还有零星的树叶在树上飘荡，它们在点缀着寒风，在抚摸着岁月曾经的梦，在不舍曾经的辉煌，在想表达着它们的忧伤，也可能会显露着是它们的迷茫，却散漫着，枯涩着，慢慢地落到了地上，表达着它们心中的惆怅。树枝在风中微微挣扎着，颤抖着，伸向天空的手臂用尽了全力，这一刻好像是树枝在想要说着曾经的<a class=\"keywordlink\" href=\"http://www.jj59.com/zti/jiyi/\">记忆</a>，还有那些得意。<br />\r\n　　匆匆走过的路人，他们的脚步就像是天空中散落的云，总是显得很杂乱，没有任何的留恋。他们的脚步声里有着日子的惊惶，有着时光的彷徨，有着日子的忧伤。他们心中也在期待，而更多的则是徘徊，希望那些寒冷的冬季，能够快速被<a class=\"keywordlink\" href=\"http://www.jj59.com/zti/time/\">时间</a>所抛弃。寒冷，是他们的身体变得僵硬，也是他们的心变得沉默，也让他们不愿意听到风的欢歌。这个时候才知道很多人都已经疲惫，都已经是很累，但是他们的眼睛中没有任何的眼泪，只有日子的深沉，还有岁月的谨慎，还有时光的疑问。<br />\r\n　　<br />\r\n　　<a class=\"keywordlink\" href=\"http://www.jj59.com/zti/xue/\">雪</a>花飘落，带着诱惑，在天空中，带着万种风情，旋转着，徘徊着，卖弄着曼妙的舞姿，然后经过身边深情地亲吻着大地，有的落到了身上，带着激荡，带着梦想。轻轻拂落这些雪花，可以看到雪花的挣扎，一些雪花继续留恋地待在了身上，变成了水珠在肩上盈荡；更多的雪花则是带着失落，从肩上飘落。这是雪花的懈怠？还是雪花的依赖？没有人会知道雪花的经历了什么，因为雪花一直都是沉默，沉默地从天空中飘过来，没有雨的豪迈，只是显得绰约，也显得婉约，犹如<a class=\"keywordlink\" href=\"http://www.jj59.com/30/\">恋爱</a>中的少女，对爱人的模糊，也带着对爱人的期且，保持着几分羞怯，迎着风的凛冽，看着天空，看着自己的梦。风吹过来的时候，雪花就会有着忧愁，慢慢地随风飘走，就像是揣着梦想的人，尽管走到很认真，可是却总是身不由己，一直都是在跌跌撞撞中留下了足迹。有时候雪会随着风在不断的旋转，会变得凌乱，不知所措，不知道对和错，但依旧还是保持着前行的姿态，还是会着它心中的未来。<br />\r\n　　<br />\r\n　　雪花继续飞着，继续保持着它的沉默。树，变成了白色的雕塑，不再是瘦削而安静，而是显得臃肿，在风中，发出着自己的声音，留下了树的疑问。雪花继续漫步着小城，是小城处在了一片朦胧之中。伸出手，想要接下岁月的等候，雪花却不断的从指间滑落，与手相互交错。闭上眼睛，品味着这一份安静，可以轻轻抚摸着岁月的痕迹，可以摩挲着日子的得意，可以留下自己淡淡的足迹。睁开眼睛，看到雪花不断地飘过留下了它的身影，伴随着我的心跳，留下了冬日里面的<a class=\"keywordlink\" href=\"http://www.jj59.com/zti/weixiao/\">微笑</a>。<br />\r\n　　<br />\r\n　　高楼也变成了白色，山野变成了白色，在冬日的阳光中，纯洁而又纯净。恍然间，可以看到百花缭绕，可以可以看到鲜花的微笑。这是冬日的微笑？还是春天的微笑？还是希望的微笑？',0,'',0,10000,'',0,'',0,1,'|0'),(55,'&ldquo;听说你的妻子几个月前失踪了，是吗？&rdquo;<br />\r\n<br />\r\n&ldquo;不，不是失踪，是在旅行。&rdquo;<br />\r\n<br />\r\n&ldquo;旅行？那她还会回来吗？&rdquo;<br />\r\n<br />\r\n<br />\r\n在晓君眼里，翎慕白很高冷。<br />\r\n<br />\r\n她第一天上班就迟到，冒冒失失的推开门，翎慕白的销售团队正在开会，听见猛地推门声，会议室瞬间迎来一片寂静，所有目光都望向一动不动，睁大了眼的晓君。<br />\r\n<br />\r\n&ldquo;对不起，我，我睡过头了。&rdquo;晓君被那么多人注视着，脸上微微发烫，说气话来也有些结巴。<br />\r\n<br />\r\n她微微低着脑袋走向自己的位置，中途偷偷抬眼瞄了下她的上司翎慕白，发现他面无表情的看着自己。本以为会挨批评，但翎慕白却说：&ldquo;继续开会。&rdquo;<br />\r\n<br />\r\n她将耳边的发丝捋到耳后，在不被发觉的情况下，深深的呼出一口气。<br />\r\n<br />\r\n晓君自从进了翎慕白的团队，几个月的<a class=\"keywordlink\" href=\"http://www.jj59.com/zti/time/\">时间</a>里，从未看见过他笑过，她忍不住好奇，跑去问同事，同事用手挡住嘴唇，凑近她耳边：&ldquo;他老婆失踪了，好几个月了，可别说是我说的。&rdquo;<br />\r\n<br />\r\n不知为何，脑中出现翎慕白那张冷漠的面孔，心里竟然有些悲伤起来。<br />\r\n<br />\r\n她不知道这股悲伤源自何处，她将它归为同情。<br />\r\n<br />\r\n没多久，她就听说翎慕白辞职了，她听到这个消息后，情绪失控的尖叫了出来：&ldquo;什么？&rdquo;<br />\r\n<br />\r\n所有人都惊讶的看着她，不知为何她会做出如此反应。<br />\r\n<br />\r\n此刻，她知道为何。<br />\r\n<br />\r\n经过几个月的朝夕相处，翎慕白几乎每天都会亲自教导她，教她销售的技巧，跟她讲心理学的基础知识，跟她谈销售行业的常态等等。但却从来没有谈过他自己的任何事情。<br />\r\n<br />\r\n她渴望他主动告诉自己，主动向自己倾诉。<br />\r\n<br />\r\n像被人偷走了很重要的一件东西，晓君在翎慕白辞职后的日子里，整日恍恍惚惚，无精打采，在和客户谈合作的时候，也每每出现岔子，导致客户流失。<br />\r\n<br />\r\n这样子过了一个礼拜，再也熬不住心中的执念，向公司请了假，打算去找翎慕白。<br />\r\n<br />\r\n住处和他常去的酒吧都没有他的身影，她不知道这样做是否会有结果，但她却想要给自己一个不后悔的结果。<br />\r\n<br />\r\n也许是命运的垂怜，她在公交车上遇到了他。<br />\r\n<br />\r\n她一上车就看见了后排的他，他正在低头看手机；她心里像开了花一样，想要大声的笑出来，但却忍住，最后，将这种喜悦藏在嘴角，只露出淡淡的<a class=\"keywordlink\" href=\"http://www.jj59.com/zti/weixiao/\">微笑</a>。<br />\r\n<br />\r\n她不声不响径直走到他的旁边，坐下。<br />\r\n<br />\r\n他似乎没有注意到她，手里捧着手机，看的很认真；她假装咳嗽了下，他仍然无动于衷。<br />\r\n<br />\r\n她有些恼火了，突然的相遇，并没有让她做好心理准备，不知如何开口搭讪。<br />\r\n<br />\r\n正在她蹙眉焦急时，他说话了：&ldquo;是你啊。&rdquo;<br />\r\n<br />\r\n&ldquo;啊？嗯嗯，对啊，是你啊。&rdquo;她惊慌失措。<br />\r\n<br />\r\n他对她微微点了点头，表示问好，然后又继续低头看手机。<br />\r\n<br />\r\n她心里有种想要骂他的冲动：&ldquo;这人真是无趣。&rdquo;<br />\r\n<br />\r\n公交车提示到站，他对她说：&ldquo;我到了。&rdquo;<br />\r\n<br />\r\n&ldquo;啊？哦哦，我也到了啊。&rdquo;<br />\r\n<br />\r\n她跟着他的脚步，他停下来，转身对她说：&ldquo;我知道你喜欢我，但我不喜欢你，我有妻子。&rdquo;<br />\r\n<br />\r\n他淡漠的看着她，她总是被他的行为和言语搞的不知所措，此刻，这么一句话冒出来，她根本不知道该怎么回答。<br />\r\n<br />\r\n眨巴着眼睛，长长的睫毛扑打扑打着，像飞舞着的蝴蝶的翅膀。就那样看着他。<br />\r\n<br />\r\n他紧闭的双唇再次开阖：&ldquo;别跟着我了，好吗？&rdquo;<br />\r\n<br />\r\n他像是在祈求。<br />\r\n<br />\r\n不知是风吹进双眼还是所有的期盼在这一瞬间破灭的原因，眼睛竟然开始湿润，在迷蒙的视线中，他的背影渐行渐远。<br />\r\n<br />\r\n齐耳的短发，有几根被风带进了嘴角，她没有去捋开它们。<br />\r\n<br />\r\n另一辆公交车停在路边，她拖着恍惚的身子上了车。<br />\r\n<br />\r\n他的身影出现在巷口，望着远去的公交车，眼中情绪复杂，愧疚，忍耐，爱怜。<br />\r\n<br />\r\n他回到家，&ldquo;啪&rdquo;的一下，打开墙壁上的开关，整个屋子亮了起来。<br />\r\n<br />\r\n走到卧室的窗前，双手向外撑开，拉开窗帘，他点燃了一支烟，抽了几口，转头看到床头柜上的相框；它保持这样的姿势立在那里已经很久了。<br />\r\n<br />\r\n坐在床沿上，拿起相框，大拇指轻轻抚摸相框中的照片；齐耳的短发，白色的衬衫，高挺的鼻梁，对着他做了一个拍照时常用的姿势：剪刀手。<br />\r\n<br />\r\n&ldquo;你在哪里？&rdquo;<br />\r\n<br />\r\n&ldquo;你回来了吗？&rdquo;<br />\r\n<br />\r\n&ldquo;她和你很像。&rdquo;<br />\r\n<br />\r\n&ldquo;她喜欢我。&rdquo;<br />\r\n<br />\r\n&ldquo;但<a class=\"keywordlink\" href=\"http://www.jj59.com/zti/woaini/\">我爱你</a>。&rdquo;<br />\r\n<br />\r\n&ldquo;我无法在那种环境下继续工作，我怕我终究会忍不住将她当做是你。&rdquo;<br />\r\n<br />\r\n之后的半个月，翎慕白再也没有见到晓君，以前见到她就躲着她，现在见不到，竟然有些失落。他不清楚这是否是将她当做自己的妻子，他恐惧这样的想法，绝不允许这样做。<br />\r\n<br />\r\n又过去半个月，有警察找到他。<br />\r\n<br />\r\n&ldquo;我们发现了一具女尸...&rdquo;<br />\r\n<br />\r\n后面的话像是洪钟一样，听不清了，脑子里嗡嗡嗡的。<br />\r\n<br />\r\n整个人往后退了好几步，直到腰部靠在桌子上才停下。<br />\r\n<br />\r\n女尸是他妻子，已经被水泡的浮肿，皮肤早就溃烂，可谓面目全非。<br />\r\n<br />\r\n若不是在她的项链上发现了&ldquo;LMBLVOEZXX&rdquo;的字样，他死都不会承认这是他妻子。<br />\r\n<br />\r\n因为这个项链是他们两共同去定做的，而且在项链上雕刻了彼此的名字的简写字母&ldquo;翎慕白爱张萱萱&rdquo;。<br />\r\n',0,'',0,10000,'',0,'',0,1,'好文章|0'),(56,'　一粒烟火，一沓花香，几步清影，几度夕阳红，安心地，在一方种满欢喜的小院子，心无杂念，等黎明的曙光，等未曾谋面的<a class=\"keywordlink\" href=\"http://www.jj59.com/zti/yuanfen/\">缘份</a>，于遥远时空中，踏月而来。只是简单着，再简单的，等一朵花，开了；待一滴细雨，醉了，自由自在于一抹清风徐来之时，数一枚枚心事，打开一叠一叠的似水年华，让生命入住烟火。<br />\r\n　　<br />\r\n　　向来喜欢浅淡的颜<a class=\"keywordlink\" href=\"http://www.jj59.com/zti/se/\">色</a>，小巧玲珑的植物，略有年代的物件，就如一直专注一个字，一句话，一沓又一沓的花香，沾着一点烟火的味道，有些清明，有些温润，轻轻微微惠临身旁。带着那么一点的忧思，合着小小的愿望，组合一方，只是恰好入了心情，醉了心意，而已。<br />\r\n　　<br />\r\n　　如此美好在，种下的花香绿植里，自行诗意抽花，或许一直未曾花开，只是绿意盎然了，一方院子，一窗台阳光，也挺好。在灯火阑珊处，为夕阳谱写了，一卷春生的愿望；为平凡的<a class=\"keywordlink\" href=\"http://www.jj59.com/zti/shenghuo/\">生活</a>，点缀了一响欢颜，一道风景，专属着一种味道，让日子生香。<br />\r\n　　<br />\r\n　　当经过了烟火半生，回望那年那月，一季初夏的花开，也曾相识相知，欢喜写意，扣字书信，折香间。在成长的路程上，远了谁的<a class=\"keywordlink\" href=\"http://www.jj59.com/zti/jiyi/\">记忆</a>？隔断谁的初心？总是在回忆的一方小盒子里，翻阅时光太瘦的答案，却未能解读，戏如<a class=\"keywordlink\" href=\"http://www.jj59.com/zheliwenzhang/\">人生</a>的轮换。<br />\r\n　　<br />\r\n　　也许烟火的季节，本是交替着的美丽，没有一如当初，一如往昔，都是不断追逐黎明，相互暗换，不同的面孔，不同的人事布局。黑白棋子，交替落下，没有始终的人生赢家，有的只是看待的角度。<br />\r\n　　<br />\r\n　　想来，想去，曾经落款的故事，烙印在一方格子间，而这烟火人生，不过是，格子间的一沓沓的花香串联，我闻到了，踏马来到这，有了一段时光，花开花落了一墙角花月。<br />\r\n　　<br />\r\n　　花香烟火，一沓沓，邻水静坐数光阴，一朵忧，一瓣喜，从容迎来，淡然相送。生活的过场，简单而细致，斟酌各种况味，叠加人生的角角落落，一些彩绘，一点点的浅妆，厚重着一双手，去温暖忽而之间的薄凉。<br />\r\n　　<br />\r\n　　岁月缝花，时光煮雨，萌生些葱茏，盛放些欢喜，于生命绿圃，让花香烟火，一沓沓，随心而来，随缘而去，不论如何，一枚温善深情，不负你我，不负生命，就好！<br />\r\n　　<br />\r\n　　文落梅<a class=\"keywordlink\" href=\"http://www.jj59.com/zti/xue/\">雪</a>舞',0,'',0,10000,'',0,'',0,1,'好文章|0'),(57,'<h1>哲理诗歌&middot;棋子如果甘心</h1>\r\n　　充数别人手中的棋子<br />\r\n　　那么命运<br />\r\n　　已经注定<br />\r\n　　博弈中<br />\r\n　　随时可以踢出局<br />\r\n　　<br />\r\n　　如果努力<br />\r\n　　晋升<br />\r\n　　盛装棋子的盒<br />\r\n　　那么整个世界<br />\r\n　　将成为<br />\r\n　　自由布局的棋盘<br />\r\n　　<br />\r\n　　美如画微信：shmeiru<br />\r\n　　词条：棋子命运出局晋升世界布局<br />\r\n　　任何单位和个人使用作品必须注明作者和出处违者必究',0,'',0,10000,'',0,'',0,1,'好文章|0'),(58,'如果甘心<br />\r\n　　充数别人手中的棋子<br />\r\n　　那么命运<br />\r\n　　已经注定<br />\r\n　　博弈中<br />\r\n　　随时可以踢出局<br />\r\n　　<br />\r\n　　如果努力<br />\r\n　　晋升<br />\r\n　　盛装棋子的盒<br />\r\n　　那么整个世界<br />\r\n　　将成为<br />\r\n　　自由布局的棋盘<br />\r\n　　<br />\r\n　　美如画微信：shmeiru<br />\r\n　　词条：棋子命运出局晋升世界布局<br />\r\n　　任何单位和个人使用作品必须注明作者和出处违者必究',0,'',0,10000,'',0,'',0,1,'|0'),(59,'<a class=\"keywordlink\" href=\"http://www.jj59.com/zti/qingchun/\">青春</a>如那静夜的昙花，开放时千娇百媚纯白圣洁却没有引起足够的重视，等时间流逝后人们看到的只有花影低垂芳容不在，所以世间有很多的人徒然叹息。青春相对于时间，如花儿般脆弱，如流水般易逝&hellip;&hellip;对于深知其中道理的我们，作为山东联合的学生，这是我们的事业，我们把握青春在手，积极奋斗只争朝夕。<br />\r\n　　<br />\r\n　　青春是现场直播，没有剧本也没有时间给我们演练和彩排，我们是这独幕剧中的编剧导演兼演员。在山东圣翰这青春大舞台的演出中，我们没有退路只有前进并且容不得半点的疏忽：对工作做到主动、热忱和敬业，根据情况制定切合实际的计划，同时要有坚决的执行力，冷静、果敢地采取行动，一心一意地任务完成，坚持不懈地把自己的理想实现!<br />\r\n　　<br />\r\n　　所以，让日子就这样过着，把青春在这里放置。我们在日复一日的循环中去寻求<a class=\"keywordlink\" href=\"http://www.jj59.com/zti/shenghuo/\">生活</a>的真谛，我们在育人的工作中去播种爱和责任，前途的坎坷只会昂扬我们的斗志，今日的寂寥更增添我们的坚强&hellip;&hellip;<br />\r\n　　<br />\r\n　　人生真的就是这样，虽然青春会如花儿一般凋零，可奋斗的精神让人青春永驻。去的让它去着因为我无怨无悔，来的尽管都来我积极应对。青春就在这人生的奋斗中闪光，青春就在我们的笑脸上延续，青春就在山东圣翰的教室里上永恒',0,'',0,10000,'',0,'',0,1,'|0'),(60,'　在日本，日本人非常看重团体与关系，非常注重自己在团体中是否与他人一致性。日本人也非常赞同集体<a class=\"keywordlink\" href=\"http://www.jj59.com/zti/shenghuo/\">生活</a>，追求自己与他人的相互依存的关系。<br />\r\n　　<br />\r\n　　所以在日本，子女、后辈、下级都是可以像父母提出一些无力的要求。同样，父母、前辈、上级也是可以对下级传达无理的指示。这样就表示大家都是属于这个团体。<br />\r\n　　<br />\r\n　　所以也就衍生出日本最典型的学习方式&mdash;&mdash;记笔记，日本人认为只有把笔记做好了，才能取得好的成绩，并且非常执着于标准。<br />\r\n　　<br />\r\n　　在韩国，中学生的学习是很有深度的，除了日常上课外，还会经常参与一些补习班，追求和解决深度的问题。他们很喜欢租住在一个只有5平方米的房间里学习，里面只有一张桌子一张床。<br />\r\n　　<br />\r\n　　他们的理想其实也和我们很类似，考上一个好的大学，毕业后能找到一份好的工作，找个优秀的人结婚。<br />\r\n　　<br />\r\n　　在印度，则有被誉为世界上最难的考试JEE（联合入学考试）。在印度的学习圣地科塔，有60万人在准备高考，其中一半以上是通过复读才通过JEE考试的。<br />\r\n　　<br />\r\n　　一件教室坐着200多人，每天都坚持学习12个小时，之所以那么拼命是因为IIT（印度理工）毕业证是唯一能够拜托贫穷和出身的方法，比如美国硅谷的创业者就有15%是来自ITT。<br />\r\n　　<br />\r\n　　法国，则是一个高考考哲学的国家。如果<a class=\"keywordlink\" href=\"http://www.jj59.com/zti/yigeren/\">一个人</a>在会考中合格，不管什么时候，他就不必参加任何考试就可以申请任何地区的任何一所大学。<br />\r\n　　<br />\r\n　　很多高中生放学后会直接去咖啡馆，为了就是参与哲学讨论。法国的哲学考试和中国的不太一样，不是光背诵与哲学有关的内容，而是给学生提供一些观念的主题让他们展开讨论。<br />\r\n　　<br />\r\n　　在英国的牛津大学，倡导提问式学习。牛津大学非常重视面试，也采用一对一导师授课的方式，每位教授辅导1&mdash;2名学生。<br />\r\n　　<br />\r\n　　学生通常会利用3天<a class=\"keywordlink\" href=\"http://www.jj59.com/zti/time/\">时间</a>完成一篇论文，然后交给教授审阅，教授则会通过不断提问的方式，让学生继续深入下去。<br />\r\n　　<br />\r\n　　哈佛大学有三分之一的学生是犹太人，耶鲁有25%，华尔街所有投资银行都是犹太人创办，那么这个高智商的种群，都是怎么学习的？<br />\r\n　　<br />\r\n　　犹太学校的学习非常的自由，<a class=\"keywordlink\" href=\"http://www.jj59.com/zti/laoshi/\">老师</a>和学生之间会不断讨论问题。如果你来到这里，你将找不到一个安静的课室，所有的老师都要求大家不断的讨',0,'',0,10000,'',0,'',0,1,'|0'),(61,'<span style=\"color: rgb(51, 51, 51); font-family: 宋体; font-size: 14px;\"><img alt=\"\" src=\"http://localhost/lycms/install_package/uploadfile/2017/1226/20171226082859562.jpg\" style=\"width: 551px; height: 300px;\" />&nbsp;<br />\r\n1、</span><a class=\"keywordlink\" href=\"http://www.jj59.com/\" style=\"border: 0px; margin: 0px; padding: 0px; text-decoration-line: none; color: rgb(51, 51, 51); outline: none; font-family: 宋体; font-size: 14px;\">阅读</a><span style=\"color: rgb(51, 51, 51); font-family: 宋体; font-size: 14px;\">的力量。杨绛是钱锺书的妻子，是著名作家、戏剧家和翻译家。她早年创作的剧本《称心如意》被搬上舞台长达60多年，直到2014年还在公演;她的《干校六记》《我们仨》等作品具有穿越时代的力量，也是出版界叫好又叫座的畅销书;她翻译的西班牙文学名著《堂吉诃德》是该书最好的中文译本之一。与一些文学家相比，杨绛称不上高产作家，但几乎篇篇以精致的文本、深邃的思想让读者折服。作为博学多才的大学问家，她用近百年的才学，演绎着&ldquo;腹有诗书气自华&rdquo;的文化涵养。用平平淡淡的</span><a class=\"keywordlink\" href=\"http://www.jj59.com/\" style=\"border: 0px; margin: 0px; padding: 0px; text-decoration-line: none; color: rgb(51, 51, 51); outline: none; font-family: 宋体; font-size: 14px;\">文字</a><span style=\"color: rgb(51, 51, 51); font-family: 宋体; font-size: 14px;\">，传递着熊熊燃烧的生命之火，温暖着越来越多读书人的心灵。</span><br style=\"border: 0px; margin: 0px; padding: 0px; color: rgb(51, 51, 51); font-family: 宋体; font-size: 14px;\" />\r\n<br style=\"border: 0px; margin: 0px; padding: 0px; color: rgb(51, 51, 51); font-family: 宋体; font-size: 14px;\" />\r\n<span style=\"color: rgb(51, 51, 51); font-family: 宋体; font-size: 14px;\">&nbsp;2、品格的力量。曲折多舛的命运，塑造了杨绛先生传奇的一生和她坚韧的</span><a class=\"keywordlink\" href=\"http://www.jj59.com/zti/shenghuo/\" style=\"border: 0px; margin: 0px; padding: 0px; text-decoration-line: none; color: rgb(51, 51, 51); outline: none; font-family: 宋体; font-size: 14px;\">生活</a><span style=\"color: rgb(51, 51, 51); font-family: 宋体; font-size: 14px;\">信念、淡定从容的生活态度。她始终以乐观向上的精神感染众人。在文化大革命期间，钱钟书和杨绛成了&ldquo;牛鬼蛇神&rdquo;。杨绛被人剃了&ldquo;阴阳头&rdquo;，她连夜赶做了假发套，第二天照常出门买菜。杨绛一度被安排扫厕所，但她认为收拾厕所有意想不到的好处：其一，可以躲避红卫兵的&ldquo;造反&rdquo;;其二，可以销毁&ldquo;会生麻烦的字纸&rdquo;;其三，可以&ldquo;享受到前所未识的自由&rdquo;。这种豁达与坚韧让她走过了那场给国家和人民带来严重灾难的内乱。难能可贵的是，杨绛能够真实地将自己在逆境中的遭遇记录下来，以文学的方式提醒后人牢记历史教训。</span><br style=\"border: 0px; margin: 0px; padding: 0px; color: rgb(51, 51, 51); font-family: 宋体; font-size: 14px;\" />\r\n<br style=\"border: 0px; margin: 0px; padding: 0px; color: rgb(51, 51, 51); font-family: 宋体; font-size: 14px;\" />\r\n<span style=\"color: rgb(51, 51, 51); font-family: 宋体; font-size: 14px;\">&nbsp; 3、家庭的力量。人们怀念杨绛，同样因为她与钱锺书先生&ldquo;高雅&rdquo;的</span><a class=\"keywordlink\" href=\"http://www.jj59.com/love-lianai/\" style=\"border: 0px; margin: 0px; padding: 0px; text-decoration-line: none; color: rgb(51, 51, 51); outline: none; font-family: 宋体; font-size: 14px;\">爱情</a><span style=\"color: rgb(51, 51, 51); font-family: 宋体; font-size: 14px;\">。在各类关于杨绛的传记和报道中，流传着许多钱锺书与杨绛的爱情</span><a class=\"keywordlink\" href=\"http://www.jj59.com/\" style=\"border: 0px; margin: 0px; padding: 0px; text-decoration-line: none; color: rgb(51, 51, 51); outline: none; font-family: 宋体; font-size: 14px;\">故事</a><span style=\"color: rgb(51, 51, 51); font-family: 宋体; font-size: 14px;\">。这种爱情观念传达了人类最真挚的</span><a class=\"keywordlink\" href=\"http://www.jj59.com/qinggantiandi/\" style=\"border: 0px; margin: 0px; padding: 0px; text-decoration-line: none; color: rgb(51, 51, 51); outline: none; font-family: 宋体; font-size: 14px;\">情感</a><span style=\"color: rgb(51, 51, 51); font-family: 宋体; font-size: 14px;\">，让一些流行的浮躁爱情观相形见绌。杨绛先生的家庭纪事散文《我们仨》，用优美的文字表达出对家庭真挚隽永的亲情，深深打动了成千上万读者。</span><br style=\"border: 0px; margin: 0px; padding: 0px; color: rgb(51, 51, 51); font-family: 宋体; font-size: 14px;\" />\r\n<br style=\"border: 0px; margin: 0px; padding: 0px; color: rgb(51, 51, 51); font-family: 宋体; font-size: 14px;\" />\r\n<span style=\"color: rgb(51, 51, 51); font-family: 宋体; font-size: 14px;\">&nbsp;认真地年轻，优雅地老去。杨绛以积极乐观的心态对待晚年，她说&ldquo;暮年是美好生活的开始，是一种从容、恬阔、悠哉游哉的状态。&rdquo;当媒体发起一番声讨：某些年轻人在公交车上没有主动为老年人让座；因为忙于事业或工作，不能及时关心父母之时，杨绛却能理性地释疑解惑，她说：老年朋友们，何不错开尖峰</span><a class=\"keywordlink\" href=\"http://www.jj59.com/zti/time/\" style=\"border: 0px; margin: 0px; padding: 0px; text-decoration-line: none; color: rgb(51, 51, 51); outline: none; font-family: 宋体; font-size: 14px;\">时间</a><span style=\"color: rgb(51, 51, 51); font-family: 宋体; font-size: 14px;\">出行，给公共交通缓解压力。与年轻人相互理解、相互关怀、相互尊重，何乐而不为？我们不要满怀焦灼期待子女常回家看看。子女们有各自的生活和事业，他们像永不停歇的陀螺一样。&rdquo;记住，年轻人永远比老年人忙。我们要学会在孤独的时候给自己安慰，在</span><a class=\"keywordlink\" href=\"http://www.jj59.com/zti/jimo/\" style=\"border: 0px; margin: 0px; padding: 0px; text-decoration-line: none; color: rgb(51, 51, 51); outline: none; font-family: 宋体; font-size: 14px;\">寂寞</a><span style=\"color: rgb(51, 51, 51); font-family: 宋体; font-size: 14px;\">的时候给自己温暖。</span><br style=\"border: 0px; margin: 0px; padding: 0px; color: rgb(51, 51, 51); font-family: 宋体; font-size: 14px;\" />\r\n<br style=\"border: 0px; margin: 0px; padding: 0px; color: rgb(51, 51, 51); font-family: 宋体; font-size: 14px;\" />\r\n<span style=\"color: rgb(51, 51, 51); font-family: 宋体; font-size: 14px;\">&nbsp;花开花谢，潮起潮落，不经意间我们正走向人生的暮年。我们曾如此渴望命运的波澜，到最后才发现：人生最曼妙的风景，竟是内心的淡定与从容。我们曾如此期望外界的认可，到最后才知道，世界是自己的，与他人毫无关系。老要有老的风骨，老要有老的优雅，正如春华秋实，四季轮回，各有风采。愿我们保持一颗宁静的心，少些期盼、多些宽容，宠辱不惊、去留无碍，</span><a class=\"keywordlink\" href=\"http://www.jj59.com/zti/weixiao/\" style=\"border: 0px; margin: 0px; padding: 0px; text-decoration-line: none; color: rgb(51, 51, 51); outline: none; font-family: 宋体; font-size: 14px;\">微笑</a><span style=\"color: rgb(51, 51, 51); font-family: 宋体; font-size: 14px;\">向前，善待暮年的自己&rdquo;。</span><br style=\"border: 0px; margin: 0px; padding: 0px; color: rgb(51, 51, 51); font-family: 宋体; font-size: 14px;\" />\r\n<br style=\"border: 0px; margin: 0px; padding: 0px; color: rgb(51, 51, 51); font-family: 宋体; font-size: 14px;\" />\r\n<span style=\"color: rgb(51, 51, 51); font-family: 宋体; font-size: 14px;\">&nbsp;在杨绛周年祭日中，重温她的华彩历程，让我深深地的感慨到杨绛的一生： 悟</span><a class=\"keywordlink\" href=\"http://www.jj59.com/zheliwenzhang/\" style=\"border: 0px; margin: 0px; padding: 0px; text-decoration-line: none; color: rgb(51, 51, 51); outline: none; font-family: 宋体; font-size: 14px;\">人生哲理</a><span style=\"color: rgb(51, 51, 51); font-family: 宋体; font-size: 14px;\">，绘命运轨迹，看冰在玉壶 懂善待暮年，求生死相依，终驾鹤西归。</span><br style=\"border: 0px; margin: 0px; padding: 0px; color: rgb(51, 51, 51); font-family: 宋体; font-size: 14px;\" />\r\n<br style=\"border: 0px; margin: 0px; padding: 0px; color: rgb(51, 51, 51); font-family: 宋体; font-size: 14px;\" />\r\n<span style=\"color: rgb(51, 51, 51); font-family: 宋体; font-size: 14px;\">&nbsp;2017、5、25于上海</span>',0,'',0,10000,'',0,'',0,1,'|0'),(62,'<span style=\"color: rgb(51, 51, 51); font-family: 宋体; font-size: 14px;\">今日，看了中央电视台播出的《星光大道》节目。我知道，这个节目主要是唱歌比赛。为了一举成名天下知，大家使出浑身解数，只为取得好成绩，拿到&ldquo;周冠军&rdquo;，然后拿到&ldquo;月冠军&rdquo;、&ldquo;年度总冠军&rdquo;。都说&ldquo;内行看门道，外行看热闹&rdquo;，我是外行，自然是冲着节目的热闹而来。然而今天，我这个外行却被热闹的节目深深</span><a class=\"keywordlink\" href=\"http://www.jj59.com/ganrengandong/\" style=\"border: 0px; margin: 0px; padding: 0px; text-decoration-line: none; color: rgb(51, 51, 51); outline: none; font-family: 宋体; font-size: 14px;\">感动</a><span style=\"color: rgb(51, 51, 51); font-family: 宋体; font-size: 14px;\">了，也悟出了一些道理。</span><br style=\"border: 0px; margin: 0px; padding: 0px; color: rgb(51, 51, 51); font-family: 宋体; font-size: 14px;\" />\r\n<span style=\"color: rgb(51, 51, 51); font-family: 宋体; font-size: 14px;\">　　</span>',0,'',0,10000,'',0,'',0,1,'好文章|0'),(63,'<span style=\"color: rgb(51, 51, 51); font-family: 宋体; font-size: 14px;\">　人最宝贵的东西是生命。&rdquo;生命对于我们只有一次。</span><a class=\"keywordlink\" href=\"http://www.jj59.com/zti/yigeren/\" style=\"border: 0px; margin: 0px; padding: 0px; text-decoration-line: none; color: rgb(51, 51, 51); outline: none; font-family: 宋体; font-size: 14px;\">一个人</a><span style=\"color: rgb(51, 51, 51); font-family: 宋体; font-size: 14px;\">的生命应该是这样度过：当他回首往事的时候，他不因虚度年华而悔恨，也不因碌碌无为而羞愧&mdash;&mdash;这样，在临死的时候，他能够说：&ldquo;我整个生命和全部，都已献给世界上最壮丽的事业&mdash;&mdash;为全人类解放而斗争。&rdquo;&mdash;&mdash;保尔&middot;柯察金</span><br style=\"border: 0px; margin: 0px; padding: 0px; color: rgb(51, 51, 51); font-family: 宋体; font-size: 14px;\" />\r\n<span style=\"color: rgb(51, 51, 51); font-family: 宋体; font-size: 14px;\">　　</span><br style=\"border: 0px; margin: 0px; padding: 0px; color: rgb(51, 51, 51); font-family: 宋体; font-size: 14px;\" />\r\n<span style=\"color: rgb(51, 51, 51); font-family: 宋体; font-size: 14px;\">　　保尔他说到了，并且做到了，即使在常人看来是不可逾越的困难，保尔以他超人的毅力实践着他生命的誓言&mdash;&mdash;将自己的生命和全部精力，献给解放全人类的斗争，一本《钢铁是怎样炼成的》诉说着一切，我们也从他身上看到了学习的榜样。保尔&middot;柯察金，一个时代最可贵、美好的精神品质凝聚于他的身上&mdash;&mdash;为理想而奋斗的精神，钢铁般的意志与顽强奋斗的高贵品质。</span><br style=\"border: 0px; margin: 0px; padding: 0px; color: rgb(51, 51, 51); font-family: 宋体; font-size: 14px;\" />\r\n<span style=\"color: rgb(51, 51, 51); font-family: 宋体; font-size: 14px;\">　　</span><br style=\"border: 0px; margin: 0px; padding: 0px; color: rgb(51, 51, 51); font-family: 宋体; font-size: 14px;\" />\r\n<span style=\"color: rgb(51, 51, 51); font-family: 宋体; font-size: 14px;\">　　也许我们并没有像保尔那样崇高的志向,因为我们只是平凡得不能再平凡的人,我们无须面对战乱,也无须为之献身,,但我们同样拥有理想,我们也同样要经历坎坷,我们应该学习保尔的坚强,勇敢与执着.现在的</span><a class=\"keywordlink\" href=\"http://www.jj59.com/zti/shenghuo/\" style=\"border: 0px; margin: 0px; padding: 0px; text-decoration-line: none; color: rgb(51, 51, 51); outline: none; font-family: 宋体; font-size: 14px;\">生活</a><span style=\"color: rgb(51, 51, 51); font-family: 宋体; font-size: 14px;\">固然安定,但决不能就此放荡自己。</span><br style=\"border: 0px; margin: 0px; padding: 0px; color: rgb(51, 51, 51); font-family: 宋体; font-size: 14px;\" />\r\n<span style=\"color: rgb(51, 51, 51); font-family: 宋体; font-size: 14px;\">　　</span><br style=\"border: 0px; margin: 0px; padding: 0px; color: rgb(51, 51, 51); font-family: 宋体; font-size: 14px;\" />\r\n<span style=\"color: rgb(51, 51, 51); font-family: 宋体; font-size: 14px;\">　　</span><a class=\"keywordlink\" href=\"http://www.jj59.com/zheliwenzhang/\" style=\"border: 0px; margin: 0px; padding: 0px; text-decoration-line: none; color: rgb(51, 51, 51); outline: none; font-family: 宋体; font-size: 14px;\">人生</a><span style=\"color: rgb(51, 51, 51); font-family: 宋体; font-size: 14px;\">需要一盏指路的明灯，这明灯就是&ldquo;理想&rdquo;。求索的道路是漫长、艰难、曲折的，但只要有理想的明灯引航。我们就有坚定、正确的方向，排除万难，迎来人生辉煌。假若，这盏明灯因经不起风风雨雨的考验，而失去它原有的万丈光明，那么漫漫长夜，在怪石嶙峋、充满艰难险阻的&ldquo;登山&rdquo;旅途中，磕磕绊绊，迷失方向也就在所难免了。</span><br style=\"border: 0px; margin: 0px; padding: 0px; color: rgb(51, 51, 51); font-family: 宋体; font-size: 14px;\" />\r\n<span style=\"color: rgb(51, 51, 51); font-family: 宋体; font-size: 14px;\">　　</span><br style=\"border: 0px; margin: 0px; padding: 0px; color: rgb(51, 51, 51); font-family: 宋体; font-size: 14px;\" />\r\n<span style=\"color: rgb(51, 51, 51); font-family: 宋体; font-size: 14px;\">　　而比起保尔，我们是幸运的。他双目失明，双耳失聪，在那样一个无助的世界里，在一片黑暗和寂静的世界里，站起身，靠着刻苦、努力，成为一个伟大的作家，写出了《钢铁是怎样炼成的》这部警世之作。是他坚强不屈的意志，使他变成世界上第一个一辈子聋而不闻、盲而不见、而却不是哑而无言的人，他的精神筑就了他的伟大。</span><br style=\"border: 0px; margin: 0px; padding: 0px; color: rgb(51, 51, 51); font-family: 宋体; font-size: 14px;\" />\r\n<span style=\"color: rgb(51, 51, 51); font-family: 宋体; font-size: 14px;\">　　</span><br style=\"border: 0px; margin: 0px; padding: 0px; color: rgb(51, 51, 51); font-family: 宋体; font-size: 14px;\" />\r\n<span style=\"color: rgb(51, 51, 51); font-family: 宋体; font-size: 14px;\">　　我们有明亮的眼睛、灵敏的耳朵，这些都是海伦不可求的。我们还有美丽的校园、宽敞明亮的教室、亲切和蔼的</span><a class=\"keywordlink\" href=\"http://www.jj59.com/zti/laoshi/\" style=\"border: 0px; margin: 0px; padding: 0px; text-decoration-line: none; color: rgb(51, 51, 51); outline: none; font-family: 宋体; font-size: 14px;\">老师</a><span style=\"color: rgb(51, 51, 51); font-family: 宋体; font-size: 14px;\">、</span><a class=\"keywordlink\" href=\"http://www.jj59.com/zti/kuaile/\" style=\"border: 0px; margin: 0px; padding: 0px; text-decoration-line: none; color: rgb(51, 51, 51); outline: none; font-family: 宋体; font-size: 14px;\">快乐</a><span style=\"color: rgb(51, 51, 51); font-family: 宋体; font-size: 14px;\">友好的同学&hellip;&hellip;这一切都这么美好，我们有何理由不去珍惜它们呢？如果我们都像海伦所写的那样&ldquo;把活着的每一天都看做生命的最后一天&rdquo;的话，我们过得每一天都会非常有意义、有朝气，对生活充满热情；假如我们的每一天都那样充实，我们何愁只有三天光明？因为我们的心灵已经代替了眼睛!</span><br style=\"border: 0px; margin: 0px; padding: 0px; color: rgb(51, 51, 51); font-family: 宋体; font-size: 14px;\" />\r\n<span style=\"color: rgb(51, 51, 51); font-family: 宋体; font-size: 14px;\">　　</span><br style=\"border: 0px; margin: 0px; padding: 0px; color: rgb(51, 51, 51); font-family: 宋体; font-size: 14px;\" />\r\n<span style=\"color: rgb(51, 51, 51); font-family: 宋体; font-size: 14px;\">　　意大利的空想社会主义者托马佐&middot;康帕拉为了祖国的解放而战斗。他被捕后，在狱中度过了27年，每次严厉拷打使他昏死过去，但每次苏醒过来后，他的第一个信念就是&ldquo;我能思索，我还活着！&rdquo;他不屈不挠，以自己的心血铸成了人类思想史上最早的空想社会主义著作之一《</span><a class=\"keywordlink\" href=\"http://www.jj59.com/zti/taiyang/\" style=\"border: 0px; margin: 0px; padding: 0px; text-decoration-line: none; color: rgb(51, 51, 51); outline: none; font-family: 宋体; font-size: 14px;\">太阳</a><span style=\"color: rgb(51, 51, 51); font-family: 宋体; font-size: 14px;\">城》。著名史学家司马迁虽然因得罪了汉武帝，而被&ldquo;净身&rdquo;，但他并没有因此而放弃自己的理想，他忍辱负重，终于写成了被誉为&ldquo;史家之绝唱，无韵之离骚&rdquo;的《史记》。</span><br style=\"border: 0px; margin: 0px; padding: 0px; color: rgb(51, 51, 51); font-family: 宋体; font-size: 14px;\" />\r\n<span style=\"color: rgb(51, 51, 51); font-family: 宋体; font-size: 14px;\">　　</span><br style=\"border: 0px; margin: 0px; padding: 0px; color: rgb(51, 51, 51); font-family: 宋体; font-size: 14px;\" />\r\n<span style=\"color: rgb(51, 51, 51); font-family: 宋体; font-size: 14px;\">　　每个人都有自己的理想，每个人心中都渴望着</span><a class=\"keywordlink\" href=\"http://www.jj59.com/chenggonglizhi/\" style=\"border: 0px; margin: 0px; padding: 0px; text-decoration-line: none; color: rgb(51, 51, 51); outline: none; font-family: 宋体; font-size: 14px;\">成功</a><span style=\"color: rgb(51, 51, 51); font-family: 宋体; font-size: 14px;\">。然而前进的道路不可能是一帆风顺的，总会遇到困难和挫折，那么多名人告诉我们应该怎么做。所以从今天开始，不要再虚度年华，不要沉湎昨天，不要观望明天，一切从现在开始，从今天开始。</span><br style=\"border: 0px; margin: 0px; padding: 0px; color: rgb(51, 51, 51); font-family: 宋体; font-size: 14px;\" />\r\n<span style=\"color: rgb(51, 51, 51); font-family: 宋体; font-size: 14px;\">　　</span><br style=\"border: 0px; margin: 0px; padding: 0px; color: rgb(51, 51, 51); font-family: 宋体; font-size: 14px;\" />\r\n<span style=\"color: rgb(51, 51, 51); font-family: 宋体; font-size: 14px;\">　　奋斗，从今天开始！</span>',0,'',0,10000,'',0,'',0,1,'好文章|0'),(64,'<span style=\"color: rgb(51, 51, 51); font-family: 宋体; font-size: 14px;\">新注册了公司，要不要直接申请为一般纳税人呢？是默认小规模纳税人好，还是申请为纳税人好。其实对于这两种的选择，无非就是希望自己注册的公司能少交税。对于这两种不同的选择，也会直接影响企业的税负！然而，究竟新注册公司是申请为一般纳税人交的税少，还是默认的小规模纳税人交的税少。</span><br style=\"border: 0px; margin: 0px; padding: 0px; color: rgb(51, 51, 51); font-family: 宋体; font-size: 14px;\" />\r\n<span style=\"color: rgb(51, 51, 51); font-family: 宋体; font-size: 14px;\">相信大家第一反应是：肯定是小规模纳税人交的税少呀，小规模纳税人不仅在规定条件下还可以免税，并且税率还低。所以新注册的公司还是默认为小规模纳税人更为好些。</span><br style=\"border: 0px; margin: 0px; padding: 0px; color: rgb(51, 51, 51); font-family: 宋体; font-size: 14px;\" />\r\n<span style=\"color: rgb(51, 51, 51); font-family: 宋体; font-size: 14px;\">按理来说，大家分析的都没有错，小规模纳税人的税率确实比一般纳税人的低很多，并且还能免税！但是，转折来了，小规模纳税人税率虽然低，但不能抵扣呀，不能开专用发票呀，当企业的收入超过规定的限额的话，一般纳税人抵扣后，小规模需要缴纳的税就要比一般纳税人就多了。</span><br style=\"border: 0px; margin: 0px; padding: 0px; color: rgb(51, 51, 51); font-family: 宋体; font-size: 14px;\" />\r\n<span style=\"color: rgb(51, 51, 51); font-family: 宋体; font-size: 14px;\">那么问题来了？究竟选小规模交的税少还是一般纳税人交的税少？</span><br style=\"border: 0px; margin: 0px; padding: 0px; color: rgb(51, 51, 51); font-family: 宋体; font-size: 14px;\" />\r\n<span style=\"color: rgb(51, 51, 51); font-family: 宋体; font-size: 14px;\">其实，也并没有那么复杂，这就只要看公司经营的好不好了。如果公司刚开业，经营的销售额季度收入如果是没有达到9万的，就选择小规模纳税人，这是还可以免税的。如果是达到了这个数，那么就该选择一般纳税人更合理了，达到这个销售额，那么一般纳税人可以抵扣专用发票，这时的一般纳税人就比小规模纳税人交的税还要低。</span><br style=\"border: 0px; margin: 0px; padding: 0px; color: rgb(51, 51, 51); font-family: 宋体; font-size: 14px;\" />\r\n<span style=\"color: rgb(51, 51, 51); font-family: 宋体; font-size: 14px;\">下面我们来看看一般纳税人和小规模纳税人的认定标准：</span><br style=\"border: 0px; margin: 0px; padding: 0px; color: rgb(51, 51, 51); font-family: 宋体; font-size: 14px;\" />\r\n<span style=\"color: rgb(51, 51, 51); font-family: 宋体; font-size: 14px;\">1,从事生产货物或提供应税劳务的：</span><br style=\"border: 0px; margin: 0px; padding: 0px; color: rgb(51, 51, 51); font-family: 宋体; font-size: 14px;\" />\r\n<span style=\"color: rgb(51, 51, 51); font-family: 宋体; font-size: 14px;\">年应税销售额大于或等于50万的&mdash;&mdash;一般纳税人，</span><br style=\"border: 0px; margin: 0px; padding: 0px; color: rgb(51, 51, 51); font-family: 宋体; font-size: 14px;\" />\r\n<span style=\"color: rgb(51, 51, 51); font-family: 宋体; font-size: 14px;\">年应税销售额小于50万的&mdash;&mdash;小规模纳税人，</span><br style=\"border: 0px; margin: 0px; padding: 0px; color: rgb(51, 51, 51); font-family: 宋体; font-size: 14px;\" />\r\n<span style=\"color: rgb(51, 51, 51); font-family: 宋体; font-size: 14px;\">2,从事货物批发货零售的：</span><br style=\"border: 0px; margin: 0px; padding: 0px; color: rgb(51, 51, 51); font-family: 宋体; font-size: 14px;\" />\r\n<span style=\"color: rgb(51, 51, 51); font-family: 宋体; font-size: 14px;\">年应税销售额大于或等于80万的&mdash;&mdash;一般纳税人</span><br style=\"border: 0px; margin: 0px; padding: 0px; color: rgb(51, 51, 51); font-family: 宋体; font-size: 14px;\" />\r\n<span style=\"color: rgb(51, 51, 51); font-family: 宋体; font-size: 14px;\">年应税销售额小于80万的&mdash;&mdash;小规模纳税人</span><br style=\"border: 0px; margin: 0px; padding: 0px; color: rgb(51, 51, 51); font-family: 宋体; font-size: 14px;\" />\r\n<span style=\"color: rgb(51, 51, 51); font-family: 宋体; font-size: 14px;\">3,从事服务的：</span><br style=\"border: 0px; margin: 0px; padding: 0px; color: rgb(51, 51, 51); font-family: 宋体; font-size: 14px;\" />\r\n<span style=\"color: rgb(51, 51, 51); font-family: 宋体; font-size: 14px;\">年应税销售额大于等于500万的&mdash;&mdash;一般纳税人,</span><br style=\"border: 0px; margin: 0px; padding: 0px; color: rgb(51, 51, 51); font-family: 宋体; font-size: 14px;\" />\r\n<span style=\"color: rgb(51, 51, 51); font-family: 宋体; font-size: 14px;\">年应税销售额小于500万的&mdash;&mdash;小规模纳税人,</span><br style=\"border: 0px; margin: 0px; padding: 0px; color: rgb(51, 51, 51); font-family: 宋体; font-size: 14px;\" />\r\n<span style=\"color: rgb(51, 51, 51); font-family: 宋体; font-size: 14px;\">综上所述，新注册的公司要不要直接申请为一般纳税人？还是默认小规模纳税人？还是要根据公司的发展状况来决定：比如;</span><br style=\"border: 0px; margin: 0px; padding: 0px; color: rgb(51, 51, 51); font-family: 宋体; font-size: 14px;\" />\r\n<span style=\"color: rgb(51, 51, 51); font-family: 宋体; font-size: 14px;\">刚开始公司的业务多少？</span><br style=\"border: 0px; margin: 0px; padding: 0px; color: rgb(51, 51, 51); font-family: 宋体; font-size: 14px;\" />\r\n<span style=\"color: rgb(51, 51, 51); font-family: 宋体; font-size: 14px;\">客户群体是大客户还是小客户呢？</span><br style=\"border: 0px; margin: 0px; padding: 0px; color: rgb(51, 51, 51); font-family: 宋体; font-size: 14px;\" />\r\n<span style=\"color: rgb(51, 51, 51); font-family: 宋体; font-size: 14px;\">客户是要专用发票的多吗？等等这些方面来考虑。</span><br style=\"border: 0px; margin: 0px; padding: 0px; color: rgb(51, 51, 51); font-family: 宋体; font-size: 14px;\" />\r\n<span style=\"color: rgb(51, 51, 51); font-family: 宋体; font-size: 14px;\">一般来说新公司刚开始业务比较少，客户也没有那么多，默认为小规模纳税人更为合适，但是也不排除新办企业也能立刻走上轨道，发展的很好的，那么此时新办的企业就申请一般纳税人更好了.</span><br style=\"border: 0px; margin: 0px; padding: 0px; color: rgb(51, 51, 51); font-family: 宋体; font-size: 14px;\" />\r\n<span style=\"color: rgb(51, 51, 51); font-family: 宋体; font-size: 14px;\">最后万众创业小编想说，不管是要在选择小规模纳税人还是一般纳税人的时候，老板们尽量扬长避短，尽最大的可能减低税负，并且不影响销售和筹划涉税风险来选择最适合公司的税务类别！并且要注意，一旦公司申请为一般纳税人，就再也不允许转为小规模纳税人了。</span><br style=\"border: 0px; margin: 0px; padding: 0px; color: rgb(51, 51, 51); font-family: 宋体; font-size: 14px;\" />\r\n<span style=\"color: rgb(51, 51, 51); font-family: 宋体; font-size: 14px;\">创业，就是一群志同道合的疯子，一起为梦想而拼搏！转让喽网是一家专业提供：公司转让，公司转让网，公司买卖网站，营业执照转让，闲置公司转让，二手公司转让的信息服务平台公司。是可以为您提供一站式企业配套服务解决方案的优质合作伙伴，愿意为您铺平创业路上的坑洼，助您一路前行！</span>',0,'',0,10000,'',0,'',0,1,'|0'),(65,'<h1 style=\"border: 0px; margin: 0px; padding: 0px; letter-spacing: 2px; font-family: 微软雅黑, Arial, sans-serif; font-weight: normal; text-align: center; font-size: 24px; color: rgb(85, 85, 85);\">职场从古到近，都更像是一个人的遥远旅途。<br style=\"border: 0px; margin: 0px; padding: 0px; color: rgb(51, 51, 51); font-family: 宋体; font-size: 14px;\" />\r\n<span style=\"color: rgb(51, 51, 51); font-family: 宋体; font-size: 14px;\">　　</span><br style=\"border: 0px; margin: 0px; padding: 0px; color: rgb(51, 51, 51); font-family: 宋体; font-size: 14px;\" />\r\n<span style=\"color: rgb(51, 51, 51); font-family: 宋体; font-size: 14px;\">　　在这场长途旅行中，没有人能提前告诉你今后的旅程是平淡无趣，还是沿途鲜花遍布、多彩缤纷。在这场旅途中，相信大多数人会全力以赴，努力去走好其中的每一步。可并不是你有足够的能力，就能一路坦途、处处欢歌。也并不是你尽了足够的努力，就能到达你想拥有的最好风景。</span><br style=\"border: 0px; margin: 0px; padding: 0px; color: rgb(51, 51, 51); font-family: 宋体; font-size: 14px;\" />\r\n<span style=\"color: rgb(51, 51, 51); font-family: 宋体; font-size: 14px;\">　　</span><br style=\"border: 0px; margin: 0px; padding: 0px; color: rgb(51, 51, 51); font-family: 宋体; font-size: 14px;\" />\r\n<span style=\"color: rgb(51, 51, 51); font-family: 宋体; font-size: 14px;\">　　在如今这个信息无比发达的时代，职场已变成了一个透明开放的空间。在这场空间里，设有各种不同的创业或从业平台，只要你有足够的勇气和担当，你可以选择自己最喜欢的职业并为兴趣而工作，你也可以为了少时的梦想独立创业打拼。在这里，如果你胆小懦弱甘于平凡，你也可以做一个不起眼的小角色，过你内心最想要的普通生活。</span><br style=\"border: 0px; margin: 0px; padding: 0px; color: rgb(51, 51, 51); font-family: 宋体; font-size: 14px;\" />\r\n<span style=\"color: rgb(51, 51, 51); font-family: 宋体; font-size: 14px;\">　　</span><br style=\"border: 0px; margin: 0px; padding: 0px; color: rgb(51, 51, 51); font-family: 宋体; font-size: 14px;\" />\r\n<span style=\"color: rgb(51, 51, 51); font-family: 宋体; font-size: 14px;\">　　可能你正在想，我们不是马云、王健林等商界大咖，我们也不是什么政界精英，我们只是在职场中不断打拼的最普通的一群人，现在高物价、高房价，自己天天疲于工作，累于生活，哪里还有心思去考虑自己到底喜欢什么，曾经想追求什么，如今能有一份稳定的工作和不错的收入，就已经很满足了。</span><br style=\"border: 0px; margin: 0px; padding: 0px; color: rgb(51, 51, 51); font-family: 宋体; font-size: 14px;\" />\r\n<span style=\"color: rgb(51, 51, 51); font-family: 宋体; font-size: 14px;\">　　</span><br style=\"border: 0px; margin: 0px; padding: 0px; color: rgb(51, 51, 51); font-family: 宋体; font-size: 14px;\" />\r\n<span style=\"color: rgb(51, 51, 51); font-family: 宋体; font-size: 14px;\">　　可职场，从不是能让你躲风避雨的港湾，它永远是一场激烈且残酷的角逐比赛，随时面临着对手的攻击。当你累了刚刚想停下来休息，你会发现很多陌生的背包客，一瞬间就走到了你的前面。当你惧怕了有所犹豫，当你还在继续与放弃中考量，你却发现那些大好的机遇，已经在你身边快速的流走了。</span><br style=\"border: 0px; margin: 0px; padding: 0px; color: rgb(51, 51, 51); font-family: 宋体; font-size: 14px;\" />\r\n<span style=\"color: rgb(51, 51, 51); font-family: 宋体; font-size: 14px;\">　　</span><br style=\"border: 0px; margin: 0px; padding: 0px; color: rgb(51, 51, 51); font-family: 宋体; font-size: 14px;\" />\r\n<span style=\"color: rgb(51, 51, 51); font-family: 宋体; font-size: 14px;\">　　这还不是最糟糕、最让你苦恼的。古云&ldquo;十年河西，十年河东&rdquo;，而如今则是&ldquo;三月河西，三月河东&rdquo;。放眼世界，国际形势与国家政策瞬息万变，国家对一、二、三产业的大力调整，各个城市对产业格局的调整重塑，往往让你只能被动的，毫无选择的接受着各种变化。一场创城计划，无数的小商小贩一夜间没了工作。治理环境污染的大旗一经拉开，除了一大批脏乱差的中小企业不得不关停并转，更有一大批钢铁、炼油、化工等巨无霸企业，不得不搬迁往市郊或偏僻的小城市，数万名职工不得不下岗或者失业。在我们周边，更有无数新技术的出现，转瞬间即摧垮取代了那些技术落后、没有转型的企业，诸如诺基亚、柯达这样一度曾经十分的优秀，还不都是败于企业没有及时转型。</span></h1>\r\n',0,'',0,10000,'',0,'',0,1,'好文章|0'),(66,'<h1 style=\"border: 0px; margin: 0px; padding: 0px; letter-spacing: 2px; font-family: 微软雅黑, Arial, sans-serif; font-weight: normal; text-align: center; font-size: 24px; color: rgb(85, 85, 85);\">一个36岁的日本人，仅仅带了160日元，就可以天南地北地自由骑行，可以肆意地挥霍时光，这真是让人羡慕不已。36岁，大部分中国人都已经结婚生子了吧，正在为房贷而日夜工作，在为上有老下有小而忧愁吧。<br style=\"border: 0px; margin: 0px; padding: 0px; color: rgb(51, 51, 51); font-family: 宋体; font-size: 14px;\" />\r\n<span style=\"color: rgb(51, 51, 51); font-family: 宋体; font-size: 14px;\">　　</span><br style=\"border: 0px; margin: 0px; padding: 0px; color: rgb(51, 51, 51); font-family: 宋体; font-size: 14px;\" />\r\n<span style=\"color: rgb(51, 51, 51); font-family: 宋体; font-size: 14px;\">子曰：&ldquo;三十而立，四十而不惑&rdquo;。就是说，人到了30岁，就应该自立，就应该有所为，一步步迈向理想的</span><a class=\"keywordlink\" href=\"http://www.jj59.com/zti/shenghuo/\" style=\"border: 0px; margin: 0px; padding: 0px; text-decoration-line: none; color: rgb(51, 51, 51); outline: none; font-family: 宋体; font-size: 14px;\">生活</a><span style=\"color: rgb(51, 51, 51); font-family: 宋体; font-size: 14px;\">。人到了40岁，就应该有所作为，不会因为碌碌无为而有所困惑。孔子是儒家的代表，他的思想是国粹，我们对他的话深信不疑。</span><br style=\"border: 0px; margin: 0px; padding: 0px; color: rgb(51, 51, 51); font-family: 宋体; font-size: 14px;\" />\r\n<span style=\"color: rgb(51, 51, 51); font-family: 宋体; font-size: 14px;\">　　</span><br style=\"border: 0px; margin: 0px; padding: 0px; color: rgb(51, 51, 51); font-family: 宋体; font-size: 14px;\" />\r\n<span style=\"color: rgb(51, 51, 51); font-family: 宋体; font-size: 14px;\">我很好奇，岩崎桂一36岁了，还是个&ldquo;无所事事&rdquo;的人，即便有一个写作目标，也定在5年后。那时候，他该是一个40好几的人了吧，一个40多岁的人，依靠一部自称为奇书的书来谋求后半段生活，在我们的眼里，这不是一个</span><a class=\"keywordlink\" href=\"http://www.jj59.com/gaoxiaowenzhang/\" style=\"border: 0px; margin: 0px; padding: 0px; text-decoration-line: none; color: rgb(51, 51, 51); outline: none; font-family: 宋体; font-size: 14px;\">笑话</a><span style=\"color: rgb(51, 51, 51); font-family: 宋体; font-size: 14px;\">吗？</span><br style=\"border: 0px; margin: 0px; padding: 0px; color: rgb(51, 51, 51); font-family: 宋体; font-size: 14px;\" />\r\n<span style=\"color: rgb(51, 51, 51); font-family: 宋体; font-size: 14px;\">　　</span><br style=\"border: 0px; margin: 0px; padding: 0px; color: rgb(51, 51, 51); font-family: 宋体; font-size: 14px;\" />\r\n<span style=\"color: rgb(51, 51, 51); font-family: 宋体; font-size: 14px;\">再看看我和我身边的人吧。我中专毕业后在家无所事事，再后来因为在家时间久了无聊至极并在家人的唠叨下，就四处寻求工作，也许你也无法想象到那种生活，我做了第一份工是做糖水店铺的服务员，那时候实在是缺钱并迷茫的时候。中途也换了2份工作，直到现在这份还满意的工作，然后遵循传统，按部就班。我是一个普通的中国人，但我骄傲，我挤入了社会生活的大流。而我的一位朋友就没有那么幸运了，他崇尚自由，现在都毕业几年了，还没开始</span><a class=\"keywordlink\" href=\"http://www.jj59.com/30/\" style=\"border: 0px; margin: 0px; padding: 0px; text-decoration-line: none; color: rgb(51, 51, 51); outline: none; font-family: 宋体; font-size: 14px;\">恋爱</a><span style=\"color: rgb(51, 51, 51); font-family: 宋体; font-size: 14px;\">，而且中途还遇到很多拜金女。几次经验下来，他已经开始对恋爱这事不抱有任何希望了，用时髦的话说，他现在也算是时代的剩男了吧，而且还是&ldquo;齐天大剩&rdquo;呢！最要命的是他换了无数次份的工作，次数多得我都忘记了，他至今没有挤入社会生活主流，成了我们眼里的&ldquo;另类&rdquo;&ldquo;怪咖&rdquo;&ldquo;土豪&rdquo;。他几次想得到</span><a class=\"keywordlink\" href=\"http://www.jj59.com/love-lianai/\" style=\"border: 0px; margin: 0px; padding: 0px; text-decoration-line: none; color: rgb(51, 51, 51); outline: none; font-family: 宋体; font-size: 14px;\">爱情</a><span style=\"color: rgb(51, 51, 51); font-family: 宋体; font-size: 14px;\">，但终究被对方的&ldquo;你没有一点上进心，如果跟你一起生活，你能带给我什么？&rdquo;的现实击败。</span><br style=\"border: 0px; margin: 0px; padding: 0px; color: rgb(51, 51, 51); font-family: 宋体; font-size: 14px;\" />\r\n<span style=\"color: rgb(51, 51, 51); font-family: 宋体; font-size: 14px;\">　　</span><br style=\"border: 0px; margin: 0px; padding: 0px; color: rgb(51, 51, 51); font-family: 宋体; font-size: 14px;\" />\r\n<span style=\"color: rgb(51, 51, 51); font-family: 宋体; font-size: 14px;\">就这样，我被生活绑架了，绑架成了一个所谓社会里的&ldquo;正常人&rdquo;；朋友他也被生活绑架了，绑架成了&ldquo;非正常人&rdquo;。从小到大，我们都是父母的&ldquo;手心里的蜜&rdquo;，我们并不知道自己想要过什么样的生活，等我们清楚自己想要过什么样的生活的时候，我们已被社会主流的生活绑架了，无法挣脱。当然，经过权衡，朋友他终于决定放手一搏，去追寻自己想要的生活，而现实生活，终究没有让他的自由得逞，他终究没有摆脱被生活绑架的命运。</span><br style=\"border: 0px; margin: 0px; padding: 0px; color: rgb(51, 51, 51); font-family: 宋体; font-size: 14px;\" />\r\n<span style=\"color: rgb(51, 51, 51); font-family: 宋体; font-size: 14px;\">　　</span><br style=\"border: 0px; margin: 0px; padding: 0px; color: rgb(51, 51, 51); font-family: 宋体; font-size: 14px;\" />\r\n<span style=\"color: rgb(51, 51, 51); font-family: 宋体; font-size: 14px;\">岩崎桂一说：&ldquo;大多数旅游者和冒险家都需要钱才能环游世界，我想证明如果你只要拥有强烈的愿望，你也能实现自己环游世界的梦想。我迄今已经旅行了8年，我将继续靠这种方式环游世界。我身上没有携带任何信用卡或旅行支票，我靠的纯粹是强烈的愿望。&rdquo;</span><br style=\"border: 0px; margin: 0px; padding: 0px; color: rgb(51, 51, 51); font-family: 宋体; font-size: 14px;\" />\r\n<span style=\"color: rgb(51, 51, 51); font-family: 宋体; font-size: 14px;\">　　</span><br style=\"border: 0px; margin: 0px; padding: 0px; color: rgb(51, 51, 51); font-family: 宋体; font-size: 14px;\" />\r\n<span style=\"color: rgb(51, 51, 51); font-family: 宋体; font-size: 14px;\">是啊，愿望就是我们摆脱生活绑架的法宝。只是，我们许多人都走着走着就忘记了自己当初的愿望了，不知道实现愿望有多么</span><a class=\"keywordlink\" href=\"http://www.jj59.com/zti/kuaile/\" style=\"border: 0px; margin: 0px; padding: 0px; text-decoration-line: none; color: rgb(51, 51, 51); outline: none; font-family: 宋体; font-size: 14px;\">快乐</a><span style=\"color: rgb(51, 51, 51); font-family: 宋体; font-size: 14px;\">，我们只能被生活绑架着前行。如果，我们哪天为自己愿望而脱离了生活，那我们就成了社会的逃兵，我们就&ldquo;非正常&rdquo;了。此时此刻的我在想，小时候上学，学校的</span><a class=\"keywordlink\" href=\"http://www.jj59.com/zti/laoshi/\" style=\"border: 0px; margin: 0px; padding: 0px; text-decoration-line: none; color: rgb(51, 51, 51); outline: none; font-family: 宋体; font-size: 14px;\">老师</a><span style=\"color: rgb(51, 51, 51); font-family: 宋体; font-size: 14px;\">都是教我们&ldquo;做人要有梦想&rdquo;，中学老师教会我们&ldquo;做人要现实&rdquo;。上了中专之后，老师教会我们&ldquo;踏踏实实工作&rdquo;。小时候的梦想呢？也许被从小到大的时间给冲击完了吧。</span><br style=\"border: 0px; margin: 0px; padding: 0px; color: rgb(51, 51, 51); font-family: 宋体; font-size: 14px;\" />\r\n<br style=\"border: 0px; margin: 0px; padding: 0px; color: rgb(51, 51, 51); font-family: 宋体; font-size: 14px;\" />\r\n<br style=\"border: 0px; margin: 0px; padding: 0px; color: rgb(51, 51, 51); font-family: 宋体; font-size: 14px;\" />\r\n<br style=\"border: 0px; margin: 0px; padding: 0px; color: rgb(51, 51, 51); font-family: 宋体; font-size: 14px;\" />\r\n<span style=\"color: rgb(51, 51, 51); font-family: 宋体; font-size: 14px;\">还记得周星驰的一部电影中，他经历了贫穷，情场失意后，自己在</span><a class=\"keywordlink\" href=\"http://www.jj59.com/zti/dahai/\" style=\"border: 0px; margin: 0px; padding: 0px; text-decoration-line: none; color: rgb(51, 51, 51); outline: none; font-family: 宋体; font-size: 14px;\">大海</a><span style=\"color: rgb(51, 51, 51); font-family: 宋体; font-size: 14px;\">边，对着大海呐喊&ldquo;做人没有梦想，跟条咸鱼有什么区别&rdquo;？那么，现实社会中，是否我们都是跟条咸鱼一样活着的人呢？年轻人，振作起来，我们要为了梦想每天迈进一步，即使不能进步，也希望你不要退步。</span><br style=\"border: 0px; margin: 0px; padding: 0px; color: rgb(51, 51, 51); font-family: 宋体; font-size: 14px;\" />\r\n<br style=\"border: 0px; margin: 0px; padding: 0px; color: rgb(51, 51, 51); font-family: 宋体; font-size: 14px;\" />\r\n<span style=\"color: rgb(51, 51, 51); font-family: 宋体; font-size: 14px;\">　　</span><br style=\"border: 0px; margin: 0px; padding: 0px; color: rgb(51, 51, 51); font-family: 宋体; font-size: 14px;\" />\r\n<span style=\"color: rgb(51, 51, 51); font-family: 宋体; font-size: 14px;\">就像为什么我们只能羡慕岩崎桂一，而不能像他那样可以随心所欲地支配时光，做一个&ldquo;无所事事&rdquo;的人？为什么千年以来，我们都不会也不能忘记&ldquo;三十而立，四十而不惑&rdquo;的祖训？为什么不随大流的生活都是&ldquo;非正常&rdquo;？为什么我们儿时的愿望，到头来还只是愿望？</span></h1>\r\n',0,'',0,10000,'',0,'',0,1,'好文章|0'),(46,'<span style=\"color: rgb(51, 51, 51); font-family: 宋体; font-size: 14px;\">爱在心里，生命的长河潺潺不息，默默的相伴，无声的挂牵。爱是</span><a class=\"keywordlink\" href=\"http://www.jj59.com/zheliwenzhang/\" style=\"border: 0px; margin: 0px; padding: 0px; text-decoration-line: none; color: rgb(51, 51, 51); outline: none; font-family: 宋体; font-size: 14px;\">人生</a><span style=\"color: rgb(51, 51, 51); font-family: 宋体; font-size: 14px;\">中美好的际遇，生命中不老的花朵，生机与活力并存，美丽与芬芳常在。</span><br style=\"border: 0px; margin: 0px; padding: 0px; color: rgb(51, 51, 51); font-family: 宋体; font-size: 14px;\" />\r\n<span style=\"color: rgb(51, 51, 51); font-family: 宋体; font-size: 14px;\">　　</span><br style=\"border: 0px; margin: 0px; padding: 0px; color: rgb(51, 51, 51); font-family: 宋体; font-size: 14px;\" />\r\n<span style=\"color: rgb(51, 51, 51); font-family: 宋体; font-size: 14px;\">　　光阴，在季节的风声里一寸一寸的消匿。院落里，那几朵黄菊在风霜里不再娇丽。岁月未老，心亦未老，只是时光的年轮在脸上留下了痕迹。突然间，心中有了千帆过尽的云淡风清，</span><a class=\"keywordlink\" href=\"http://www.jj59.com/zti/fanhua/\" style=\"border: 0px; margin: 0px; padding: 0px; text-decoration-line: none; color: rgb(51, 51, 51); outline: none; font-family: 宋体; font-size: 14px;\">繁华</a><span style=\"color: rgb(51, 51, 51); font-family: 宋体; font-size: 14px;\">过后的淡泊宁静。懂得了光阴如流，更应从容度日。</span><br style=\"border: 0px; margin: 0px; padding: 0px; color: rgb(51, 51, 51); font-family: 宋体; font-size: 14px;\" />\r\n<span style=\"color: rgb(51, 51, 51); font-family: 宋体; font-size: 14px;\">　　</span><br style=\"border: 0px; margin: 0px; padding: 0px; color: rgb(51, 51, 51); font-family: 宋体; font-size: 14px;\" />\r\n<span style=\"color: rgb(51, 51, 51); font-family: 宋体; font-size: 14px;\">　　你说，人生需要留白。我说，爱也需要留白。那么，且将未走完的路留给冷寂的冬季，留给春暖花开！有爱，有期许，</span><a class=\"keywordlink\" href=\"http://www.jj59.com/zti/shenghuo/\" style=\"border: 0px; margin: 0px; padding: 0px; text-decoration-line: none; color: rgb(51, 51, 51); outline: none; font-family: 宋体; font-size: 14px;\">生活</a><span style=\"color: rgb(51, 51, 51); font-family: 宋体; font-size: 14px;\">便会是一种别样的美丽！</span><br style=\"border: 0px; margin: 0px; padding: 0px; color: rgb(51, 51, 51); font-family: 宋体; font-size: 14px;\" />\r\n<span style=\"color: rgb(51, 51, 51); font-family: 宋体; font-size: 14px;\">　　</span><br style=\"border: 0px; margin: 0px; padding: 0px; color: rgb(51, 51, 51); font-family: 宋体; font-size: 14px;\" />\r\n<span style=\"color: rgb(51, 51, 51); font-family: 宋体; font-size: 14px;\">　　这世上，有美好也有痛苦，其实我们都很孤单，面对生活，忙碌奔波，忘了善待自己，总是感觉这也不行，那也不好，在不断历练自己、追求美好生活的途中，忽而小半生也过去了。也曾遗憾，也曾迷茫，也曾执着。可是当看到历经风雨后的彩虹，心便在一瞬间湿润了，也开怀了。</span><br style=\"border: 0px; margin: 0px; padding: 0px; color: rgb(51, 51, 51); font-family: 宋体; font-size: 14px;\" />\r\n<span style=\"color: rgb(51, 51, 51); font-family: 宋体; font-size: 14px;\">　　</span><br style=\"border: 0px; margin: 0px; padding: 0px; color: rgb(51, 51, 51); font-family: 宋体; font-size: 14px;\" />\r\n<span style=\"color: rgb(51, 51, 51); font-family: 宋体; font-size: 14px;\">　　蜿蜒曲折的人生旅途中，唯有爱，才是盛开在心灵上的花朵，无论四季如何变化，在爱的阳光雨露滋润下，我们从不放弃，永不言败，历久弥香，典雅而美丽。</span><br style=\"border: 0px; margin: 0px; padding: 0px; color: rgb(51, 51, 51); font-family: 宋体; font-size: 14px;\" />\r\n<span style=\"color: rgb(51, 51, 51); font-family: 宋体; font-size: 14px;\">　　</span><br style=\"border: 0px; margin: 0px; padding: 0px; color: rgb(51, 51, 51); font-family: 宋体; font-size: 14px;\" />\r\n<span style=\"color: rgb(51, 51, 51); font-family: 宋体; font-size: 14px;\">　　世间的</span><a class=\"keywordlink\" href=\"http://www.jj59.com/zti/ganqing/\" style=\"border: 0px; margin: 0px; padding: 0px; text-decoration-line: none; color: rgb(51, 51, 51); outline: none; font-family: 宋体; font-size: 14px;\">感情</a><span style=\"color: rgb(51, 51, 51); font-family: 宋体; font-size: 14px;\">莫过于两种，一种是相濡以沫，另一种是相忘于江湖。人在旅途，有些人注定只能陪你一程，却陪不了你一生。感情中最难得的，是能一直陪你到最后的那个人，无论历经怎样的苦难与折磨，始终默默的陪着你，关爱着你，这才是最长情的告白。</span><br style=\"border: 0px; margin: 0px; padding: 0px; color: rgb(51, 51, 51); font-family: 宋体; font-size: 14px;\" />\r\n<span style=\"color: rgb(51, 51, 51); font-family: 宋体; font-size: 14px;\">　　</span><br style=\"border: 0px; margin: 0px; padding: 0px; color: rgb(51, 51, 51); font-family: 宋体; font-size: 14px;\" />\r\n<span style=\"color: rgb(51, 51, 51); font-family: 宋体; font-size: 14px;\">　　不要忽视身边看似平凡的拥有，更不要等到失去了，才知道什么是珍惜。爱，一定是两颗灵魂由激情到平淡的一种宁静陪伴。</span><br style=\"border: 0px; margin: 0px; padding: 0px; color: rgb(51, 51, 51); font-family: 宋体; font-size: 14px;\" />\r\n<span style=\"color: rgb(51, 51, 51); font-family: 宋体; font-size: 14px;\">　　</span><br style=\"border: 0px; margin: 0px; padding: 0px; color: rgb(51, 51, 51); font-family: 宋体; font-size: 14px;\" />\r\n<span style=\"color: rgb(51, 51, 51); font-family: 宋体; font-size: 14px;\">　　人生是一场漫长而短暂的旅行，这一程旅行中，我们不辜负岁月，不辜负自己，不虚度年华。即便一路上有风雨荆棘，但只要心怀梦想，一切困难终会迎刃而解。有美丽的风景可看，有喜欢的事可做，有一个爱人风雨与共，即使不能活的轰轰烈烈，何尝不是一种无悔的行走和</span><a class=\"keywordlink\" href=\"http://www.jj59.com/zti/xingfu/\" style=\"border: 0px; margin: 0px; padding: 0px; text-decoration-line: none; color: rgb(51, 51, 51); outline: none; font-family: 宋体; font-size: 14px;\">幸福</a><span style=\"color: rgb(51, 51, 51); font-family: 宋体; font-size: 14px;\">呢。</span><br style=\"border: 0px; margin: 0px; padding: 0px; color: rgb(51, 51, 51); font-family: 宋体; font-size: 14px;\" />\r\n<span style=\"color: rgb(51, 51, 51); font-family: 宋体; font-size: 14px;\">　　</span><br style=\"border: 0px; margin: 0px; padding: 0px; color: rgb(51, 51, 51); font-family: 宋体; font-size: 14px;\" />\r\n<span style=\"color: rgb(51, 51, 51); font-family: 宋体; font-size: 14px;\">　　错过的不再惋惜，得到的更要珍惜，失去的就当做回忆。相信自己，相信未来，不远处仍会有不期而遇的温暖。</span><br style=\"border: 0px; margin: 0px; padding: 0px; color: rgb(51, 51, 51); font-family: 宋体; font-size: 14px;\" />\r\n<span style=\"color: rgb(51, 51, 51); font-family: 宋体; font-size: 14px;\">　　</span><br style=\"border: 0px; margin: 0px; padding: 0px; color: rgb(51, 51, 51); font-family: 宋体; font-size: 14px;\" />\r\n<span style=\"color: rgb(51, 51, 51); font-family: 宋体; font-size: 14px;\">　　人生，更是一种渐行渐悟的过程。每一次经历，都是一种领悟；每一次挫折，都是一种历练。每个人都有自己的难处，即便脸上少了笑容，身上有了压力，但我们不会气馁，只要坚持，坚强，坚定，相信，岁月终会温柔待你。</span><br style=\"border: 0px; margin: 0px; padding: 0px; color: rgb(51, 51, 51); font-family: 宋体; font-size: 14px;\" />\r\n<span style=\"color: rgb(51, 51, 51); font-family: 宋体; font-size: 14px;\">　　</span><br style=\"border: 0px; margin: 0px; padding: 0px; color: rgb(51, 51, 51); font-family: 宋体; font-size: 14px;\" />\r\n<span style=\"color: rgb(51, 51, 51); font-family: 宋体; font-size: 14px;\">　　生命没有第二次花开，好好珍惜自己活着的每一天，让我们</span><a class=\"keywordlink\" href=\"http://www.jj59.com/zti/weixiao/\" style=\"border: 0px; margin: 0px; padding: 0px; text-decoration-line: none; color: rgb(51, 51, 51); outline: none; font-family: 宋体; font-size: 14px;\">微笑</a><span style=\"color: rgb(51, 51, 51); font-family: 宋体; font-size: 14px;\">着面对生活，珍惜所拥有的一切，爱自己，爱生活，爱我们亲爱的祖国。</span><br style=\"border: 0px; margin: 0px; padding: 0px; color: rgb(51, 51, 51); font-family: 宋体; font-size: 14px;\" />\r\n<span style=\"color: rgb(51, 51, 51); font-family: 宋体; font-size: 14px;\">　　</span><br style=\"border: 0px; margin: 0px; padding: 0px; color: rgb(51, 51, 51); font-family: 宋体; font-size: 14px;\" />\r\n<span style=\"color: rgb(51, 51, 51); font-family: 宋体; font-size: 14px;\">　　经历的越多，</span><a class=\"keywordlink\" href=\"http://www.jj59.com/renshengganwu/\" style=\"border: 0px; margin: 0px; padding: 0px; text-decoration-line: none; color: rgb(51, 51, 51); outline: none; font-family: 宋体; font-size: 14px;\">感悟</a><span style=\"color: rgb(51, 51, 51); font-family: 宋体; font-size: 14px;\">的越深。生命中，有些伤，会让我们成长；有些失去，会让我们拥有更好的未来。总有些牵绊，让我们铭记在心；总有些感情，让我们心甘情愿地静静守望。</span><br style=\"border: 0px; margin: 0px; padding: 0px; color: rgb(51, 51, 51); font-family: 宋体; font-size: 14px;\" />\r\n<span style=\"color: rgb(51, 51, 51); font-family: 宋体; font-size: 14px;\">　　</span><br style=\"border: 0px; margin: 0px; padding: 0px; color: rgb(51, 51, 51); font-family: 宋体; font-size: 14px;\" />\r\n<span style=\"color: rgb(51, 51, 51); font-family: 宋体; font-size: 14px;\">　　我们，总是在寻找爱，也用爱温暖着这个世界。想来，世间若是少了爱，我们的生活将变得多么的索然无味。人的一生中，无论是</span><a class=\"keywordlink\" href=\"http://www.jj59.com/love-lianai/\" style=\"border: 0px; margin: 0px; padding: 0px; text-decoration-line: none; color: rgb(51, 51, 51); outline: none; font-family: 宋体; font-size: 14px;\">爱情</a><span style=\"color: rgb(51, 51, 51); font-family: 宋体; font-size: 14px;\">亲情还是友情，都要保持一颗如莲的心和谦卑的姿势，那便是岁月沉淀了的美，芬芳了自己，也温暖了他人。</span>',0,'',0,10000,'',0,'',0,1,'好文章|0'),(47,'<span style=\"color: rgb(51, 51, 51); font-family: 宋体; font-size: 14px;\">光阴不懂人情，竟自流转，然而我们心底终有些撇不清的东西，留在了逝去的时光里。下一个轮回久远的重逢之约，又开启了新一轮的期盼与等待。秋去冬来的日子，生命愈发深邃厚重；凝眸时令清旷的边缘，心持一份前尘的留恋，秋意与冬情交接的时刻，我们含笑见证。</span><br style=\"border: 0px; margin: 0px; padding: 0px; color: rgb(51, 51, 51); font-family: 宋体; font-size: 14px;\" />\r\n<span style=\"color: rgb(51, 51, 51); font-family: 宋体; font-size: 14px;\">　　</span><br style=\"border: 0px; margin: 0px; padding: 0px; color: rgb(51, 51, 51); font-family: 宋体; font-size: 14px;\" />\r\n<span style=\"color: rgb(51, 51, 51); font-family: 宋体; font-size: 14px;\">　　此时，世态的喧嚣已被季候凉透，草木花树不说话，也仿佛习惯了冷暖聚散的变故。</span><a class=\"keywordlink\" href=\"http://www.jj59.com/zti/qiutian/\" style=\"border: 0px; margin: 0px; padding: 0px; text-decoration-line: none; color: rgb(51, 51, 51); outline: none; font-family: 宋体; font-size: 14px;\">秋天</a><span style=\"color: rgb(51, 51, 51); font-family: 宋体; font-size: 14px;\">，从来有许多</span><a class=\"keywordlink\" href=\"http://www.jj59.com/\" style=\"border: 0px; margin: 0px; padding: 0px; text-decoration-line: none; color: rgb(51, 51, 51); outline: none; font-family: 宋体; font-size: 14px;\">故事</a><span style=\"color: rgb(51, 51, 51); font-family: 宋体; font-size: 14px;\">，不经意，我们都已一一经历。风尘里来去，到底心无怨尤，光阴中驻足，听岁月深处的低低细语。有风的日子，人心似一枚秋叶，徘徊在宿命风崖的枝梢；阳光穿透思绪的薄衫，托起昨夜月光散落的叹息。</span><br style=\"border: 0px; margin: 0px; padding: 0px; color: rgb(51, 51, 51); font-family: 宋体; font-size: 14px;\" />\r\n<span style=\"color: rgb(51, 51, 51); font-family: 宋体; font-size: 14px;\">　　</span><br style=\"border: 0px; margin: 0px; padding: 0px; color: rgb(51, 51, 51); font-family: 宋体; font-size: 14px;\" />\r\n<span style=\"color: rgb(51, 51, 51); font-family: 宋体; font-size: 14px;\">　　如若，一切的凉薄与温暖，都随了季节的必然更迭；所有的得失与因果，都交予</span><a class=\"keywordlink\" href=\"http://www.jj59.com/zti/time/\" style=\"border: 0px; margin: 0px; padding: 0px; text-decoration-line: none; color: rgb(51, 51, 51); outline: none; font-family: 宋体; font-size: 14px;\">时间</a><span style=\"color: rgb(51, 51, 51); font-family: 宋体; font-size: 14px;\">来定夺，那么自己将以怎样的步伐，去追逐冗长的光年？！又会不会有一种明媚的笑容，去迎接拨云而出的阳光？！世相端然，深谙了一季秋风秋雨的使命，终赋予一段</span><a class=\"keywordlink\" href=\"http://www.jj59.com/zheliwenzhang/\" style=\"border: 0px; margin: 0px; padding: 0px; text-decoration-line: none; color: rgb(51, 51, 51); outline: none; font-family: 宋体; font-size: 14px;\">人生</a><span style=\"color: rgb(51, 51, 51); font-family: 宋体; font-size: 14px;\">本真意义的领悟。</span><br style=\"border: 0px; margin: 0px; padding: 0px; color: rgb(51, 51, 51); font-family: 宋体; font-size: 14px;\" />\r\n<span style=\"color: rgb(51, 51, 51); font-family: 宋体; font-size: 14px;\">　　</span><br style=\"border: 0px; margin: 0px; padding: 0px; color: rgb(51, 51, 51); font-family: 宋体; font-size: 14px;\" />\r\n<span style=\"color: rgb(51, 51, 51); font-family: 宋体; font-size: 14px;\">　　当生命的枝头</span><a class=\"keywordlink\" href=\"http://www.jj59.com/zti/fanhua/\" style=\"border: 0px; margin: 0px; padding: 0px; text-decoration-line: none; color: rgb(51, 51, 51); outline: none; font-family: 宋体; font-size: 14px;\">繁华</a><span style=\"color: rgb(51, 51, 51); font-family: 宋体; font-size: 14px;\">落尽，请为我唱一支平淡归真的歌谣；当生命的枝头梅红傲</span><a class=\"keywordlink\" href=\"http://www.jj59.com/zti/xue/\" style=\"border: 0px; margin: 0px; padding: 0px; text-decoration-line: none; color: rgb(51, 51, 51); outline: none; font-family: 宋体; font-size: 14px;\">雪</a><span style=\"color: rgb(51, 51, 51); font-family: 宋体; font-size: 14px;\">，请为我折去不堪修剪的枝桠。透过</span><a class=\"keywordlink\" href=\"http://www.jj59.com/zti/renjian/\" style=\"border: 0px; margin: 0px; padding: 0px; text-decoration-line: none; color: rgb(51, 51, 51); outline: none; font-family: 宋体; font-size: 14px;\">人间</a><span style=\"color: rgb(51, 51, 51); font-family: 宋体; font-size: 14px;\">草木吐纳的清然香气，那些用心的捡拾，那些无意的阴凉，终被季节默默接纳。悲欢须臾间，一些肝胆相照的人，终是走散了；而一些平实的陪伴，依然为自己深情。</span><br style=\"border: 0px; margin: 0px; padding: 0px; color: rgb(51, 51, 51); font-family: 宋体; font-size: 14px;\" />\r\n<span style=\"color: rgb(51, 51, 51); font-family: 宋体; font-size: 14px;\">　　</span><br style=\"border: 0px; margin: 0px; padding: 0px; color: rgb(51, 51, 51); font-family: 宋体; font-size: 14px;\" />\r\n<span style=\"color: rgb(51, 51, 51); font-family: 宋体; font-size: 14px;\">　　走过人世繁芜，只愿记取眼中最凝神的花朵。越过山川大地，淌过江河溪流，多少人一路风尘仆仆地赶来，又轻盈笑意地拂袖而去。我明白，心灵的驿站，所谓缘深缘浅，不在远处，不在近处，而在一切有常无常的烛光明灭之间。</span><br style=\"border: 0px; margin: 0px; padding: 0px; color: rgb(51, 51, 51); font-family: 宋体; font-size: 14px;\" />\r\n<span style=\"color: rgb(51, 51, 51); font-family: 宋体; font-size: 14px;\">　　</span><br style=\"border: 0px; margin: 0px; padding: 0px; color: rgb(51, 51, 51); font-family: 宋体; font-size: 14px;\" />\r\n<span style=\"color: rgb(51, 51, 51); font-family: 宋体; font-size: 14px;\">　　曾经枯荣岁月，自己越来越在乎一些存在，也越来越看淡一些流落。虽说，对于光鲜的</span><a class=\"keywordlink\" href=\"http://www.jj59.com/zti/shenghuo/\" style=\"border: 0px; margin: 0px; padding: 0px; text-decoration-line: none; color: rgb(51, 51, 51); outline: none; font-family: 宋体; font-size: 14px;\">生活</a><span style=\"color: rgb(51, 51, 51); font-family: 宋体; font-size: 14px;\">也有努力，但从不强求能力之外的获得。虽说，没有放弃过心中的梦想与向往，但也懂得适时有度，不会沉溺偏执。一直懂得，一切都可以是烟云浮花，一切都可以得失坦然，但没有什么能比自己在乎的人平安、日子过得安稳更重要的了！</span><br style=\"border: 0px; margin: 0px; padding: 0px; color: rgb(51, 51, 51); font-family: 宋体; font-size: 14px;\" />\r\n<span style=\"color: rgb(51, 51, 51); font-family: 宋体; font-size: 14px;\">　　</span><br style=\"border: 0px; margin: 0px; padding: 0px; color: rgb(51, 51, 51); font-family: 宋体; font-size: 14px;\" />\r\n<span style=\"color: rgb(51, 51, 51); font-family: 宋体; font-size: 14px;\">　　轮回仿似匆忙，人生征程万里，无论生命怎样光华艳丽，也总需一檐陋室，将一颗心妥贴安放。站在冬的路口，一双凝望的眼神，一瞬明亮的光景，铺陈一条往心的路。阑珊灯火处，隐约听见晚归的熟悉足音，转过起风的街角，踏入自己等候的烟火柴门。命运恩泽，不忘厚待善行人，这许多年人生，守望与回程，都落满温柔情意。</span><br style=\"border: 0px; margin: 0px; padding: 0px; color: rgb(51, 51, 51); font-family: 宋体; font-size: 14px;\" />\r\n<span style=\"color: rgb(51, 51, 51); font-family: 宋体; font-size: 14px;\">　　</span><br style=\"border: 0px; margin: 0px; padding: 0px; color: rgb(51, 51, 51); font-family: 宋体; font-size: 14px;\" />\r\n<span style=\"color: rgb(51, 51, 51); font-family: 宋体; font-size: 14px;\">　　风雨兼程的岁月，心种彩虹的期盼，便会多一米阳光的温度。每一个季节都有花开，人心亦不忘生长。光阴深深，日渐凉薄，然而一些风尘经历却愈发动人。是年，轻藏起一朵秋花的</span><a class=\"keywordlink\" href=\"http://www.jj59.com/zti/jiyi/\" style=\"border: 0px; margin: 0px; padding: 0px; text-decoration-line: none; color: rgb(51, 51, 51); outline: none; font-family: 宋体; font-size: 14px;\">记忆</a><span style=\"color: rgb(51, 51, 51); font-family: 宋体; font-size: 14px;\">，便有了一个暗香他年的理由。一怀初情若雪，洁白也暖意，足以抵挡人世的落拓清寒。前尘风雪中的遇见，相信，会是春风十里的</span><a class=\"keywordlink\" href=\"http://www.jj59.com/ganrengandong/\" style=\"border: 0px; margin: 0px; padding: 0px; text-decoration-line: none; color: rgb(51, 51, 51); outline: none; font-family: 宋体; font-size: 14px;\">感动</a><span style=\"color: rgb(51, 51, 51); font-family: 宋体; font-size: 14px;\">。</span><br style=\"border: 0px; margin: 0px; padding: 0px; color: rgb(51, 51, 51); font-family: 宋体; font-size: 14px;\" />\r\n<span style=\"color: rgb(51, 51, 51); font-family: 宋体; font-size: 14px;\">　　</span><br style=\"border: 0px; margin: 0px; padding: 0px; color: rgb(51, 51, 51); font-family: 宋体; font-size: 14px;\" />\r\n<span style=\"color: rgb(51, 51, 51); font-family: 宋体; font-size: 14px;\">　　站在冬天的路口，轻轻抬首，迎见满目清灿的尘光。岁月温情可掬，且尚有秋的余暖莹然心怀；忽而感恩，与自己一起，走进这个冬天的人&hellip;&hellip;</span>',0,'',0,10000,'',0,'',0,1,'好文章|0'),(48,'<span style=\"color: rgb(51, 51, 51); font-family: 宋体; font-size: 14px;\">　幸福，是一种有趣的生活。一个人心灵与精神的富足，才最接近</span><a class=\"keywordlink\" href=\"http://www.jj59.com/zheliwenzhang/\" style=\"border: 0px; margin: 0px; padding: 0px; text-decoration-line: none; color: rgb(51, 51, 51); outline: none; font-family: 宋体; font-size: 14px;\">人生</a><span style=\"color: rgb(51, 51, 51); font-family: 宋体; font-size: 14px;\">的完满。自己在有限的生存</span><a class=\"keywordlink\" href=\"http://www.jj59.com/zti/time/\" style=\"border: 0px; margin: 0px; padding: 0px; text-decoration-line: none; color: rgb(51, 51, 51); outline: none; font-family: 宋体; font-size: 14px;\">时间</a><span style=\"color: rgb(51, 51, 51); font-family: 宋体; font-size: 14px;\">里，有一个好的状态，有一些情趣爱好，每天所做的事都顺应心意，感觉生动美好，就很幸福。比如读书、品茶、养花、画画，跑步、健身等，使人生达到一定境界，确是一种最靓丽而尚美的幸福生活。幸福，就是一个人每天明朗愉悦的好</span><a class=\"keywordlink\" href=\"http://www.jj59.com/xinqingsuibi/\" style=\"border: 0px; margin: 0px; padding: 0px; text-decoration-line: none; color: rgb(51, 51, 51); outline: none; font-family: 宋体; font-size: 14px;\">心情</a><span style=\"color: rgb(51, 51, 51); font-family: 宋体; font-size: 14px;\">。</span><br style=\"border: 0px; margin: 0px; padding: 0px; color: rgb(51, 51, 51); font-family: 宋体; font-size: 14px;\" />\r\n<span style=\"color: rgb(51, 51, 51); font-family: 宋体; font-size: 14px;\">　　</span><br style=\"border: 0px; margin: 0px; padding: 0px; color: rgb(51, 51, 51); font-family: 宋体; font-size: 14px;\" />\r\n<span style=\"color: rgb(51, 51, 51); font-family: 宋体; font-size: 14px;\">　　幸福，是一份自觉的责任。周国平曾在与俞敏洪的访谈对话中说：&ldquo;幸福，是家庭美满和事业</span><a class=\"keywordlink\" href=\"http://www.jj59.com/chenggonglizhi/\" style=\"border: 0px; margin: 0px; padding: 0px; text-decoration-line: none; color: rgb(51, 51, 51); outline: none; font-family: 宋体; font-size: 14px;\">成功</a><span style=\"color: rgb(51, 51, 51); font-family: 宋体; font-size: 14px;\">的综合体。&rdquo;一个有责任感的人，在履行中，就会自然而然地获得幸福。为事业、家庭，即使付出再多的汗水辛劳，内心也是很</span><a class=\"keywordlink\" href=\"http://www.jj59.com/zti/kuaile/\" style=\"border: 0px; margin: 0px; padding: 0px; text-decoration-line: none; color: rgb(51, 51, 51); outline: none; font-family: 宋体; font-size: 14px;\">快乐</a><span style=\"color: rgb(51, 51, 51); font-family: 宋体; font-size: 14px;\">的。展现自身的能力，体味亲情、</span><a class=\"keywordlink\" href=\"http://www.jj59.com/love-lianai/\" style=\"border: 0px; margin: 0px; padding: 0px; text-decoration-line: none; color: rgb(51, 51, 51); outline: none; font-family: 宋体; font-size: 14px;\">爱情</a><span style=\"color: rgb(51, 51, 51); font-family: 宋体; font-size: 14px;\">的美好；自身价值有所肯定，享受着成功的喜悦、品尝着自酿的甘美，必然是满满的幸福感。所以说：人类的一切努力的目的，在于获得幸福。</span><br style=\"border: 0px; margin: 0px; padding: 0px; color: rgb(51, 51, 51); font-family: 宋体; font-size: 14px;\" />\r\n<span style=\"color: rgb(51, 51, 51); font-family: 宋体; font-size: 14px;\">　　</span><br style=\"border: 0px; margin: 0px; padding: 0px; color: rgb(51, 51, 51); font-family: 宋体; font-size: 14px;\" />\r\n<span style=\"color: rgb(51, 51, 51); font-family: 宋体; font-size: 14px;\">　　幸福，是一切苦难的终结。张志新说：&quot;如果痛苦换来的是结识真理、坚持真理，就应自觉的欣然承受，那时，也只有那时，痛苦才将化为幸福。&quot;人总是在经历一些磨难悲痛之后，才会对以往以为的平常有所不同的</span><a class=\"keywordlink\" href=\"http://www.jj59.com/renshengganwu/\" style=\"border: 0px; margin: 0px; padding: 0px; text-decoration-line: none; color: rgb(51, 51, 51); outline: none; font-family: 宋体; font-size: 14px;\">感悟</a><span style=\"color: rgb(51, 51, 51); font-family: 宋体; font-size: 14px;\">；总是在起伏跌宕之后，才会懂得一成不变的安稳与珍贵。我们最初的人生，曾向往生命的</span><a class=\"keywordlink\" href=\"http://www.jj59.com/zti/fanhua/\" style=\"border: 0px; margin: 0px; padding: 0px; text-decoration-line: none; color: rgb(51, 51, 51); outline: none; font-family: 宋体; font-size: 14px;\">繁华</a><span style=\"color: rgb(51, 51, 51); font-family: 宋体; font-size: 14px;\">景象，曾渴望山河岁月的浩荡模样，也曾为此拼的伤痕累累；等到了一定年纪，才会懂得，原来没有风浪、没有荆棘的人生，才是最安稳的幸福生活！</span><br style=\"border: 0px; margin: 0px; padding: 0px; color: rgb(51, 51, 51); font-family: 宋体; font-size: 14px;\" />\r\n<span style=\"color: rgb(51, 51, 51); font-family: 宋体; font-size: 14px;\">　　</span><br style=\"border: 0px; margin: 0px; padding: 0px; color: rgb(51, 51, 51); font-family: 宋体; font-size: 14px;\" />\r\n<span style=\"color: rgb(51, 51, 51); font-family: 宋体; font-size: 14px;\">　　幸福，是一颗懂得感恩的心。岁月流逝中，每一种</span><a class=\"keywordlink\" href=\"http://www.jj59.com/zti/yuanfen/\" style=\"border: 0px; margin: 0px; padding: 0px; text-decoration-line: none; color: rgb(51, 51, 51); outline: none; font-family: 宋体; font-size: 14px;\">缘分</a><span style=\"color: rgb(51, 51, 51); font-family: 宋体; font-size: 14px;\">的姿态，都留下回望的</span><a class=\"keywordlink\" href=\"http://www.jj59.com/ganrengandong/\" style=\"border: 0px; margin: 0px; padding: 0px; text-decoration-line: none; color: rgb(51, 51, 51); outline: none; font-family: 宋体; font-size: 14px;\">感动</a><span style=\"color: rgb(51, 51, 51); font-family: 宋体; font-size: 14px;\">；每一份真心的陪伴，都带着命运的恩慈。若能如此慈悲而深情地活着，所有过往人际的记取，都会化作心底的粒粒珍贵。懂得感恩的人，一定是富有的，一定是懂得珍惜的人。内心充满爱与感激，爱你的人也会更多，你就一定是个幸福的人。</span><br style=\"border: 0px; margin: 0px; padding: 0px; color: rgb(51, 51, 51); font-family: 宋体; font-size: 14px;\" />\r\n<span style=\"color: rgb(51, 51, 51); font-family: 宋体; font-size: 14px;\">　　</span><br style=\"border: 0px; margin: 0px; padding: 0px; color: rgb(51, 51, 51); font-family: 宋体; font-size: 14px;\" />\r\n<span style=\"color: rgb(51, 51, 51); font-family: 宋体; font-size: 14px;\">　　幸福，是一颗容易满足的心。幸福，不是你拥有多么优越的物质生活，而是你内心的愉悦晴朗，和一些小小的幸运与快乐、真切的宽容与满足。幸福的人，不与任何人攀比，也没有觊觎，只要自己觉得满意，就是最适合自己的生活。鲜衣怒马也好，素衣粗食也罢，倘若内心明媚温暖，寻常日子也会过得滋味丰足。时光里，心怀惊艳的绮盼，倒不如安于岁月的平宁静好。</span><br style=\"border: 0px; margin: 0px; padding: 0px; color: rgb(51, 51, 51); font-family: 宋体; font-size: 14px;\" />\r\n<span style=\"color: rgb(51, 51, 51); font-family: 宋体; font-size: 14px;\">　　</span><br style=\"border: 0px; margin: 0px; padding: 0px; color: rgb(51, 51, 51); font-family: 宋体; font-size: 14px;\" />\r\n<span style=\"color: rgb(51, 51, 51); font-family: 宋体; font-size: 14px;\">　　有一种幸福，其实并不遥远。你不断在追寻的幸福，也许就是平日被你忽视的生活；你值得珍惜的人，也许从来都妥贴地存在着。幸福，是你远行时父</span><a class=\"keywordlink\" href=\"http://www.jj59.com/zti/muqinjie/\" style=\"border: 0px; margin: 0px; padding: 0px; text-decoration-line: none; color: rgb(51, 51, 51); outline: none; font-family: 宋体; font-size: 14px;\">母亲</a><span style=\"color: rgb(51, 51, 51); font-family: 宋体; font-size: 14px;\">的牵挂；是你下班时一盏等候的灯火、一桌热气腾腾的饭菜；是你心酸疲惫时可以温柔倾诉的人。人生四季，难免相遇风雨，幸福，是心底不缺失的一份温情与感动，撑起你生命的船帆！</span><br style=\"border: 0px; margin: 0px; padding: 0px; color: rgb(51, 51, 51); font-family: 宋体; font-size: 14px;\" />\r\n<span style=\"color: rgb(51, 51, 51); font-family: 宋体; font-size: 14px;\">　　</span><br style=\"border: 0px; margin: 0px; padding: 0px; color: rgb(51, 51, 51); font-family: 宋体; font-size: 14px;\" />\r\n<span style=\"color: rgb(51, 51, 51); font-family: 宋体; font-size: 14px;\">　　幸福，不是仰望的姿态，不是眺望的期盼，不是停不下来的努力，更不是多么华丽、浩荡的人生，而是一种细微、恬静的切切体味；而是你内心可以感受的一份踏实与温暖。日子周而复始，看似平淡无奇，然而，你能想到和想要的都拥有了，你以为最美最好的正在经历着，就是最难求的幸福了！</span><br style=\"border: 0px; margin: 0px; padding: 0px; color: rgb(51, 51, 51); font-family: 宋体; font-size: 14px;\" />\r\n<span style=\"color: rgb(51, 51, 51); font-family: 宋体; font-size: 14px;\">　　</span><br style=\"border: 0px; margin: 0px; padding: 0px; color: rgb(51, 51, 51); font-family: 宋体; font-size: 14px;\" />\r\n<span style=\"color: rgb(51, 51, 51); font-family: 宋体; font-size: 14px;\">　　人生之旅漫长，但用一颗感恩的心看待生活，你会发现，其实幸福一直在你身边&hellip;&hellip;</span>',0,'',0,10000,'',0,'',0,1,'好文章|0'),(49,'<span style=\"color: rgb(51, 51, 51); font-family: 宋体; font-size: 14px;\">　此刻，虽是木叶潇潇，雁声廖远，空气里还散发着阵阵凉意。可忙着赏枫的人们，已经无暇回首春天那抹青葱的绿，也不再怀念夏气蒸蒸的蓊郁，只等一树树妩媚多姿的红叶，摇曳出袅袅婷婷的极致美丽。</span><br style=\"border: 0px; margin: 0px; padding: 0px; color: rgb(51, 51, 51); font-family: 宋体; font-size: 14px;\" />\r\n<span style=\"color: rgb(51, 51, 51); font-family: 宋体; font-size: 14px;\">　　</span><br style=\"border: 0px; margin: 0px; padding: 0px; color: rgb(51, 51, 51); font-family: 宋体; font-size: 14px;\" />\r\n<span style=\"color: rgb(51, 51, 51); font-family: 宋体; font-size: 14px;\">　　世人喜欢红叶，是因为她是岁月的凝练，是晚秋的私语，是象征着纯洁的爱与</span><a class=\"keywordlink\" href=\"http://www.jj59.com/zti/sinian/\" style=\"border: 0px; margin: 0px; padding: 0px; text-decoration-line: none; color: rgb(51, 51, 51); outline: none; font-family: 宋体; font-size: 14px;\">思念</a><span style=\"color: rgb(51, 51, 51); font-family: 宋体; font-size: 14px;\">。</span><br style=\"border: 0px; margin: 0px; padding: 0px; color: rgb(51, 51, 51); font-family: 宋体; font-size: 14px;\" />\r\n<span style=\"color: rgb(51, 51, 51); font-family: 宋体; font-size: 14px;\">　　</span><br style=\"border: 0px; margin: 0px; padding: 0px; color: rgb(51, 51, 51); font-family: 宋体; font-size: 14px;\" />\r\n<span style=\"color: rgb(51, 51, 51); font-family: 宋体; font-size: 14px;\">　　林清玄曾说，枫树沾染着远古洪霜，才成为人类</span><a class=\"keywordlink\" href=\"http://www.jj59.com/qinggantiandi/\" style=\"border: 0px; margin: 0px; padding: 0px; text-decoration-line: none; color: rgb(51, 51, 51); outline: none; font-family: 宋体; font-size: 14px;\">情感</a><span style=\"color: rgb(51, 51, 51); font-family: 宋体; font-size: 14px;\">的精灵，千百年来飘飞在丹青史册上。我们心中的红叶，应是远离权利、金钱的至美</span><a class=\"keywordlink\" href=\"http://www.jj59.com/love-lianai/\" style=\"border: 0px; margin: 0px; padding: 0px; text-decoration-line: none; color: rgb(51, 51, 51); outline: none; font-family: 宋体; font-size: 14px;\">爱情</a><span style=\"color: rgb(51, 51, 51); font-family: 宋体; font-size: 14px;\">&hellip;&hellip;</span><br style=\"border: 0px; margin: 0px; padding: 0px; color: rgb(51, 51, 51); font-family: 宋体; font-size: 14px;\" />\r\n<span style=\"color: rgb(51, 51, 51); font-family: 宋体; font-size: 14px;\">　　</span><br style=\"border: 0px; margin: 0px; padding: 0px; color: rgb(51, 51, 51); font-family: 宋体; font-size: 14px;\" />\r\n<span style=\"color: rgb(51, 51, 51); font-family: 宋体; font-size: 14px;\">　　的确，基于爱，世人才喜欢红叶题诗的浪漫。源于情，人们才会温寄各自心中的思念。</span><br style=\"border: 0px; margin: 0px; padding: 0px; color: rgb(51, 51, 51); font-family: 宋体; font-size: 14px;\" />\r\n<span style=\"color: rgb(51, 51, 51); font-family: 宋体; font-size: 14px;\">　　</span><br style=\"border: 0px; margin: 0px; padding: 0px; color: rgb(51, 51, 51); font-family: 宋体; font-size: 14px;\" />\r\n<span style=\"color: rgb(51, 51, 51); font-family: 宋体; font-size: 14px;\">　　安静地伫立在季末一隅，等阳光、等秋霜、等风雨、等岁月伸出玉手，为晨风里的枫树，披上一袭靓丽的霞衣。于我眼里，这些高调流丹的枫叶，就像是晚秋随身佩带的朵朵红花儿，又似是镶嵌在天边的彩霞，更像是一道倾情燃烧的火焰，不仅染红了天和地，也晕染着尘世间、一缕缕粉</span><a class=\"keywordlink\" href=\"http://www.jj59.com/zti/se/\" style=\"border: 0px; margin: 0px; padding: 0px; text-decoration-line: none; color: rgb(51, 51, 51); outline: none; font-family: 宋体; font-size: 14px;\">色</a><span style=\"color: rgb(51, 51, 51); font-family: 宋体; font-size: 14px;\">的梦幻思绪&hellip;&hellip;</span><br style=\"border: 0px; margin: 0px; padding: 0px; color: rgb(51, 51, 51); font-family: 宋体; font-size: 14px;\" />\r\n<span style=\"color: rgb(51, 51, 51); font-family: 宋体; font-size: 14px;\">　　</span><br style=\"border: 0px; margin: 0px; padding: 0px; color: rgb(51, 51, 51); font-family: 宋体; font-size: 14px;\" />\r\n<span style=\"color: rgb(51, 51, 51); font-family: 宋体; font-size: 14px;\">　　世间的爱，不外乎有一场惊鸿一瞥的相遇；世间的痛，莫过于一次情非得已的分离。一如那年枫叶飘红时，我和你相背而去。</span><br style=\"border: 0px; margin: 0px; padding: 0px; color: rgb(51, 51, 51); font-family: 宋体; font-size: 14px;\" />\r\n<span style=\"color: rgb(51, 51, 51); font-family: 宋体; font-size: 14px;\">　　</span><br style=\"border: 0px; margin: 0px; padding: 0px; color: rgb(51, 51, 51); font-family: 宋体; font-size: 14px;\" />\r\n<span style=\"color: rgb(51, 51, 51); font-family: 宋体; font-size: 14px;\">　　或许，在每一季的枫林里，都生长过一部牵动心魂的爱情史诗。于每一片飘逸的红叶下，都见证过一段刻骨铭心的痴情绝恋。</span><br style=\"border: 0px; margin: 0px; padding: 0px; color: rgb(51, 51, 51); font-family: 宋体; font-size: 14px;\" />\r\n<span style=\"color: rgb(51, 51, 51); font-family: 宋体; font-size: 14px;\">　　</span><br style=\"border: 0px; margin: 0px; padding: 0px; color: rgb(51, 51, 51); font-family: 宋体; font-size: 14px;\" />\r\n<span style=\"color: rgb(51, 51, 51); font-family: 宋体; font-size: 14px;\">　　</span><a class=\"keywordlink\" href=\"http://www.jj59.com/zheliwenzhang/\" style=\"border: 0px; margin: 0px; padding: 0px; text-decoration-line: none; color: rgb(51, 51, 51); outline: none; font-family: 宋体; font-size: 14px;\">人生</a><span style=\"color: rgb(51, 51, 51); font-family: 宋体; font-size: 14px;\">于世的最好年华里，总会有一个有缘人前来与你相遇或别离。就如每一年的每一个时节里，也都会有一处相应的风景，定格于世人的眼中，从此在心里落地生根。我想无论哪一种风情或风骨，似乎都会成为</span><a class=\"keywordlink\" href=\"http://www.jj59.com/zti/yigeren/\" style=\"border: 0px; margin: 0px; padding: 0px; text-decoration-line: none; color: rgb(51, 51, 51); outline: none; font-family: 宋体; font-size: 14px;\">一个人</a><span style=\"color: rgb(51, 51, 51); font-family: 宋体; font-size: 14px;\">生命中永不褪色的印记。</span><br style=\"border: 0px; margin: 0px; padding: 0px; color: rgb(51, 51, 51); font-family: 宋体; font-size: 14px;\" />\r\n<span style=\"color: rgb(51, 51, 51); font-family: 宋体; font-size: 14px;\">　　</span><br style=\"border: 0px; margin: 0px; padding: 0px; color: rgb(51, 51, 51); font-family: 宋体; font-size: 14px;\" />\r\n<span style=\"color: rgb(51, 51, 51); font-family: 宋体; font-size: 14px;\">　　晚秋的风，似乎来得一次比一次紧密。荡开的凉意，也一次比一次加重。阵阵凉飔，重重地划过屋檐，漫过飘窗，细密地扑在我单薄的身上。每当这个时候，内心格外想念和惦记远方的你。</span><br style=\"border: 0px; margin: 0px; padding: 0px; color: rgb(51, 51, 51); font-family: 宋体; font-size: 14px;\" />\r\n<span style=\"color: rgb(51, 51, 51); font-family: 宋体; font-size: 14px;\">　　</span><br style=\"border: 0px; margin: 0px; padding: 0px; color: rgb(51, 51, 51); font-family: 宋体; font-size: 14px;\" />\r\n<span style=\"color: rgb(51, 51, 51); font-family: 宋体; font-size: 14px;\">　　记得那年的红枫树下，你曾对我说，风紧，天凉，别忘了添衣，要好好照顾自己&hellip;&hellip;</span><br style=\"border: 0px; margin: 0px; padding: 0px; color: rgb(51, 51, 51); font-family: 宋体; font-size: 14px;\" />\r\n<span style=\"color: rgb(51, 51, 51); font-family: 宋体; font-size: 14px;\">　　</span><br style=\"border: 0px; margin: 0px; padding: 0px; color: rgb(51, 51, 51); font-family: 宋体; font-size: 14px;\" />\r\n<span style=\"color: rgb(51, 51, 51); font-family: 宋体; font-size: 14px;\">　　沉睡的过往，已被晚秋唤醒。那一片火红的枫林，让自己站在从前的时光。流年知味儿，风景也很炫美，只是岁月不待有</span><a class=\"keywordlink\" href=\"http://www.jj59.com/zti/qingren/\" style=\"border: 0px; margin: 0px; padding: 0px; text-decoration-line: none; color: rgb(51, 51, 51); outline: none; font-family: 宋体; font-size: 14px;\">情人</a><span style=\"color: rgb(51, 51, 51); font-family: 宋体; font-size: 14px;\">。这一段锦绣光阴，依然只是给我们配备了一个相似的时光剪影。</span><br style=\"border: 0px; margin: 0px; padding: 0px; color: rgb(51, 51, 51); font-family: 宋体; font-size: 14px;\" />\r\n<span style=\"color: rgb(51, 51, 51); font-family: 宋体; font-size: 14px;\">　　</span><br style=\"border: 0px; margin: 0px; padding: 0px; color: rgb(51, 51, 51); font-family: 宋体; font-size: 14px;\" />\r\n<span style=\"color: rgb(51, 51, 51); font-family: 宋体; font-size: 14px;\">　　斟一杯清酒，与远方的红叶对酌。于季节深处，静静望，默默想。单循一首相思曲，浅醉自己展开的</span><a class=\"keywordlink\" href=\"http://www.jj59.com/zti/jiyi/\" style=\"border: 0px; margin: 0px; padding: 0px; text-decoration-line: none; color: rgb(51, 51, 51); outline: none; font-family: 宋体; font-size: 14px;\">记忆</a><span style=\"color: rgb(51, 51, 51); font-family: 宋体; font-size: 14px;\">。</span><br style=\"border: 0px; margin: 0px; padding: 0px; color: rgb(51, 51, 51); font-family: 宋体; font-size: 14px;\" />\r\n<span style=\"color: rgb(51, 51, 51); font-family: 宋体; font-size: 14px;\">　　</span><br style=\"border: 0px; margin: 0px; padding: 0px; color: rgb(51, 51, 51); font-family: 宋体; font-size: 14px;\" />\r\n<span style=\"color: rgb(51, 51, 51); font-family: 宋体; font-size: 14px;\">　　情音流韵，红色未央。</span><a class=\"keywordlink\" href=\"http://www.jj59.com/zti/qiutian/\" style=\"border: 0px; margin: 0px; padding: 0px; text-decoration-line: none; color: rgb(51, 51, 51); outline: none; font-family: 宋体; font-size: 14px;\">秋天</a><span style=\"color: rgb(51, 51, 51); font-family: 宋体; font-size: 14px;\">将最后的绚丽色彩，以优美的方式集结到枝头，让从容坦荡的秋实与蓝天白云交相辉映。于大美的晚秋里，诚邀一片至美的红叶，与自己一起书写想你的思绪。我把对你的思念，全部沉潜于远岸的红枫中，让曾经的至爱，停留在晚秋的扉页上。</span><br style=\"border: 0px; margin: 0px; padding: 0px; color: rgb(51, 51, 51); font-family: 宋体; font-size: 14px;\" />\r\n<span style=\"color: rgb(51, 51, 51); font-family: 宋体; font-size: 14px;\">　　</span><br style=\"border: 0px; margin: 0px; padding: 0px; color: rgb(51, 51, 51); font-family: 宋体; font-size: 14px;\" />\r\n<span style=\"color: rgb(51, 51, 51); font-family: 宋体; font-size: 14px;\">　　红叶，是晚秋的主场。而你，是我永远的珍藏。好想再次漫步那座古城深巷，回顾每一次我和你的迎来送往。很想回到那段无忧无扰的岁月，重温你情如秋水的目光。</span><br style=\"border: 0px; margin: 0px; padding: 0px; color: rgb(51, 51, 51); font-family: 宋体; font-size: 14px;\" />\r\n<span style=\"color: rgb(51, 51, 51); font-family: 宋体; font-size: 14px;\">　　</span><br style=\"border: 0px; margin: 0px; padding: 0px; color: rgb(51, 51, 51); font-family: 宋体; font-size: 14px;\" />\r\n<span style=\"color: rgb(51, 51, 51); font-family: 宋体; font-size: 14px;\">　　时空里漫延着薄凉，时节又进一层。尽管现在的阳光，还像从前那样热情朗照，可昔日岁月的脚步，终归还是重了，深了，远了。惟有你说过的那些话儿，于记忆中越来越清响&hellip;&hellip;</span><br style=\"border: 0px; margin: 0px; padding: 0px; color: rgb(51, 51, 51); font-family: 宋体; font-size: 14px;\" />\r\n<span style=\"color: rgb(51, 51, 51); font-family: 宋体; font-size: 14px;\">　　</span><br style=\"border: 0px; margin: 0px; padding: 0px; color: rgb(51, 51, 51); font-family: 宋体; font-size: 14px;\" />\r\n<span style=\"color: rgb(51, 51, 51); font-family: 宋体; font-size: 14px;\">　　走在晚秋的路上，敛一枚红叶，挽一季风香，将我深藏的思念，轻扬。</span>',0,'',0,10000,'',0,'',0,1,'好文章|0');
/*!40000 ALTER TABLE `ly_news_data` ENABLE KEYS */;

#
# Structure for table "ly_page"
#

DROP TABLE IF EXISTS `ly_page`;
CREATE TABLE `ly_page` (
  `catid` smallint(5) unsigned NOT NULL DEFAULT '0',
  `title` varchar(160) NOT NULL,
  `style` varchar(24) NOT NULL,
  `keywords` varchar(40) NOT NULL,
  `content` text NOT NULL,
  `template` varchar(30) NOT NULL,
  `updatetime` int(10) unsigned NOT NULL DEFAULT '0',
  KEY `catid` (`catid`)
) ENGINE=MyISAM DEFAULT CHARSET=utf8;

#
# Data for table "ly_page"
#


#
# Structure for table "ly_pay_account"
#

DROP TABLE IF EXISTS `ly_pay_account`;
CREATE TABLE `ly_pay_account` (
  `id` mediumint(8) unsigned NOT NULL AUTO_INCREMENT,
  `trade_sn` char(50) NOT NULL,
  `userid` mediumint(8) unsigned NOT NULL DEFAULT '0',
  `username` char(20) NOT NULL,
  `contactname` char(50) NOT NULL,
  `email` char(40) NOT NULL,
  `telephone` char(20) NOT NULL,
  `discount` float(8,2) NOT NULL DEFAULT '0.00',
  `money` char(8) NOT NULL,
  `quantity` int(8) unsigned NOT NULL DEFAULT '1',
  `addtime` int(10) NOT NULL DEFAULT '0',
  `paytime` int(10) NOT NULL DEFAULT '0',
  `usernote` char(255) NOT NULL,
  `pay_id` tinyint(3) NOT NULL,
  `pay_type` enum('offline','recharge','selfincome','online') NOT NULL DEFAULT 'recharge',
  `payment` char(90) NOT NULL,
  `type` tinyint(3) NOT NULL DEFAULT '1',
  `ip` char(15) NOT NULL DEFAULT '0.0.0.0',
  `status` enum('succ','failed','error','progress','timeout','cancel','waitting','unpay') NOT NULL DEFAULT 'unpay',
  `adminnote` char(20) NOT NULL,
  PRIMARY KEY (`id`),
  KEY `status` (`status`),
  KEY `userid` (`userid`),
  KEY `trade_sn` (`trade_sn`,`money`,`status`,`id`)
) ENGINE=MyISAM AUTO_INCREMENT=5 DEFAULT CHARSET=utf8;

#
# Data for table "ly_pay_account"
#

/*!40000 ALTER TABLE `ly_pay_account` DISABLE KEYS */;
INSERT INTO `ly_pay_account` VALUES (1,'10_42',3,'root','','','',0.00,'1',1,1512632095,0,'',0,'selfincome','投稿奖励',2,'','succ',''),(2,'10_43',3,'root','','','',0.00,'1',1,1512632148,0,'',0,'selfincome','投稿奖励',2,'','succ',''),(3,'10_44',3,'root','','','',0.00,'1',1,1512632200,0,'',0,'selfincome','投稿奖励',2,'','succ',''),(4,'10_45',3,'root','','','',0.00,'1',1,1512974384,0,'',0,'selfincome','投稿奖励',2,'','succ','');
/*!40000 ALTER TABLE `ly_pay_account` ENABLE KEYS */;

#
# Structure for table "ly_pay_payment"
#

DROP TABLE IF EXISTS `ly_pay_payment`;
CREATE TABLE `ly_pay_payment` (
  `pay_id` tinyint(3) unsigned NOT NULL AUTO_INCREMENT,
  `name` varchar(120) NOT NULL,
  `pay_name` varchar(120) NOT NULL,
  `pay_code` varchar(20) NOT NULL,
  `pay_desc` text NOT NULL,
  `pay_method` tinyint(1) DEFAULT NULL,
  `pay_fee` varchar(10) NOT NULL,
  `config` text NOT NULL,
  `is_cod` tinyint(1) unsigned NOT NULL DEFAULT '0',
  `is_online` tinyint(1) unsigned NOT NULL DEFAULT '0',
  `pay_order` tinyint(3) unsigned NOT NULL DEFAULT '0',
  `enabled` tinyint(1) unsigned NOT NULL DEFAULT '0',
  `author` varchar(100) NOT NULL,
  `website` varchar(100) NOT NULL,
  `version` varchar(20) NOT NULL,
  PRIMARY KEY (`pay_id`),
  KEY `pay_code` (`pay_code`)
) ENGINE=MyISAM DEFAULT CHARSET=utf8;

#
# Data for table "ly_pay_payment"
#


#
# Structure for table "ly_pay_spend"
#

DROP TABLE IF EXISTS `ly_pay_spend`;
CREATE TABLE `ly_pay_spend` (
  `id` int(10) unsigned NOT NULL AUTO_INCREMENT,
  `creat_at` int(10) unsigned NOT NULL DEFAULT '0',
  `userid` int(10) unsigned NOT NULL DEFAULT '0',
  `username` varchar(20) NOT NULL,
  `type` tinyint(1) unsigned NOT NULL DEFAULT '0',
  `logo` varchar(20) NOT NULL,
  `value` int(5) NOT NULL,
  `op_userid` int(10) unsigned NOT NULL DEFAULT '0',
  `op_username` char(20) NOT NULL,
  `msg` varchar(255) NOT NULL,
  PRIMARY KEY (`id`),
  KEY `type` (`type`),
  KEY `creat_at` (`creat_at`),
  KEY `logo` (`logo`),
  KEY `userid` (`userid`)
) ENGINE=MyISAM DEFAULT CHARSET=utf8;

#
# Data for table "ly_pay_spend"
#


#
# Structure for table "ly_picture"
#

DROP TABLE IF EXISTS `ly_picture`;
CREATE TABLE `ly_picture` (
  `id` mediumint(8) unsigned NOT NULL AUTO_INCREMENT,
  `catid` smallint(5) unsigned NOT NULL DEFAULT '0',
  `typeid` smallint(5) unsigned NOT NULL,
  `title` char(80) NOT NULL DEFAULT '',
  `style` char(24) NOT NULL DEFAULT '',
  `thumb` char(100) NOT NULL DEFAULT '',
  `keywords` char(40) NOT NULL DEFAULT '',
  `description` char(255) NOT NULL DEFAULT '',
  `posids` tinyint(1) unsigned NOT NULL DEFAULT '0',
  `url` char(100) NOT NULL,
  `listorder` tinyint(3) unsigned NOT NULL DEFAULT '0',
  `status` tinyint(2) unsigned NOT NULL DEFAULT '1',
  `sysadd` tinyint(1) unsigned NOT NULL DEFAULT '0',
  `islink` tinyint(1) unsigned NOT NULL DEFAULT '0',
  `username` char(20) NOT NULL,
  `inputtime` int(10) unsigned NOT NULL DEFAULT '0',
  `updatetime` int(10) unsigned NOT NULL DEFAULT '0',
  PRIMARY KEY (`id`),
  KEY `status` (`status`,`listorder`,`id`),
  KEY `listorder` (`catid`,`status`,`listorder`,`id`),
  KEY `catid` (`catid`,`status`,`id`)
) ENGINE=MyISAM DEFAULT CHARSET=utf8;

#
# Data for table "ly_picture"
#


#
# Structure for table "ly_picture_data"
#

DROP TABLE IF EXISTS `ly_picture_data`;
CREATE TABLE `ly_picture_data` (
  `id` mediumint(8) unsigned DEFAULT '0',
  `content` text NOT NULL,
  `readpoint` smallint(5) unsigned NOT NULL DEFAULT '0',
  `groupids_view` varchar(100) NOT NULL,
  `paginationtype` tinyint(1) NOT NULL,
  `maxcharperpage` mediumint(6) NOT NULL,
  `template` varchar(30) NOT NULL,
  `paytype` tinyint(1) unsigned NOT NULL DEFAULT '0',
  `relation` varchar(255) NOT NULL DEFAULT '',
  `pictureurls` mediumtext NOT NULL,
  `copyfrom` varchar(255) NOT NULL DEFAULT '',
  `allow_comment` tinyint(1) unsigned NOT NULL DEFAULT '1',
  KEY `id` (`id`)
) ENGINE=MyISAM DEFAULT CHARSET=utf8;

#
# Data for table "ly_picture_data"
#


#
# Structure for table "ly_position"
#

DROP TABLE IF EXISTS `ly_position`;
CREATE TABLE `ly_position` (
  `posid` smallint(5) unsigned NOT NULL AUTO_INCREMENT,
  `modelid` smallint(5) unsigned DEFAULT '0',
  `catid` smallint(5) unsigned DEFAULT '0',
  `name` char(30) NOT NULL DEFAULT '',
  `maxnum` smallint(5) NOT NULL DEFAULT '20',
  `extention` char(100) DEFAULT NULL,
  `listorder` smallint(5) unsigned NOT NULL DEFAULT '0',
  `siteid` smallint(5) unsigned NOT NULL DEFAULT '0',
  `thumb` varchar(150) NOT NULL DEFAULT '',
  PRIMARY KEY (`posid`)
) ENGINE=MyISAM AUTO_INCREMENT=18 DEFAULT CHARSET=utf8;

#
# Data for table "ly_position"
#

/*!40000 ALTER TABLE `ly_position` DISABLE KEYS */;
INSERT INTO `ly_position` VALUES (1,0,0,'首页焦点图推荐',20,NULL,1,1,''),(2,0,0,'首页头条推荐',20,NULL,4,1,''),(5,69,0,'推荐下载',20,NULL,0,1,''),(8,30,54,'图片频道首页焦点图',20,NULL,0,1,''),(9,0,0,'网站顶部推荐',20,NULL,0,1,''),(10,0,0,'栏目首页推荐',20,NULL,0,1,''),(12,0,0,'首页图片推荐',20,NULL,0,1,''),(13,82,0,'栏目页焦点图',20,NULL,0,1,''),(14,0,0,'视频首页焦点图',20,'',0,1,''),(15,0,0,'视频首页头条推荐',20,'',0,1,''),(16,0,0,'视频首页每日热点',20,'',0,1,''),(17,0,0,'视频栏目精彩推荐',20,'',0,1,'');
/*!40000 ALTER TABLE `ly_position` ENABLE KEYS */;

#
# Structure for table "ly_position_data"
#

DROP TABLE IF EXISTS `ly_position_data`;
CREATE TABLE `ly_position_data` (
  `id` mediumint(8) unsigned NOT NULL DEFAULT '0',
  `catid` smallint(5) unsigned NOT NULL DEFAULT '0',
  `posid` smallint(5) unsigned NOT NULL DEFAULT '0',
  `module` char(20) DEFAULT NULL,
  `modelid` smallint(6) unsigned DEFAULT '0',
  `thumb` tinyint(1) NOT NULL DEFAULT '0',
  `data` mediumtext,
  `siteid` smallint(5) unsigned NOT NULL DEFAULT '1',
  `listorder` mediumint(8) DEFAULT '0',
  `expiration` int(10) NOT NULL,
  `extention` char(30) DEFAULT NULL,
  `synedit` tinyint(1) DEFAULT '0',
  KEY `posid` (`posid`),
  KEY `listorder` (`listorder`)
) ENGINE=MyISAM DEFAULT CHARSET=utf8;

#
# Data for table "ly_position_data"
#


#
# Structure for table "ly_poster"
#

DROP TABLE IF EXISTS `ly_poster`;
CREATE TABLE `ly_poster` (
  `id` smallint(5) unsigned NOT NULL AUTO_INCREMENT,
  `siteid` smallint(5) unsigned NOT NULL DEFAULT '0',
  `name` varchar(40) NOT NULL,
  `spaceid` smallint(5) unsigned NOT NULL DEFAULT '0',
  `type` varchar(10) NOT NULL,
  `setting` text NOT NULL,
  `startdate` int(10) unsigned NOT NULL DEFAULT '0',
  `enddate` int(10) unsigned NOT NULL DEFAULT '0',
  `addtime` int(10) unsigned NOT NULL DEFAULT '0',
  `hits` mediumint(8) unsigned NOT NULL DEFAULT '0',
  `clicks` smallint(5) unsigned NOT NULL DEFAULT '0',
  `listorder` tinyint(3) unsigned NOT NULL DEFAULT '0',
  `disabled` tinyint(1) unsigned NOT NULL DEFAULT '0',
  PRIMARY KEY (`id`),
  KEY `spaceid` (`spaceid`,`siteid`,`disabled`,`listorder`)
) ENGINE=MyISAM AUTO_INCREMENT=11 DEFAULT CHARSET=utf8;

#
# Data for table "ly_poster"
#

/*!40000 ALTER TABLE `ly_poster` DISABLE KEYS */;
INSERT INTO `ly_poster` VALUES (1,1,'banner',1,'images','array (\n  1 => \n  array (\n    \'linkurl\' => \'http://www.phpcms.cn\',\n    \'imageurl\' => \'http://localhost/lycms/install_package/uploadfile/poster/2.png\',\n    \'alt\' => \'\',\n  ),\n)',1285813808,1446249600,1285813833,0,1,0,0),(2,1,'phpcmsv9',2,'images','array (\n  1 => \n  array (\n    \'linkurl\' => \'http://www.phpcms.cn\',\n    \'imageurl\' => \'http://localhost/lycms/install_package/statics/images/v9/ad_login.jpg\',\n    \'alt\' => \'phpcms专业建站系统\',\n  ),\n)',1285816298,1446249600,1285816310,0,1,0,0),(3,1,'phpcms下载推荐',3,'images','array (\n  1 => \n  array (\n    \'linkurl\' => \'http://www.phpcms.cn\',\n    \'imageurl\' => \'http://localhost/lycms/install_package/uploadfile/poster/3.png\',\n    \'alt\' => \'phpcms官方\',\n  ),\n)',1286504815,1446249600,1286504865,0,1,0,0),(4,1,'phpcms广告',4,'images','array (\n  1 => \n  array (\n    \'linkurl\' => \'http://www.phpcms.cn\',\n    \'imageurl\' => \'http://localhost/lycms/install_package/uploadfile/poster/4.gif\',\n    \'alt\' => \'phpcms官方\',\n  ),\n)',1286505141,1446249600,1286505178,0,0,0,0),(5,1,'phpcms下载',5,'images','array (\n  1 => \n  array (\n    \'linkurl\' => \'http://www.phpcms.cn\',\n    \'imageurl\' => \'http://localhost/lycms/install_package/uploadfile/poster/5.gif\',\n    \'alt\' => \'官方\',\n  ),\n)',1286509363,1446249600,1286509401,0,0,0,0),(6,1,'phpcms下载推荐1',6,'images','array (\n  1 => \n  array (\n    \'linkurl\' => \'http://www.phpcms.cn\',\n    \'imageurl\' => \'http://localhost/lycms/install_package/uploadfile/poster/5.gif\',\n    \'alt\' => \'官方\',\n  ),\n)',1286510183,1446249600,1286510227,0,0,0,0),(7,1,'phpcms下载详情',7,'images','array (\n  1 => \n  array (\n    \'linkurl\' => \'http://www.phpcms.cn\',\n    \'imageurl\' => \'http://localhost/lycms/install_package/uploadfile/poster/5.gif\',\n    \'alt\' => \'官方\',\n  ),\n)',1286510314,1446249600,1286510341,0,0,0,0),(8,1,'phpcms下载页',8,'images','array (\n  1 => \n  array (\n    \'linkurl\' => \'http://www.phpcms.cn\',\n    \'imageurl\' => \'http://localhost/lycms/install_package/uploadfile/poster/1.jpg\',\n    \'alt\' => \'官方站\',\n  ),\n)',1286522084,1446249600,1286522125,0,0,0,0),(9,1,'phpcms v9广告',9,'images','array (\n  1 => \n  array (\n    \'linkurl\' => \'http://www.phpcms.cn\',\n    \'imageurl\' => \'http://localhost/lycms/install_package/uploadfile/poster/4.gif\',\n    \'alt\' => \'\',\n  ),\n)',1287041759,1446249600,1287041804,0,0,0,0),(10,1,'phpcms',10,'images','array (\n  1 => \n  array (\n    \'linkurl\' => \'http://www.phpcms.cn\',\n    \'imageurl\' => \'http://localhost/lycms/install_package/uploadfile/poster/6.jpg\',\n    \'alt\' => \'phpcms官方\',\n  ),\n)',1289270509,1446249600,1289270541,1,0,0,0);
/*!40000 ALTER TABLE `ly_poster` ENABLE KEYS */;

#
# Structure for table "ly_poster_201711"
#

DROP TABLE IF EXISTS `ly_poster_201711`;
CREATE TABLE `ly_poster_201711` (
  `id` int(10) unsigned NOT NULL AUTO_INCREMENT,
  `pid` smallint(5) unsigned NOT NULL DEFAULT '0',
  `siteid` smallint(5) unsigned NOT NULL DEFAULT '0',
  `spaceid` smallint(5) unsigned NOT NULL DEFAULT '0',
  `username` char(20) NOT NULL,
  `area` char(40) NOT NULL,
  `ip` char(15) NOT NULL,
  `referer` char(120) NOT NULL,
  `clicktime` int(10) unsigned NOT NULL DEFAULT '0',
  `type` tinyint(1) unsigned NOT NULL DEFAULT '1',
  PRIMARY KEY (`id`),
  KEY `pid` (`pid`,`type`,`ip`)
) ENGINE=MyISAM DEFAULT CHARSET=utf8;

#
# Data for table "ly_poster_201711"
#


#
# Structure for table "ly_poster_201712"
#

DROP TABLE IF EXISTS `ly_poster_201712`;
CREATE TABLE `ly_poster_201712` (
  `id` int(10) unsigned NOT NULL AUTO_INCREMENT,
  `pid` smallint(5) unsigned NOT NULL DEFAULT '0',
  `siteid` smallint(5) unsigned NOT NULL DEFAULT '0',
  `spaceid` smallint(5) unsigned NOT NULL DEFAULT '0',
  `username` char(20) NOT NULL,
  `area` char(40) NOT NULL,
  `ip` char(15) NOT NULL,
  `referer` char(120) NOT NULL,
  `clicktime` int(10) unsigned NOT NULL DEFAULT '0',
  `type` tinyint(1) unsigned NOT NULL DEFAULT '1',
  PRIMARY KEY (`id`),
  KEY `pid` (`pid`,`type`,`ip`)
) ENGINE=MyISAM DEFAULT CHARSET=utf8;

#
# Data for table "ly_poster_201712"
#


#
# Structure for table "ly_poster_space"
#

DROP TABLE IF EXISTS `ly_poster_space`;
CREATE TABLE `ly_poster_space` (
  `spaceid` smallint(5) unsigned NOT NULL AUTO_INCREMENT,
  `siteid` smallint(5) unsigned NOT NULL DEFAULT '0',
  `name` char(50) NOT NULL,
  `type` char(30) NOT NULL,
  `path` char(40) NOT NULL,
  `width` smallint(4) unsigned NOT NULL DEFAULT '0',
  `height` smallint(4) unsigned NOT NULL DEFAULT '0',
  `setting` char(100) NOT NULL,
  `description` char(100) NOT NULL,
  `items` tinyint(3) unsigned NOT NULL DEFAULT '0',
  `disabled` tinyint(1) unsigned NOT NULL DEFAULT '0',
  PRIMARY KEY (`spaceid`),
  KEY `disabled` (`disabled`,`siteid`)
) ENGINE=MyISAM AUTO_INCREMENT=11 DEFAULT CHARSET=utf8;

#
# Data for table "ly_poster_space"
#

/*!40000 ALTER TABLE `ly_poster_space` DISABLE KEYS */;
INSERT INTO `ly_poster_space` VALUES (1,1,'顶部搜索右侧广告位','banner','poster_js/1.js',430,63,'array (\n  \'paddleft\' => \'\',\n  \'paddtop\' => \'\',\n)','',1,0),(2,1,'会员登陆页广告','banner','poster_js/2.js',310,304,'array (\n  \'paddleft\' => \'\',\n  \'paddtop\' => \'\',\n)','会员登陆页广告右侧代替外部通行证广告',1,0),(3,1,'图片频道图片排行下方','banner','poster_js/3.js',249,87,'array (\n  \'paddleft\' => \'\',\n  \'paddtop\' => \'\',\n)','',1,0),(4,1,'新闻中心推荐链接左侧','banner','poster_js/4.js',748,91,'array (\n  \'paddleft\' => \'\',\n  \'paddtop\' => \'\',\n)','',1,0),(5,1,'下载列表页右侧顶部','banner','poster_js/5.js',248,162,'array (\n  \'paddleft\' => \'\',\n  \'paddtop\' => \'\',\n)','',1,0),(6,1,'下载详情页右侧顶部','banner','poster_js/6.js',248,162,'array (\n  \'paddleft\' => \'\',\n  \'paddtop\' => \'\',\n)','',1,0),(7,1,'下载详情页右侧下部','banner','poster_js/7.js',248,162,'array (\n  \'paddleft\' => \'\',\n  \'paddtop\' => \'\',\n)','',1,0),(8,1,'下载频道首页','banner','poster_js/8.js',698,80,'array (\n  \'paddleft\' => \'\',\n  \'paddtop\' => \'\',\n)','',1,0),(9,1,'下载详情页地址列表右侧','banner','poster_js/12.js',330,50,'array (\n  \'paddleft\' => \'\',\n  \'paddtop\' => \'\',\n)','',1,0),(10,1,'首页关注下方广告','banner','poster_js/10.js',307,60,'array (\n  \'paddleft\' => \'\',\n  \'paddtop\' => \'\',\n)','',1,0);
/*!40000 ALTER TABLE `ly_poster_space` ENABLE KEYS */;

#
# Structure for table "ly_queue"
#

DROP TABLE IF EXISTS `ly_queue`;
CREATE TABLE `ly_queue` (
  `id` int(10) NOT NULL AUTO_INCREMENT,
  `type` char(5) DEFAULT NULL,
  `siteid` smallint(5) unsigned DEFAULT '0',
  `path` varchar(100) DEFAULT NULL,
  `status1` tinyint(1) DEFAULT '0',
  `status2` tinyint(1) DEFAULT '0',
  `status3` tinyint(1) DEFAULT '0',
  `status4` tinyint(1) DEFAULT '0',
  `times` int(10) unsigned DEFAULT '0',
  PRIMARY KEY (`id`),
  KEY `siteid` (`siteid`),
  KEY `times` (`times`)
) ENGINE=MyISAM DEFAULT CHARSET=utf8;

#
# Data for table "ly_queue"
#


#
# Structure for table "ly_release_point"
#

DROP TABLE IF EXISTS `ly_release_point`;
CREATE TABLE `ly_release_point` (
  `id` mediumint(8) NOT NULL AUTO_INCREMENT,
  `name` varchar(30) DEFAULT NULL,
  `host` varchar(100) DEFAULT NULL,
  `username` varchar(50) DEFAULT NULL,
  `password` varchar(50) DEFAULT NULL,
  `port` varchar(10) DEFAULT '21',
  `pasv` tinyint(1) DEFAULT '0',
  `ssl` tinyint(1) DEFAULT '0',
  `path` varchar(50) DEFAULT NULL,
  PRIMARY KEY (`id`)
) ENGINE=MyISAM DEFAULT CHARSET=utf8;

#
# Data for table "ly_release_point"
#


#
# Structure for table "ly_search"
#

DROP TABLE IF EXISTS `ly_search`;
CREATE TABLE `ly_search` (
  `searchid` int(10) unsigned NOT NULL AUTO_INCREMENT,
  `typeid` smallint(5) unsigned NOT NULL DEFAULT '0',
  `id` mediumint(8) unsigned NOT NULL DEFAULT '0',
  `adddate` int(10) unsigned NOT NULL,
  `data` text NOT NULL,
  `siteid` smallint(5) unsigned NOT NULL DEFAULT '1',
  PRIMARY KEY (`searchid`),
  KEY `typeid` (`typeid`,`id`),
  KEY `siteid` (`siteid`),
  FULLTEXT KEY `data` (`data`)
) ENGINE=MyISAM AUTO_INCREMENT=66 DEFAULT CHARSET=utf8;

#
# Data for table "ly_search"
#

/*!40000 ALTER TABLE `ly_search` DISABLE KEYS */;
INSERT INTO `ly_search` VALUES (1,1,1,1512008701,'守望，冬天的路口 路口 宋体 自己 季节 一些 生命 岁月 一切 日子 我们 人生 一个 阳光 冬天 没有 懂得 路口 怎样 可以 不会 人心 经历 越来越 身边 许多 然而 不在 分明 那些 这么 时有 明白 向往 多少 一直 平安 心中 生活 努力 从不 对于 之间 存在 光明 放弃 曾经 梦想 驿站 所谓 能力 之外 获得 心灵 记忆 理由 足以 动人 温度 生长 深深 日渐 遇见 尚有 一起 走进 轻轻 相信 感动 彩虹 风雨 眼神 光华 万里 无论 熟悉 这个 温柔 命运 重要 从来 故事 说话 仿佛 习惯 一一 月光 徘徊 到底 深处 此时 留在 时光 东西 有些 人情 流转 开启 新一 时刻 见证 边缘 等待 人间 用心 透过 真的 不堪 无意 眼中 走过 接纳 依然 时间 那么 步伐 追逐 因果 温暖 必然 所有 笑容 意义 赋予 迎接 使命 大地',1),(2,1,2,1512009697,'一人一心一世界 一人 一心 世界 宋体 人生 路口 自己 冬天 一个 岁月 生命 无论 怎样 光华 眼神 万里 世界 足以 理由 记忆 一起 尚有 走进 这个 轻轻 相信 感动 遇见 温柔 风雨 彩虹 许多 命运 熟悉 阳光 一些 然而 经历 日渐 深深 季节 温度 人心 生长 动人',1),(3,1,3,1512009817,'我们的故事 故事 宋体 一个 自己 听说 喜欢 知道 不是 习惯 开始 短信 青春 公主 因为 那么 我们 生活 路上 不要 想起 于是 快乐 有点 发现 当然 干净 高三 常常 环境 感到 一点 类型 认识 我喜欢 孤独 记得 特别 生日 从小 比较 怎么 浪漫 其中 这个 父母 爱情 美好 没有 这是 算是 就是 内心 不管 时期 文章 慢慢 高中 部分 应该 学子 少数 感觉 初恋 寻找 阳台 就算 那个 打破 不会 失落 本来 调整 相处 愉快 和谐 突然 绝对 不能 不然 肯定 天天 日子 内向 快速 适应 乐趣 温暖 至少 网络 真的 安全 回家 收到 注意 作业 认真 健康 不想 看到 的的 有害 吸烟 意思 大概 不可 决定 回来 交流 直到 样子 评价 小小 关心 不安 超市 啤酒 从未 众人 狂欢 平安 初中 玫瑰 身边 变成 美丽 白天 或者 期待 之后 只是 一会 还是 每天 人群 小说 浪费 步入 网络游戏 忘记 梦想 追求 这种 但是 总是 相信 总会 包容 留下 回忆 遇到 王子 人中 显得 我会 身材 正在 长大 完美 学习 成绩 原因 上课 东西 本人 距离 称呼 之间 大家 分享 说是 礼物 呵呵 消息 那天 一贯 原则 偶然 得知 你们 后来 来说 真正 所以 想法 对于 轨迹 一样 越来越 改变 大大 还有 经常 熟悉 一直 哈哈 后面 没想到',1),(4,1,4,1512009932,'我们的故事 故事 宋体 自己 因为 知道 我们 喜欢 一个 希望 内心 期待 怎么 开始 短信 看见 不是 一直 这是 听说 对我 路上 注意 于是 公主 那么 没有 文章 相信 习惯 当然 在意 我喜欢 发现 一点 温柔 这么 打破 高三 电话 早上 不要 这个 环境 认识 一样 学习 类型 常常 生日 记得 没想到 回头 心跳 时候 开心 不见 起来 拒绝 一切 悄悄 回到 其他 可是 感到 干净 那个 有点 生活 孤独 想起 晚上 位置 看到 不想 收到 相处 不能 就是 父母 总是 进展 只是 快乐 青春 高中 慢慢 美好 朋友 我会 还是 同时 每天 以前 下方 少数 算是 应该 学子 部分 时期 感情 拥有 别人 早已 方向 玻璃 不管 更换 好奇 教室 好看 而且 那些 十八 回复 下面 觉得 风雨 的的 从小 大概 意思 不可 吸烟 健康 有害 特别 帮忙 很少 便宜 周围 下去 岁月 加快 说话 分钟 比较 沉默 其中 十几 学校 每周 减肥 为什么 声音 邀请 到底 哪里 暧昧 哪些 接到 理想 得到 担忧 结果 机会 单独 失望 既然 有情 之前 并非 发展 清楚 这样 为重 吃饭 疯狂 房间 面包 不幸 保护 潮流 大胃王 认真 进行 脂肪 或是 一块 两个 身体 推荐 感冒 快快 感谢 听到 读书 压制 正好 担心 害怕 温暖 距离 之间 本人 原因 上课 称呼 还有 经常 显得 你们 后来 东西 大家 礼物 说是 呵呵 肯定 就算 完美 消息 原则 一贯 分享 人中 偶然 那天 得知 身材 浪费 小说 网络游戏 步入 成绩 变成 追求 或者 人群 白天 美丽 梦想 忘记 之后 越来越 这种 大大 熟悉 身边 后面 哈哈 但是 想法 所以 轨迹 改变 对于 来说 一会 真正 不然 平安 狂欢 众人 初中 超市 不安 留下 决定 回来 关心 回忆 交流 啤酒 从未 安全 至少 真的 网络 浪漫 回家 爱情 小小 正在 调整 突然 失落 王子 适应 快速 和谐 愉快 长大 内向 绝对 本来 不会 日子 天天 玫瑰 初恋 包容 评价 样子 直到 感觉 总会 遇到 乐趣 寻找 阳台 作业',1),(5,1,5,1512009555,'　悄悄减肥是笑话 减肥 不过 不是 减肥 悄悄 笑话 终于 孔雀 期待 珍藏 真心 一切 明白 不住 同情 无能 曾经 有情 高三 普通 世界 或者 公主 那么 就是 回忆 梦幻 现实 至少 看清 自己 那些 宋体',1),(6,1,6,1512093675,'红围巾的故事 围巾 故事 宋体 女孩 男人 看到 红色 跟着 看着 随后 相机 那个 一个 最后 发现 出来 一会 突然 像是 人群 等待 故事 注意力 数字 声音 吸引 时间 显然 表情 知道 那样 这个 怎么 说话 犹豫 不一 好像 刚刚 地方 尴尬 有些 为什么 走进 然后 深深 没什么 面的 没有 一家 外面 进去 剩余时间 一般 又是 这里 身边 经过 前面 剩余 这时 第一 因为 之前 目光 抓住 走向 看见 可是 一时 距离 一直 那么 如果说 那里 终于 所在 方向 司机 小子 这样',1),(7,1,7,1512350898,'守望，冬天的路口 守望，冬天的路口路口 宋体 生命 季节 我们 日子 一些 冬天 那些 自己 一切 不在 阳光 意义 人生 因果 真的 所有 不会 追逐 怎样 步伐 笑容 使命 赋予 时间 迎接 那么 多少 大地 明白 光明 之间 所谓 心灵 驿站 眼中 人间 用心 必然 透过 不堪 无意 走过 依然 接纳 然而 流转 人情 见证 时刻 身边 说话 此时 分明 这么 一个 时光 东西 留在 开启 新一 边缘 等待 仿佛 习惯 深处 人心 岁月 到底 徘徊 月光 有些 经历 一一 路口 故事 许多 从来 温暖',1),(8,1,8,1512350936,'画地为牢，美了守望 画地为牢，美了守望 宋体 岁月 比较 思念 目光 等待 还是 春天 可以 一行 怎样 从前 牵手 远离 还原 依旧 有所 美的 漫长 未能 无处 寂寞 孤独 心里 日子 深处 一次 温暖 彼此 依附 时光 能够 给予 关于 当年 拾忆 页面 月的 往事 我心 不负 熟悉 那个 即可 一把 永恒 声音 寻找 天涯 季节 当初 复制 敲定 月光 最终 不论 专注 能否 已经 流浪 如今 一度 美好 一方 轻轻 桃花 风景 一个 始终 意向 的最 浪漫 一直 成长 方向 赋予',1),(9,1,9,1512350972,'秋色情万千相思小姐姐 小姐姐 宋体 小姐 一个 那时 还是 同一 我们 小学 一直 地方 故乡 不会 到处 简单 改变 记得 那些 记忆 回忆 温暖 不成 如何 读书 季节 一生 万物 十分 一刻 回家 正在 人生 经历 如同 漂亮 精致 留下 一道 惊喜 备受 学校 找到 那个 好友 吃饭 晚上 依然 内心 陌生 城市 那样 顾客 头发 考虑 精神 一些 设施 关系 只是 出色 日子 可以 当时 而已 单纯 无聊 时光 平米 只有 没有 稳定 职业 所长 一无 美人 可惜 毕业 由于 不定 交往 政府 大门 从事 却是 一次 权力 集中 当地 不见 姐姐 唯一 岁月 不了 风光 还有 福建 回来 一面 最近 一点 提起 无奈 回到 亲切 面的 悄然 来临 节日 看着 思念 心里 风俗 不同 家乡 有着 说起 总是 世俗 人情 入住 同行 时候 般的 不敢 世界 从未 辛苦 桃花 不久 呵护 灵魂 生命 美的 风景 有些 注定 曾经 色情 童年 总会 温柔 的方式 那里 年级 常常',1),(10,1,10,1512351019,'花香烟火，一沓沓 花香 烟火 宋体 一方 只是 遥远 轻轻 阳光 心情 有些 一直 日子 味道 一点 简单 愿望 宁静 思念 梦想 能够 可以 那么 植物 年代 一句话 一个 专注 平凡 生活 风景 一道 美好 如此 而已 自行 或许 组合 往事 岁月 喜爱 美的 时光 故事 便是 天涯 童话 翅膀 隐形 打开 年华 入住 生命 在于 自由 曙光 黎明 面的 时空 喜欢',1),(11,1,11,1512351033,'那是一个无聊的冬夜，吃完 长情的相依 宋体 一个 名字 游戏 当时 父母 自己 手机 事情 活动 家族 对方 打开 可以 一起 心里 这个 照片 这么 只能 无聊 之后 晚上 每天 好像 不会 无奈 这样 看看 突然 随便 只有 频道 他们 指挥 期间 有人 注意 肯定 再说 一面 第二 之前 各种 看着 安排 负责 应该 不错 最后 敬业 任务 温馨 拒绝 在家 享受 如果 感觉 时间 人家 有时 责任感 根本 声音 聊天 房间 第一次 结果 为何 不当 一句话 选择 被迫 觉得 发出 今年 完成 可怜 美的 怀疑 我爱 找到 网上 可是 的态度 不行 那个 交际 不能 结婚 认识 随时 不到 明星 麻烦 不好 真人 除了 我们 一次 紧张 还有 天下 妈妈 女儿 有点 同意 介绍 小组 八大 七大 不成 很快 好友 其他 那么 体会 才能 身边 一边 家人 体验 网站 购物 讨论 说话 很少 各个 浏览 朋友 吃饭 战场 这是 下单 登上 或许 喜欢 排名 第一 有的 以后 准备 这时候 开始 禁止 左右 每周 一样 有时候 办法 遇见 然而 对于 理解 为什么 不是 接近 未婚 男女 生活 为了 习惯 来说 日子 接受 各类 简单 管理 因为 位置 领袖 上阵 这时 起来 身体 比较 回事 看见 还要 不想 我要 不要 别人',1),(12,1,12,1512351070,'蝶恋花·鹰       文/张子耀 蝶恋花 宋体 他们 没有 显得 留下 还是 微笑 天空 可以 继续 有着 看到 日子 它们 沉默 自己 还有 变成 不断 只是 白色 保持 曾经 眼睛 月的 心中 知道 变得 总是 身上 已经 时光 更多 徘徊 轻轻 梦想 希望 任何 小城 得意 时候 而是 想要 疑问 看着 身边 旋转 声音 那些 像是 一直 这是 表达 冬天 过来 接受 爱人 慢慢 随着 不再 发出 可是 漫步 认真 之中 处在 出手 尽管 姿态 依旧 有时候 接下 未来 比较 雕塑 有些 心跳 辉煌 可能 岁月 地上 一刻 好像 记忆 全力 脸上 面的 痕迹 品味 滑落 相互 阳光 春天 不大 冷静 鲜花 一些 早就 黄色 骄傲 接着 走过 覆盖 时间 抛弃 身体 快速 期待 冬季 能够 的方式 犹豫 也许 命运 过去 所以 不在 成为 一切 这样 所有 万里 这些 无论 有的 大地 经过 失落 恋爱 少女 犹如 因为 依赖 经历 然后 但是 多人 这个 愿意 听到 眼泪 只有 诱惑 风情 谨慎 发生 不会 模糊',1),(13,1,13,1512351122,'“那后来呢？那封信写的是什么？” 封信 宋体 一个 知道 我们 声音 看着 没有 现在 听到 相信 还是 告诉 这样 意思 时间 母亲 唱歌 心里 孤独 城市 起来 因为 其实 一次 多人 低下 只是 突然 承认 活动 封信 再次 后来 年前 感动 遇到 并且 这个 人生 一刻 时候 事情 看到 生命 结束 似乎 找到 暧昧 名字 为了 明白 留下 这么 依然 发现 一直 认识 言语 转移 感觉 需要 之间 早就 非常 就是说 开始 有点 话题 熟悉 这是 情况 不住 节目 微笑 等到 那么 热闹 打算 已经 过去 人群 眼神 在意 之中 表演 一家 说话 没想到 为什么 方便 发展 成都 照顾 老人 是不是 工作 不到 期待 虚无 东西 你们 可能 但是 家里 介绍 也好 结婚 下来 希望 追求 主动 单身 一时 姑娘 公司 好几 优秀 有人 选择 我要 小时 呵呵 对方 笑容 不是 有趣 变得 见面 我心 上去 然后 同事 马上 就要 准备 离开 或者 难道 自己 以后 内容 眼中 体会 联想 常常 脆弱 个月 容易 平时 压制 这里 爱人 便是 失去 从小 女生 于是 简单 多长 痛苦 这时 竟然 爱情 却是 不久 心脏 停留 不会 回头 剩下 寂寞 瞬间 感情 入口 刺激 来到 那种 那个 第二 从未 地铁 通道 无所谓 之后 仍然 黑暗 认为 阳光 从来 情绪 广场 那里 像是 聚集 产生 日子 记住 头上 有些 渴望 所有 我喜欢 还有 赚钱 出来 彼此 当心 回家 不用 去年 接受 放心 谢谢 星期 接下来 表情 所有人 消失 营养 妈妈 不得不 好看 几百 说是 远远',1),(14,1,15,1512367706,'守望，冬天的路口 路口 宋体 冬天 路口 自己 一些 岁月 生命 季节 一切 日子 人生 一个 我们 阳光 越来越 怎样 许多 可以 然而 不会 那些 懂得 不在 没有 人心 经历 心中 时有 一直 梦想 向往 放弃 驿站 明白 所谓 心灵 多少 眼中 大地 从不 努力 能力 之外 生活 之间 光明 曾经 存在 对于 获得 理由 足以 记忆 生长 温度 深深 日渐 动人 遇见 相信 一起 走进 这个 尚有 感动 轻轻 彩虹 风雨 光华 无论 眼神 万里 平安 重要 命运 温柔 熟悉 那么 此时 见证 说话 仿佛 时刻 边缘 习惯 一一 到底 故事 从来 等待 分明 这么 身边 人情 时光 开启 新一 留在 流转 有些 东西 深处 真的 不堪 意义 透过 接纳 依然 无意 人间 用心 赋予 使命 温暖 必然 月光 徘徊 所有 笑容 迎接 追逐 因果 时间 步伐 走过',1),(15,1,16,1512367738,'这些话好帅，经典得让人心痛！_经典人生语句 好帅 经典 语句 一个 就是 女人 自己 经典 爱情 而是 人生 语句 对方 时间 如果 距离 不要 真诚 不是 束缚 一小 好几 没有 其实 东西 失去 还有 也许 属于 不必 从来 因为 源于 吃饭 真正 代表 婚礼 幸福 豪华 相处 终生 个人 婚姻 占据 今天 昨天 如果说 信用卡 善良 那么 无论 作用 思考 向往 我们 承诺 生存 以为 许多 重组 偏见 力量 相互 除了 大部分 不过 关联 多少 首饰 广告 而已 这么 可以 告诉 别人 与否 只有 全世界 知道 说明 无知 我喜欢 现在 还要 离开 我要 只能 不到 身边 一辈子 人心 一定 能够 付出 对不起 遇见 虚构 头上 一刻 光辉 苹果 忘记时间 忘记 理由 那些 分手 无法 两个 快乐 心脏 这些 不然 生长 世界 生活',1),(16,1,17,1512367764,'秋夜无言，遥寄一份心愿 心愿 一个 为何 既然 只能 不会 风雨 中秋 岁月 风情 阳光 之后 永久 祝福 问候 温暖 是否 天涯 思念 不住 伊人 独立 生命 忘记 人生 人事 想起 地方 一些 记忆 信念 追求 品味 一度 一生 聆听 感知 触摸 一味',1),(17,1,18,1512367781,'遇见，别问是劫是缘 遇见，别问是劫是缘 一个 如此 美丽 自己 忘记 时光 我们 故事 喜欢 依旧 悄然 原来 现实 遇见 独自 也许 寂寞 无法 如果 可以 一生 从此 是否 这里 始终 难以 不算 远离 那么 风景 放在 把握 无奈 思念 只能 于是 眼前 这么 无论 一道 平静 你我 某个 年华 过于 梦幻 天堂 坐在 不可 这份 一起 为何 想起 不得 痕迹 不再 多久 一辈子 经常 拥有 看到 一定 需要 有声 享受 月的 文字 风光 无限 时刻 感觉 这样 置于 自由 只有 自身 最后 陌生 再见 过客 一次 选择 的方式 又是 往事 属于 时时 芳香 空白 告诉 无处 心里 路上 时常 心动 令人 天空 岁月 我心 此时 何时 内心 不知 孤独 时候 难免 许多',1),(18,1,19,1512367807,'若,人生只是一场美丽的梦 只是 人生 自己 可以 只是 人生 美丽 留住 无法 美的 只要 追求 生命 每个 简单 慢慢 心里 生活 唯美 感受 自然 世界 一个 不想 岁月 呼吸 阳光 十分 真实 天空 季节 缤纷 时光 无人 追逐 需要 一方 属于 大自然 浪漫 眼睛 过客 才能 接受 眼里 我们 发现 每天 释放 力量 聆听 发出 享受 其实',1),(19,1,20,1512367827,'美丽，在落叶凋谢时 落叶 美丽 自然 生命 享受 我们 简单 自己 放松 走进 多久 东西 心里 古老 精彩 幸福 人生 浪漫 岁月 之中 选择 美的 力量 温暖 就是 微笑 一个 真正 遥远 等待 空白 不仅 思念 心中 使用 情感 永恒 诠释 本质 往往 那些 历经 阐述 秋季 聆听 发现 感悟 人类 需要 令人 内涵 问候 眼神 天上 月光 真的 情怀 道路 无聊 着手 独立 世界 坚强 沉默 大海 飞翔 收获 坚持 实现 自信 倾听 开心 阳光 自由 自在 既是 心情 快乐 梦想 永远 生活 风景 不易',1),(20,1,21,1512367855,'三个姑娘 姑娘 三个 宋体 姑娘 三个 深深 表达 允许 症状 一个 从此 思念 爱上 心跳 加快 身边 每次 低调 气质 我心 难道 就是 随之 喜欢',1),(21,1,22,1512367875,'花季花季花季 花季花季花季 宋体 短短 等待 品味 深深 阳光 冬季 徘徊 灿烂 路口',1),(22,1,23,1512367904,'痛，是一种爱  牛其力 不是 昨日 一道 轻轻 一次 青春 担心 多年 话语 眼泪',1),(23,1,24,1512367927,'相遇而安 而安 相信 城市 不幸 这是 你们 以为 呼吸 空气 心跳 心脏 多么 然后 不了 只是 自己 没什么 不堪 告诉 那么 或许 遗憾 可以 最大 合适 我们 真的 不要 带来 没有 总是 所以 并且 自私 只有',1),(24,1,25,1512367944,'　不太清楚。我才到这个地方没多久。 地方 我们 地方 清楚 这个 怎么 自己 这里 多久 时候 属于 开始 不见 我喜欢 只是 不大 提及 愿意 一把 大大 类型 女孩 哪里 起来 兴趣 旅行 很少 得知 分配 白天 工作 百合 担任 工作室 婚纱 新娘 睡觉 也就是 小镇 房子 那个 舒服 特别 那么 卧室 黄色 看不到 过来 这是 可以 个人 身体 疯狂 知道 降临 再度 音乐 十八 一切 做空 第一次 一刻 遇到 穿着 白色 简单 女子 幸福 陌生 生活 城市 觉得 习惯 因为 寂寞 牛仔',1),(25,1,26,1512367962,'水墨庐州 水墨 月的 又是 寂寞 天空 慢慢 总是 气息 一样 眼前 轻轻 岁月 那里 油漆 坐在 孤单 对联 扩散 早已 文字 开来 模糊 看着 漫长 悄悄 往事 曾经 女子 墨香 恋人 味道 有点 古镇 拉开 心里 一番 三月 清楚 现在 还清 雕刻 相通 两岸 连接 记忆 一如 从前 痕迹 还有 喜欢 不知 人群 风味 般的 带来 城镇 崭新 绿色',1),(26,1,27,1512367978,'人间还有美好人间还有美好人间还有美好 人间 人间 还有 美好 温柔 对于 美丽 遇见 不是 微笑 智者 丰富 参与 看清 十字 这份 是不是 失去 习惯 自己 如此 因为 所有 也许 有的 原来 相互 觉得 直到 温度 享受 而已 只是 怀念 时光 一切 赋予 生命 接受 感受 谢谢 感谢 美的 走过 快乐 拥有 我们 成为 这场 在内 在外 温暖 瞬间 短暂 尽管 人生 没有 味道 轻轻 眼前 留下 充满 用心 不必 不如 节奏 定律 只要 愿意 阳光 哪怕 度过 一起',1),(27,1,28,1512367996,'尘在外，心在内，这场爱恋，如烟花般在心的荒芜中绚烂， 烟花 这场 美丽 温柔 在内 在外 对于 谢谢 不是 短暂 尽管 美的 遇见 感谢 成为 温暖 瞬间 十字 而已 只是 怀念 这份 微笑 是不是 丰富 参与 智者 有的 失去 自己 习惯 温度 直到 相互 原来 觉得 如此 因为 赋予 生命 接受 时光 一切 也许 所有 人间 享受 只要 不必 感受 用心 不如 一起 阳光 愿意 哪怕 度过 节奏 定律 快乐 走过 我们 没有 人生 拥有 充满 看清 味道 轻轻 留下 眼前',1),(28,1,29,1512368018,'美丽，在落叶凋谢时美丽，在落叶凋谢时 落叶 美丽',1),(29,1,30,1512368027,'奔离去；屋檐下，一两朵渺小的 月满西楼 宋体 那些 房子 属于 岁月 一两 仿佛 以前 还有 眼前 各自 地方 已经 人们 哪里 好像 无数 多久 如今 存在 是否 往事 无处 过去 单纯 不会 永远 封信 从前 三个 上面 地上 自我 河流 迅速 一把 周围 认真 动作 一道 特殊 所有 出现 坐在 一线 话语 什么样 知道 虽然 无人 正在 然后 一起 四五 可以',1),(30,1,31,1512368044,'过尽霜寒半段秋，一半浓情，悄发兰舟。 兰舟 一半 点点 不是',1),(31,1,32,1512368052,'我画地为牢，美了守望 我 没有 这里 知道',1),(32,1,33,1512368073,'拾一抹暖意，走过秋凉拾一抹暖意，走过秋凉 暖意 宋体 走过 熟悉 那个 声音 好像 为什么 阳光 那样 某种 房子 只是 打开 大概 离开 因为 房间 发现 愿意 现实 外面 无数 不是 其实 一个 温暖 怀念 早已 地方 告诉 这里 报纸 出现 意识 情感 心中 酝酿 等待 正在 于是 音乐 古老 多么 一生 童年 很少 电视 不停 知道 还是 方向 模糊 陷入 怎样 风景 尚未 天空 空气 下来 巨大 不住 不下 温柔 曾经 出来 太阳 时光 重复 依旧 显得 起来 现在 以至于 一道 直到 清醒 有人 仿佛 过来 这种',1),(33,1,34,1512368085,'会远去，留下一路的繁华与落寂。让我们回味。也让我们学 dfd 温暖 我们 生活 一个 学会 留下 关怀 时光 缺少 怎样 流转 季节 无论 改变 静秋 接受 适应 有的 爱人 眼神 无限 时候 微笑 自己 生命 不再 孤单 岁月 觉得 快乐 来自 玫瑰 给予 月的 流水 喜欢 孩子 品味 朋友 问候 父母 其实 心灵 从来 感受',1),(34,1,35,1512436538,'爱，流淌在心底的清溪 清溪 宋体 美丽 人生 我们 无论 生活 感情 宁静 需要 留给 自己 时光 岁月 历经 不要 生命 生机 唯有 永不 可是 放弃 看到 心灵 彩虹 四季 如何 从不 阳光 变化 风雨 一生 一定 珍惜 遗憾 灵魂 激情 知道 失去 身边 忽视 看似 平凡 等到 拥有 告白 最长 不了 难得 只能 注定 有些 一直 最后的 始终 关爱 折磨 苦难 个人 怎样 江湖 季节 并存 中美 活力 不再 只是 痕迹 突然 留下 脸上 相伴 轻轻 总会 白云 大地 孕育 心里 人间 心中 总是 感觉 面对 不行 不好 追求 不断 孤单 其实 那么 懂得 过后 冬季 美好 痛苦 过去',1),(35,1,36,1512436584,'光阴，在季节的风声里一寸一寸的消匿 风声 光阴 季节 宋体 相信 自己 岁月 一次 人生 不再 旅行 我们 季节 只要 风雨 脸上 即便 得到 错过 珍惜 失去 温柔 回忆 幸福 未来 身上 经历 压力 笑容 个人 挫折 不会 坚持 坚强 坚定 温暖 过程 更是 漫长 只是 时光 短暂 年华 留下 宁静 懂得 过后 痕迹 突然 心中 梦想 不能 即使 不是 爱人 困难 一切 美丽 风景 一个 喜欢',1),(36,1,37,1512436674,'　生命没有第二次花开，好好珍惜自己活着的每一天， 花开 生命 第二次 有些 我们 宋体 生命 感悟 成长 经历 失去 感情 未来 更好 拥有 第二 活着 自己 珍惜 好好 没有',1),(37,1,38,1512436687,'尘在外，心在内，这场爱恋 尘在外，心在内，这场爱恋 在外 这场 在内 谢谢 感谢 美的 温暖 美丽 成为 瞬间 温柔 尽管 短暂 不必 用心 不如 只要 感受 哪怕 愿意 节奏 度过 一起 我们 快乐 走过 定律 拥有 没有 人生',1),(38,1,39,1512436707,'初冬的阳光充满淡淡的暖暖味道 味道 阳光 不是 永远 美丽 遇见 温度 何为 是不是 阳光 不想 对于 成为 告诉 无情 咖啡 仍然 不过 机关 狂潮 掀起 无尽 贴心 关怀 无穷 足以 仅仅 夏日 温和 深深 为此 平静 心中 珍惜 承诺 感动 依然 表面 眼神 难忘 又是 情缘 携手 传说 风云 终生 赋予 一切 生命 接受 时光 享受 也许 因为 所有 人间 丰富 智者 十字 参与 这份 微笑 如此 习惯 还有 现在 相信 至今 你我 真情 懂得 直到 觉得 有的 失去 自己 原来 相互 充满 灿烂',1),(39,1,40,1512437065,'阳光依旧，岁月依旧，你懂我，是我幸，我伤你，是我逆。 岁月 阳光 不是 温度 岁月 依旧 足以 你我 阳光 何为 永远 不过 仍然 机关 无穷 贴心 关怀 咖啡 仅仅 夏日 无尽 狂潮 灿烂 掀起 至今 还有 温和 难忘 眼神 相信 又是 终生 美丽 告诉 无情 生命 人间 享受 所有 也许 一切 时光 接受 赋予 因为 如此 相互 原来 懂得 真情 现在 觉得 遇见 自己 习惯 失去 有的 直到 是不是',1),(40,1,41,1512545838,'你若安好，便是晴天 晴天 宋体 爱情 美人 个人 美丽 错误 不能 将军 一个 乃至 眼泪 开出 一些 文人 东西 风景 只是 心灵 深处 早已 的方式 世人 江湖 不再 可以 梦幻 便是 天下 缤纷',1),(41,1,42,0,'爱，流淌在心底的清溪 清溪 宋体 美丽 人生 无论 时光 感情 宁静 需要 留给 我们 生活 自己 岁月 历经 生命 不要 生机 永不 放弃 唯有 可是 从不 四季 彩虹 如何 阳光 心灵 变化 看到 风雨 苦难 灵魂 一定 珍惜 激情 遗憾 知道 失去 身边 忽视 看似 平凡 等到 拥有 告白 最长 不了 一生 只能 注定 有些 难得 一直 始终 关爱 折磨 怎样 最后的 个人 江湖 季节 并存 中美 活力 不再 只是 痕迹 突然 留下 脸上 相伴 轻轻 总会 白云 大地 孕育 心里 人间 心中 总是 感觉 面对 不行 不好 追求 不断 孤单 其实 那么 懂得 过后 冬季 美好 痛苦 过去',1),(42,1,43,0,'景山少爷灵修集（第五篇） 清溪 冲动 个人 宋体 魔鬼 许多 耶稣 要是 眼光 一个 脆弱 不是 但是 也好 相反 维持 这个 朋友 今天 时间 严重 他人 只不过 不下 豪华 所谓 物质 压抑 因素 世界 品质 趣味 话题 故意 有人 提到 呵呵 发挥 脱离 高贵 这样 所以 生长 蓬勃 遇到 可以 时候 别人 身上 为了 欢迎 来到 记住 不要 死亡 目的 出来 名誉 因为 两点 对策 涉及 方法 自己 应对 有效 不到 第五 后果 那么 有些 不良 造成 成长 自身 证明 急于 跟着 面前 毫无疑问 似乎 题目 健康 就要 大家 没有 那种 来看 不管 精力 不住 那样 感觉 别说 那些 地位',1),(43,1,44,0,'人们的眼光 眼光 人们 喜欢 有的 行为 方法 这个 自己 对方 要是 耶稣 他们 问题 那些 证明 具有一 苹果 最佳 下文 状态 实行 在于 然而 就是 道理 达到 今天 题目 所说 他人 真正 才能 别人 深刻 认识 内在 真实 对于 那么 停止 动力 面前 不要 但是 心里 不会 关键 直到 想要 时候 说明 属于 急于 这种 受到 却是 眼光 总是 情况 事实 不知 人们 不满 填补 然后 接着 所以 好玩 个人 精力 一个 之所以 是否 满足 知道 就要 进去 可是',1),(44,1,45,0,'无标题 标题 减肥 开始 设计 来得 多少 时代 第三方 驾驶',1),(45,1,46,1514183701,'爱，流淌在心底的清溪 清溪 宋体 我们 自己 人生 有些 生活 岁月 珍惜 美丽 生命 失去 相信 感情 风雨 温暖 无论 一切 留给 拥有 脸上 只要 需要 未来 不再 宁静 总是 历经 经历 面对 一次 个人 旅行 生机 不要 时光 一生 即便 激情 错过 知道 幸福 不是 一定 等到 灵魂 年华 风景 困难 梦想 得到 喜欢 一个 不能 漫长 即使 爱人 短暂 坚定 这个 寻找 世界 感悟 成长 更好 变得 多么 姿势 便是 他人 要保持 友情 爱情 亲情 还是 祖国 挫折 笑容 身上 压力 过程 回忆 更是 不会 坚持 微笑 有的 亲爱 活着 好好 坚强 温柔 没有 第二 永不 懂得 那么 过后 突然 心中 冬季 孤单 其实 痛苦 美好 痕迹 留下 孕育 人间 心里 大地 总会 白云 轻轻 季节 只是 并存 活力 相伴 中美 感觉 不行 注定 只能 不了 难得 江湖 放弃 一直 最后的 告白 忽视 身边 看似 最长 关爱 怎样 苦难 折磨 始终 从不 阳光 遗憾 可是 过去 不好 不断 追求 看到 彩虹 心灵 四季 如何 变化 唯有 平凡',1),(46,1,47,1514183760,'守望，冬天的路口 路口 宋体 自己 一些 岁月 生命 一切 季节 日子 一个 阳光 人生 冬天 我们 懂得 人心 可以 许多 怎样 路口 不会 没有 经历 不在 那些 越来越 然而 梦想 心中 放弃 时有 一直 多少 大地 向往 所谓 从不 曾经 努力 存在 对于 生活 能力 之间 驿站 心灵 获得 之外 光明 明白 理由 足以 记忆 生长 温度 深深 日渐 动人 遇见 相信 一起 走进 这个 尚有 感动 轻轻 彩虹 风雨 光华 眼神 无论 万里 平安 重要 命运 温柔 熟悉 意义 此时 说话 仿佛 习惯 见证 时刻 边缘 到底 深处 一一 从来 故事 分明 这么 身边 人情 流转 开启 新一 等待 时光 有些 东西 留在 徘徊 真的 不堪 透过 依然 走过 接纳 人间 用心 无意 赋予 使命 温暖 必然 月光 所有 因果 笑容 迎接 追逐 时间 那么 步伐 眼中',1),(47,1,48,1514184958,'幸福，是一种内心的富足 内心 宋体 幸福 内心 生活 人生 一定 不是 懂得 一个 就是 一些 而是 自己 经历 不同 没有 快乐 获得 自身 日子 之后 其实 成功 以为 自觉 事业 也许 温暖 总是 珍惜 姿态 多么 真理 满足 感动 月的 拥有 那时 痛苦 生命 珍贵 一切 家庭 每天 美好 我们 可以 爱你 充满 更多 想要 最好 想到 最美 优越 感受 然而 正在 看似 容易 之旅 真心 命运 发现 一直 身边 留下 如此 漫长 幸运 人际 活着 所有 看待 有的 宽容 四季 忽视 值得 难免 宁静 遥远 不断 从来 存在 温柔 母亲 风雨 满意 适合 也好 觉得 只要 华丽 任何人 倘若 时光 不如 缺失 滋味 的努力 下来 以往 境界 达到 靓丽 美的 健身 生动 感觉 比如 读书 心情 责任感 履行 即使 综合体 访谈 的责任 对话 顺应 诠释 对于 无论 源自 认知 答案 心中 这个 关于 问题 或许 个人 有趣 心灵 时间 状态 情趣 爱好 生存 有限 精神 接近 付出 感悟 最初 向往 有所不同 只有 承受 化为 平常 等到 原来 岁月 渴望 为此 坚持 肯定 有所 享受 价值 爱情 展现 能力 亲情 必然 终结 如果 苦难 在于 所以 人类 努力 目的',1),(48,1,49,1514185025,'邀一枚红叶染秋思 秋思 红叶 宋体 一次 一个 自己 思念 岁月 喜欢 月的 全部 爱情 阳光 像是 心中 美的 成为 从前 时光 我们 只是 世人 人们 风景 似乎 锦绣 情人 永不 季节 深处 紧密 相似 配备 风情 加重 依然 生命 照顾 内心 来得 对我 记得 落地 时候 好好 无论 身上 这个 目光 时空 现在 尽管 无忧 回顾 古城 迎来 回到 那样 热情 越来越 记忆中 路上 那些 昔日 还是 漫步 再次 最后的 色彩 优美 红色 展开 记忆 的方式 心里 留在 主场 永远 珍藏 曾经 书写 蓝天 白云 诚邀 一起 因为 象征 美丽 妩媚 人类 权利 远离 金钱 的确 年来 情感 精灵 频频 总是 名字 回首 春天 不再 怀念 已经 空气 基于 人才 生长 或许 一如 分离 见证 前来 相应 眼中 总会 年华 人生 最好 梦幻 靓丽 眼里 这些 风雨 浪漫 源于 各自 随身 不仅 燃烧 一道 从此',1),(49,1,50,1514201944,'一树一桩皆岁月，一盆一景亦人生 一数 可以 岁月 也许 精神 所有 人生 时光 那些 心中 那么 依然 即使 以为 如何 生长 进而 怎样 分明 风景 难以 一如 灵魂 一把 不能 脱离 世界 女子 般的 认真 不成 渐渐 一小 是否 美的 无论 有些 六月 记载 爱情 未必 光明 东西 温暖 意味着 将来 继续 不是 尽管 未来的 过去 环境 失败 努力 其中 春光 才能 叫做 据说 提升 不足 代表 记得 因为 一方 拥护 失去 弥补 指向 唯一 相对 一旦 错过 清新 呼吸 路上 空气 伴随 当年 热血 日渐 迎来 风雨 化为 最后 生命 如是 深处 坚定 万物 四方 一直 相信 会见 本身 美丽 价值 反映 一定 根基 优雅 四季 色彩 何以 不然 一经 气息 更多 慢慢 某些 这种 就是 姐姐 哥哥 以至于 氛围 母亲 培养 大胆 大师 如此 园艺 变得 一度 修改 陷入 轻易 不敢 孤立 还有 后来 教训 大自然 吸引 从此 不住 不了 花花 自己 直到 一时 人家 当时 等等 毫无 观察 深入 大夫 护士 的态度 细致 性格 日日 保持 希望 力量 生活 阳光 只要 哲学家 冬雷 还是 来到 自然 现出 状态 可是 生机 灵动 造成 高低 无异 能够 模仿 平常 显得 其次 这样 花卉 发达 不及 万万 有的 又是 束缚 固定 万事',1),(50,1,51,1514202021,'逃不过的情缘，挣不脱的宿命 宿命 情缘 人生 未必 在于 自己 总是 故事 有些 看到 只是 别人 真的 没有 个人 彼此 那么 一生 出来 如此 感动 时候 结局 解密 只有 爱你 意义 活着 因为 明白 无论 情缘 人和 东西 如果 对生 珍惜 之后 看着 山水 就算 又是 一个 等待 就是 那样 之间也 演绎 才能 其实 身边 最初 方方面面 做人 内心 面对 不是 故乡 最后 时刻 专注 聚焦 位置 最终 一样 生活 过程 所以 高低 回到 突然 人际关系 般的 努力 保持 眼里 即便 面前 可是 人到中年 永远 是非 无论如何 往往 所有 不了 而已 结束 价值 心情 哪怕 只要 样子 怎样 陷入 心里 无法 大脑 秘密 付出 不过 过去 安排 设计 变化 各自 路上 天涯 你我',1),(51,1,52,1514202054,'秋色情万千相思小姐姐 色情 姐姐 小姐 一个 还是 那时 如何 人生 同一 有点 生活 心里 记忆 回来 我们 一生 时光 温暖 或是 读书 小学 回家 那样 那些 改变 不会 万物 陌生 季节 怎样 福建 命运 色情 不成 一直 由于 虽然 正在 记得 一起 老公 世界 心中 心态 漂亮 有些 美的 如同 一刻 回忆 到处 一面 婚姻 简单 日子 姐姐 风景 多年 昨日 悄然 十分 面的 故乡 来临 因为 地方 一些 消息 当时 适应 出色 年收入 百万 无聊 残酷 阳光 商品 呈现 此次 彩虹 而已 终于 交易的 一样 情景 全家 相继 完全 可怕 男人 前途 优秀 需要 面对 后来 肯定 原因 这个 此后 他人 可以 儿子 至今 两个 听到 承受 真的 距离 加深 美好 之后 那种 见面 真情 然而 我心 心灵 继续 一定 从前 不是 相对 身体 祝福 健康 万事 平安 好人 如意 轻轻 突然 如今 尴尬 讨厌 无情 不能 为何 日渐 保持 一体 女人 作为 什么样 资金 这次 癌症 检查 看看 房子 幸福 目的 漫长 打开 经常 是否 想起 已经 难以 年初 一无 生命 注定 灵魂 曾经 总是 说起 还有 一点 提起 最近 年级 不敢 般的 同行 入住 世俗 时候 呵护 那里 童年 的方式 温柔 总会 不见 唯一 往事 趣味 自然 组成 片段 亲切 回到 成长 精髓 无奈 思念 岁月 不了 风光 看着 家乡 节日 有着 风俗 不同 人情 交往 不定 一次 权力 却是 集中 职业 稳定 当地 美人 可惜 没有 所长 毕业 从事 顾客 精神 头发 只是 关系 考虑 设施 大门 政府 只有 平米 备受 找到 学校 常常 辛苦 不久 桃花 从未 惊喜 依然 晚上 经历 一道 精致 留下 吃饭 好友 城市 那个 内心 单纯',1),(52,1,53,1514202084,'留在故乡的童年 故乡 母亲 我们 因为 童年 故乡 没有 留在 然后 好几 看到 时候 瞬间 因此 其实 一个 起来 可以 不得不 只能 家里 星星 学校 中专 一直 家乡 就是 美好 许多 时光 沉默 关系 父亲 那天 人们 血缘 知道 状态 吃饭 美味 不得 日子 一起 夏天 孩子 紧紧 门口 大门 变得 那个 即便 害怕 已经 远离 记得 再也 找到 愤怒 增添 当当 还是 事实上 反而 他们 离开 不到 阳光 不久 千万 可怕 心里 以后 进来 方向 地上 之前 过来 看着 变成 难忘 快乐 幸福 少年 至今 唯一 大概 作者 笔名 享受 坐在 深入 记忆 深处 改变 初中 努力 毕业 第一 读书 不准 成绩 地区 一番 无论 无法 庆祝 朋友 为此 高兴 请来 最后 专门 月亮 感到 黑暗 痛苦 每年 美丽 听到 透过 某个 地方 一点 负担 人家 拒绝 减轻 这样 考虑 打算 过去 以为 暂时 不会 整个 本能 一把 脸上 留下 感觉 头上 这是 继续 决心 所有 上门 父母 这些 来说 村支书 性格 多人 富裕 一边 之外 一下子 维持 不错 同一 只不过 我家 身边 分离 好心 不过 家具 时间 一道 不同 再说 接到 不要',1),(53,1,54,1514202128,'冬日里面的微笑 冬日里面的微笑 显得 留下 微笑 他们 没有 还有 天空 它们 还是 可以 日子 沉默 看到 变成 继续 有着 月的 不断 白色 自己 保持 知道 心中 变得 眼睛 声音 曾经 面的 只是 随着 徘徊 希望 已经 小城 疑问 时候 有些 不大 冷静 这是 一直 过来 脸上 轻轻 看着 更多 比较 身上 梦想 爱人 旋转 得意 像是 总是 想要 慢慢 表达 任何 那些 时光 少女 阳光 心跳 漫步 品味 痕迹 模糊 犹如 鲜花 春天 恋爱 之中 认真 依旧 而是 接下 姿态 雕塑 不再 出手 未来 滑落 可是 因为 处在 有时候 相互 发出 尽管 岁月 走过 期待 冬季 时间 抛弃 快速 能够 记忆 地上 可能 辉煌 好像 一刻 全力 身体 大地 身边 经过 然后 有的 依赖 失落 一些 这些 风情 诱惑 这个 多人 听到 愿意 但是 谨慎 只有 眼泪 经历',1),(54,1,55,1514202169,'翎慕白晓君 白晓君 自己 没有 知道 妻子 这样 有些 不知 个月 看着 销售 发现 继续 正在 想要 一个 手机 喜欢 公交车 出来 竟然 为何 心里 出现 起来 脸上 这个 辞职 好几 它们 月的 看见 已经 同事 情绪 眼睛 结果 一样 显得 跟着 是否 现在 主动 客户 再也 像是 姿势 听说 不是 所有 这是 开会 回来 团队 旅行 翅膀 雕刻 那样 彼此 再次 蝴蝶 视线 开始 直到 原因 名字 还是 怎么 真是 提示 冲动 说话 然后 表示 下来 这么 一句话 根本 回答 眼中 早就 写字 总是 行为 可谓 言语 皮肤 回到 常用 绝不 哪里 恐惧 想法 允许 拍照 白色 过去 警察 共同 承认 之后 以前 不会 不到 工作 环境 无法 我爱你 他们 因为 那种 清楚 找到 我们 拉开 窗帘 个人 卧室 失落 打开 整个 开关 看到 面的 轻轻 照片 坐在 而且 保持 那里 复杂 后悔 情况 深深 自从 批评 以为 位置 走向 表情 上司 时间 从未 听到 多久 同情 消息 所有人 何处 源自 好奇 老婆 说是 眼里 上班 第一 还有 留下 比较 不大 冷静 只是 声音 迟到 对不起 那么 多人 目光 开门 迎来 瞬间 做出 遇到 最后 这种 公交 打算 公司 酒吧 命运 也许 微笑 突然 仍然 做好 准备 心理 似乎 注意 认真 手里 心中 不住 基础知识 心理学 技巧 行业 从来 等等 亲自 反应 如此 经过 相处 每天 几乎 任何 事情 时候 合作 导致 流失 告诉 渴望 重要 日子 东西 如何',1),(55,1,56,1514202214,'花香烟火，一沓沓 花香 烟火 一方 只是 人生 简单 生命 时光 不负 没有 一如 有些 愿望 味道 一点 一直 不同 生活 黎明 总是 相互 回忆 人事 始终 黑白 布局 追逐 不断 也许 未能 解读 赢家 季节 答案 当初 美丽 记忆 不过 温暖 一些 之间 岁月 你我 如何 不论 随心 各种 故事 曾经 看待 角度 来到 细致 迎来 有的 风景 植物 喜欢 年代 轻轻 一句话 专注 一个 入住 年华 遥远 时空 面的 曙光 自由 打开 在于 那么 一道 日子 平凡 经过 成长 初夏 而已 如此 美好 心情 组合 自行 阳光 或许',1),(56,1,57,1514202253,'哲理诗歌·棋子 棋子 哲理 诗歌 如果 诗歌 命运 出局 晋升 那么 可以 随时 努力 布局 世界 博弈 别人 手中 注定 已经 个人 必须 使用 作品 作者 违者 出处 单位 注明 自由 整个 成为 任何',1),(57,1,58,1514202278,'如果甘心 　　充数别人手中的棋子 　　那么命运 　　已经 棋子 命运 命运 如果 那么 晋升 已经 出局 手中 别人 博弈 可以 世界 布局 注定 努力 随时 注明 作品 必须 违者 使用 出处 作者 成为 整个 自由 单位 任何 个人',1),(58,1,59,1514202330,'学校时光之奋斗的青春 棋子 命运 青春 我们 奋斗 没有 时间 对于 只有 所以 工作 学校 人生 时光 积极 理想 实现 这里 循环 一日 放置 这样 日子 坚决 执行力 同时 的计划 实际 冷静 采取 完成 任务 寻求 行动 自己 因为 精神 一般 虽然 尽管 应对 教室 永恒 延续 脸上 闪光 就是这样 真的 责任 生活 前途 坚强 增添 今日 不得 脆弱 不在 看到 流水 联合 作为 道理 其中 人们 命运 开放 重视 足够 引起 学生 这是 并且 前进 演出 做到 主动 情况 根据 敬业 舞台 演员 在手 把握 事业 剧本 导演 制定',1),(59,1,60,1514202368,'青春如那静夜的昙花，开放时千娇百媚纯白圣洁却没有引起 昙花 青春 学习 非常 学生 大学 一个 考试 只有 哲学 团体 不断 讨论 任何 他们 通过 一些 可以 教授 时间 本人 所以 要求 高考 重视 提问 如果 老师 父母 青春 开放 笔记 的方式 引起 没有 大家 这个 下级 自己 所有 他人 参与 那么 关系 问题 追求 深度 直接 有关 中国的 不到 就是 为了 地区 一样 不是 不管 比如 硅谷 创业者 方法 出身 能够 贫穷 来自 时候 不必 参加 合格 国家 申请 倡导 下去 哈佛 三分 之一 之间 深入 交给 来到 继续 投资银行 创办 智商 自由 学校 怎么 然后 论文 展开 面试 采用 主题 观念 而是 这里 提供 导师 授课 利用 完成 通常 每位 唯一 辅导 内容 联合 传达 指示 这样 上级 提出 无力 同样 表示 属于 才能 取得 成绩 并且 做好 认为 衍生 典型 方式 子女 依存 不在 对于 看到 人们 足够 脆弱 集体 生活 相互 赞同 一致性 看重 注重 是否 标准 准备 其中 一半 以上 万人 世界 入学 教室 因为 理工 之所以 小时 多人 每天 坚持 结婚 优秀 解决 喜欢 平方米 经常 课外 中学生 除了 日常 房间 里面 毕业 找到 工作 类似 我们 理想 其实',1),(60,1,61,1514248060,'淡定与从容是人生最曼妙的风景 风景 人生 宋体 我们 人生 自己 力量 爱情 可以 命运 先生 相互 生活 年轻人 家庭 温暖 最后 时候 因为 一些 子女 读者 如此 事业 文学 这种 优雅 深深 乐观 老年人 一生 文字 作家 风景 翻译 公交 没有 主动 某些 一番 状态 开始 媒体 发起 日中 关心 老年 父母 理性 及时 不能 周年 朋友 工作 流行 情感 轨迹 散文 生死 观念 故事 传达 人类 美的 表达 历程 积极 心态 对待 年轻 亲情 认真 不错 时间 寂寞 四季 走向 孤独 学会 宁静 保持 风采 渴望 知道 认可 世界 他人 关系 外界 期望 发现 内心 正如 永远 许多 关怀 理解 尊重 不要 微笑 向前 压力 出行 毫无 公共 交通 缓解 他们 不停 一样 记住 各自 看看 期待 宽容 回家 能够 文本 精致 思想 作为 几乎 中文 之一 相比 大学 演绎 心灵 品格 传奇 塑造 越来越 燃烧的生命 文化 传递 最好 该书 阅读 妻子 著名 戏剧 创作 剧本 时代 穿越 出版 名著 具有 作品 如意 舞台 多年 直到 信念 真实 遭遇 下来 记录 灾难 走过 国家 人民 严重 带来 的方式 提醒 各类 关于 报道 传记 同样 怀念 后人 历史 教训 人们 自由 前所 阴阳 第二 一度 期间 始终 态度 向上 精神 众人 感染 安排 厕所 其二 麻烦 受到 其三 其一 认为 所有 好处 流传',1),(61,1,62,1514248152,'蝶恋花·鹰 蝶恋花 宋体 冠军 节目 拿到 这个 热闹 今日 播出 主要 中央 电视台 星光 天下 大家 大道 比赛 一举 为了 唱歌 然后 知道 成绩 取得 道理 一些 感动 年度 目的 自然 然而 今天 深深',1),(62,1,63,1514248187,'奋斗，从今天开始 奋斗，从今天开始 宋体 我们 开始 生命 一个 奋斗 理想 今天 自己 世界 那样 精神 应该 钢铁 不要 解放 一切 学习 现在 坚强 同样 因为 身上 品质 没有 美好 平凡 无须 活着 充满 那么 伟大 眼睛 光明 就是 人生 每次 道路 漫长 方向 艰难 生活 意志 全部 斗争 不可 年华 时候 只有 这样 度过 困难 怎样 个人 意义 怎么 非常 最后 它们 如果 告诉 热情 代替 因此 名人 已经 心灵 珍惜 假如 充实 放弃 这么 美丽 校园 教室 还有 昨天 这些 明天 观望 亲切 同学 终于 挫折 友好 快乐 所以 老师 理由 最早 社会主义 成功 著作 思想史 然而 心血 人类 之一 虽然 著名 太阳 渴望 前进 信念 祖国 总会 战斗 遇到 心中 为了 史记 可能 过来 过去 严厉 辉煌 般的 高贵 也许 凝聚 看到 榜样 时代 崇高 经历 勇敢 拥有 只是 不能 面对 精力 往事 能够 整个 回首 宝贵 东西 对于 一次 事业 超人 实践 看来 并且 做到 即使 固然 黑暗 幸运 努力 一辈子 不见 不是 变成 成为 作家 这部 只要 坚定 需要 安定 就此 正确 排除 失去 有的 登山 考验 风雨 迎来',1),(63,1,64,1514248226,'新注册的公司,该如何选择纳税？ 公司 宋体 纳税人 一般纳税人 公司 选择 还是 销售额 申请 注册 转让 那么 的公司 企业 对于 没有 默认 可以 并且 直接 客户 专用 发票 不要 等于 税率 创业 从事 如果 其实 小于 就是 提供 达到 大于 不能 但是 业务 开始 货物 这个 影响 税负 究竟 大家 不同 纳税 无非 自己 规定 希望 更为 认为 尽量 老板 时候 最大 可能 风险 适合 销售 不管 排除 立刻 合适 比较 考虑 一般来说 走上 轨道 最后 更好 此时 发展 税务 类别 信息服务平台 二手 网站 解决方案 路上 愿意 合作伙伴 优质 买卖 专业 允许 转为 再也 一旦 注意 如何 一家 梦想 一起 方面 等等 季度 收入 第一 经营 开业 所以 这是 还要 下面 这时 合理 相信 反应 需要 超过 的收入 不仅 缴纳 就要 只要 公司经营 复杂 问题 肯定 我们 来看 决定 比如 根据 综上所述 分析 条件 群体 来说 多少 服务 零售 标准 认定 人和 一般 生产 虽然 确实 批发 转折 劳务 然而 这些',1),(64,1,65,1514248264,'职场，请一路走好 职场 宋体 职场 不是 我们 工作 企业 自己 可以 如今 足够 一个 不得不 没有 这场 发现 普通 攻击 生活 无数 喜欢 对手 那些 陌生 刚刚 三月 下来 休息 一大 随时 选择 已经 城市 永远 转型 产业 激烈 创业 曾经 比赛 面临 前面 调整 各种 残酷 大力 国家政策 国家 世界 身边 有所 犹豫 满足 的收入 稳定 不错 继续 到底 追求 快速 机遇 放弃 中考 苦恼 除了 新技术 出现 瞬间 取代 周边 失业 职工 下岗 或者 技术 落后 十分 优秀 及时 一度 这样 诸如 诺基亚 柯达 化工 毫无 接受 变化 计划 被动 只能 格局 往往 考虑 中小企业 钢铁 拉开 一经 治理 各个 相信 大多数 努力 缤纷 鲜花 遍布 多彩 其中 能力 最好 风景 这个 信息 有的 到达 处处 的努力 还是 像是 告诉 今后 提前 旅行 遥远 长途 无比 发达 正在 马云 可能 想要 角色 内心 精英 只是 天天 哪里 还有 高房价 物价 不断 的最 现在 平凡 如果 空间 设有 不同 从业 的空间 开放 时代 变成 透明 平台 只要 梦想 独立 这里 为了 兴趣 勇气 担当 职业',1),(65,1,66,1514248317,'不要被生活绑架了你 不要被生活绑架了你 宋体 我们 生活 一个 愿望 没有 自己 工作 梦想 社会 不要 时候 现实 为什么 可以 朋友 世界 忘记 现在 老师 做人 应该 自由 如果 想要 不能 已经 社会生活 教会 大海 无法 在家 中专 眼里 时间 毕业 也许 旅行 摆脱 强烈 希望 主流 什么样 从小 还是 实现 任何 只是 只能 那么 知道 而且 恋爱 开始 不会 三十 时光 因为 国人 身上 携带 信用卡 方式 这种 仅仅 迄今 本人 将继续 纯粹 就是 快乐 脱离 多么 法宝 许多 当初 日元 真是 命运 决定 当然 经过 终于 大多数 旅游者 证明 只要 拥有 即便 冒险 需要 才能 此时 为了 每天 进一步 即使 起来 年轻人 区别 是否 一样 活着 进步 以来 千年 支配 那样 中学 之后 上学 学校 冲击 贫穷 经历 电影 完了 记得 周星驰 清楚 直到 这份 第一 服务员 实在 满意 然后 理想 幸运 骄傲 遵循 传统 普通 那种 想象 笑话 看看 身边 思想 不是 依靠 称为 谋求 代表 儒家 寻求 困惑 有所 家人 后来 孔子 无聊 崇尚 一起 带给 房贷 一点 爱情 对方 击败 这样 好奇 大部分 写作 心里 父母 所谓 正在 结婚 另类 下来 就是说 年后 经验 遇到 时髦 话说 次数 目标 至今 无数 算是 时代 好几',1);
/*!40000 ALTER TABLE `ly_search` ENABLE KEYS */;

#
# Structure for table "ly_search_keyword"
#

DROP TABLE IF EXISTS `ly_search_keyword`;
CREATE TABLE `ly_search_keyword` (
  `keyword` char(20) NOT NULL,
  `pinyin` char(20) NOT NULL,
  `searchnums` int(10) unsigned NOT NULL,
  `data` char(20) NOT NULL,
  UNIQUE KEY `keyword` (`keyword`),
  UNIQUE KEY `pinyin` (`pinyin`),
  FULLTEXT KEY `data` (`data`)
) ENGINE=MyISAM DEFAULT CHARSET=utf8;

#
# Data for table "ly_search_keyword"
#


#
# Structure for table "ly_session"
#

DROP TABLE IF EXISTS `ly_session`;
CREATE TABLE `ly_session` (
  `sessionid` char(32) NOT NULL,
  `userid` mediumint(8) unsigned NOT NULL DEFAULT '0',
  `ip` char(15) NOT NULL,
  `lastvisit` int(10) unsigned NOT NULL DEFAULT '0',
  `roleid` tinyint(3) unsigned DEFAULT '0',
  `groupid` tinyint(3) unsigned NOT NULL DEFAULT '0',
  `m` char(20) NOT NULL,
  `c` char(20) NOT NULL,
  `a` char(20) NOT NULL,
  `data` char(255) NOT NULL,
  PRIMARY KEY (`sessionid`),
  KEY `lastvisit` (`lastvisit`)
) ENGINE=MEMORY DEFAULT CHARSET=utf8;

#
# Data for table "ly_session"
#


#
# Structure for table "ly_site"
#

DROP TABLE IF EXISTS `ly_site`;
CREATE TABLE `ly_site` (
  `siteid` smallint(5) unsigned NOT NULL AUTO_INCREMENT,
  `name` char(30) DEFAULT '',
  `dirname` char(255) DEFAULT '',
  `domain` char(255) DEFAULT '',
  `site_title` char(255) DEFAULT '',
  `keywords` char(255) DEFAULT '',
  `description` char(255) DEFAULT '',
  `release_point` text,
  `default_style` char(50) DEFAULT NULL,
  `template` text,
  `setting` mediumtext,
  `uuid` char(40) DEFAULT '',
  PRIMARY KEY (`siteid`)
) ENGINE=MyISAM AUTO_INCREMENT=2 DEFAULT CHARSET=utf8;

#
# Data for table "ly_site"
#

/*!40000 ALTER TABLE `ly_site` DISABLE KEYS */;
INSERT INTO `ly_site` VALUES (1,'默认站点','','http://localhost/lycms/install_package/','PHPCMS演示站','PHPCMS演示站','PHPCMS演示站','','ly','ly','{\"upload_maxsize\":\"2048\",\"upload_allowext\":\"jpg|jpeg|gif|bmp|png|doc|docx|xls|xlsx|ppt|pptx|pdf|txt|rar|zip|swf\",\"watermark_enable\":\"1\",\"watermark_minwidth\":\"300\",\"watermark_minheight\":\"300\",\"watermark_img\":\"statics\\/images\\/water\\/\\/mark.png\",\"watermark_pct\":\"85\",\"watermark_quality\":\"80\",\"watermark_pos\":\"9\"}','6c029851-d4b6-11e7-9f51-fc4596419116');
/*!40000 ALTER TABLE `ly_site` ENABLE KEYS */;

#
# Structure for table "ly_sms_report"
#

DROP TABLE IF EXISTS `ly_sms_report`;
CREATE TABLE `ly_sms_report` (
  `id` bigint(15) NOT NULL AUTO_INCREMENT,
  `mobile` varchar(11) NOT NULL,
  `posttime` int(10) unsigned NOT NULL DEFAULT '0',
  `id_code` varchar(10) NOT NULL,
  `msg` varchar(90) NOT NULL,
  `send_userid` mediumint(8) unsigned NOT NULL DEFAULT '0',
  `status` tinyint(2) NOT NULL DEFAULT '0',
  `return_id` varchar(30) NOT NULL,
  `ip` varchar(15) NOT NULL,
  PRIMARY KEY (`id`),
  KEY `mobile` (`mobile`,`posttime`)
) ENGINE=MyISAM DEFAULT CHARSET=utf8;

#
# Data for table "ly_sms_report"
#


#
# Structure for table "ly_special"
#

DROP TABLE IF EXISTS `ly_special`;
CREATE TABLE `ly_special` (
  `id` smallint(5) unsigned NOT NULL AUTO_INCREMENT,
  `siteid` smallint(5) unsigned NOT NULL DEFAULT '0',
  `aid` int(10) unsigned NOT NULL DEFAULT '0',
  `title` char(60) NOT NULL,
  `typeids` char(100) NOT NULL,
  `thumb` char(100) NOT NULL,
  `banner` char(100) NOT NULL,
  `description` char(255) NOT NULL,
  `url` char(100) NOT NULL,
  `ishtml` tinyint(1) unsigned NOT NULL DEFAULT '0',
  `ispage` tinyint(1) unsigned NOT NULL,
  `filename` char(40) NOT NULL,
  `pics` char(100) NOT NULL,
  `voteid` char(60) NOT NULL,
  `style` char(20) NOT NULL,
  `index_template` char(40) NOT NULL,
  `list_template` char(40) NOT NULL,
  `show_template` char(60) NOT NULL,
  `css` text NOT NULL,
  `username` char(40) NOT NULL,
  `userid` mediumint(8) unsigned NOT NULL DEFAULT '0',
  `createtime` int(10) unsigned NOT NULL DEFAULT '0',
  `listorder` smallint(5) unsigned NOT NULL,
  `elite` tinyint(1) unsigned NOT NULL DEFAULT '0',
  `disabled` tinyint(1) unsigned NOT NULL DEFAULT '0',
  `isvideo` tinyint(1) unsigned NOT NULL DEFAULT '0',
  PRIMARY KEY (`id`),
  KEY `disabled` (`disabled`,`siteid`)
) ENGINE=MyISAM DEFAULT CHARSET=utf8;

#
# Data for table "ly_special"
#


#
# Structure for table "ly_special_c_data"
#

DROP TABLE IF EXISTS `ly_special_c_data`;
CREATE TABLE `ly_special_c_data` (
  `id` mediumint(8) unsigned NOT NULL DEFAULT '0',
  `author` varchar(40) NOT NULL,
  `content` text NOT NULL,
  `paginationtype` tinyint(1) unsigned NOT NULL DEFAULT '0',
  `maxcharperpage` mediumint(6) unsigned NOT NULL DEFAULT '0',
  `style` char(20) NOT NULL,
  `show_template` varchar(30) NOT NULL,
  UNIQUE KEY `id` (`id`)
) ENGINE=MyISAM DEFAULT CHARSET=utf8;

#
# Data for table "ly_special_c_data"
#


#
# Structure for table "ly_special_content"
#

DROP TABLE IF EXISTS `ly_special_content`;
CREATE TABLE `ly_special_content` (
  `id` mediumint(8) unsigned NOT NULL AUTO_INCREMENT,
  `specialid` smallint(5) unsigned NOT NULL DEFAULT '0',
  `title` char(80) NOT NULL,
  `style` char(24) NOT NULL,
  `typeid` smallint(5) unsigned NOT NULL DEFAULT '0',
  `thumb` char(100) NOT NULL,
  `keywords` char(40) NOT NULL,
  `description` char(255) NOT NULL,
  `url` char(100) NOT NULL,
  `curl` char(15) NOT NULL,
  `listorder` mediumint(8) unsigned NOT NULL DEFAULT '0',
  `userid` mediumint(8) unsigned NOT NULL DEFAULT '0',
  `username` char(20) NOT NULL,
  `inputtime` int(10) unsigned NOT NULL DEFAULT '0',
  `updatetime` int(10) unsigned NOT NULL DEFAULT '0',
  `searchid` mediumint(8) unsigned NOT NULL DEFAULT '0',
  `islink` tinyint(1) unsigned NOT NULL DEFAULT '0',
  `isdata` tinyint(1) unsigned NOT NULL DEFAULT '0',
  `videoid` int(10) unsigned NOT NULL DEFAULT '0',
  PRIMARY KEY (`id`),
  KEY `specialid` (`specialid`,`typeid`,`isdata`),
  KEY `typeid` (`typeid`,`isdata`)
) ENGINE=MyISAM DEFAULT CHARSET=utf8;

#
# Data for table "ly_special_content"
#


#
# Structure for table "ly_sphinx_counter"
#

DROP TABLE IF EXISTS `ly_sphinx_counter`;
CREATE TABLE `ly_sphinx_counter` (
  `counter_id` int(11) unsigned NOT NULL,
  `max_doc_id` int(11) unsigned NOT NULL,
  PRIMARY KEY (`counter_id`)
) ENGINE=MyISAM DEFAULT CHARSET=utf8;

#
# Data for table "ly_sphinx_counter"
#


#
# Structure for table "ly_sso_admin"
#

DROP TABLE IF EXISTS `ly_sso_admin`;
CREATE TABLE `ly_sso_admin` (
  `id` smallint(6) NOT NULL AUTO_INCREMENT,
  `username` char(20) NOT NULL,
  `password` char(32) NOT NULL,
  `encrypt` char(6) DEFAULT NULL,
  `issuper` tinyint(1) DEFAULT '0',
  `lastlogin` int(10) DEFAULT NULL,
  `ip` char(15) DEFAULT NULL,
  PRIMARY KEY (`id`),
  UNIQUE KEY `username` (`username`)
) ENGINE=MyISAM AUTO_INCREMENT=2 DEFAULT CHARSET=utf8;

#
# Data for table "ly_sso_admin"
#

/*!40000 ALTER TABLE `ly_sso_admin` DISABLE KEYS */;
INSERT INTO `ly_sso_admin` VALUES (1,'root','5e3c09df99b873a0c63c67dc4abe773e','XFQkRb',1,0,'');
/*!40000 ALTER TABLE `ly_sso_admin` ENABLE KEYS */;

#
# Structure for table "ly_sso_applications"
#

DROP TABLE IF EXISTS `ly_sso_applications`;
CREATE TABLE `ly_sso_applications` (
  `appid` smallint(6) unsigned NOT NULL AUTO_INCREMENT,
  `type` char(16) NOT NULL DEFAULT '',
  `name` char(20) NOT NULL DEFAULT '',
  `url` char(255) NOT NULL DEFAULT '',
  `authkey` char(255) NOT NULL DEFAULT '',
  `ip` char(15) NOT NULL DEFAULT '',
  `apifilename` char(30) NOT NULL DEFAULT 'phpsso.php',
  `charset` char(8) NOT NULL DEFAULT '',
  `synlogin` tinyint(1) NOT NULL DEFAULT '0',
  PRIMARY KEY (`appid`),
  KEY `synlogin` (`synlogin`)
) ENGINE=MyISAM AUTO_INCREMENT=2 DEFAULT CHARSET=utf8;

#
# Data for table "ly_sso_applications"
#

/*!40000 ALTER TABLE `ly_sso_applications` DISABLE KEYS */;
INSERT INTO `ly_sso_applications` VALUES (1,'phpcms_v9','phpcms v9','http://localhost/lycms/install_package/','tGEgoRk16rUUuCe4GSKVQoZugytFhMOt','','api.php?op=phpsso','utf-8',1);
/*!40000 ALTER TABLE `ly_sso_applications` ENABLE KEYS */;

#
# Structure for table "ly_sso_members"
#

DROP TABLE IF EXISTS `ly_sso_members`;
CREATE TABLE `ly_sso_members` (
  `uid` int(10) unsigned NOT NULL AUTO_INCREMENT,
  `username` char(20) NOT NULL DEFAULT '',
  `password` char(32) NOT NULL DEFAULT '',
  `random` char(8) NOT NULL DEFAULT '',
  `email` char(32) NOT NULL DEFAULT '',
  `regip` char(15) NOT NULL DEFAULT '',
  `regdate` int(10) unsigned NOT NULL DEFAULT '0',
  `lastip` char(15) NOT NULL DEFAULT '0',
  `lastdate` int(10) unsigned NOT NULL DEFAULT '0',
  `appname` char(15) NOT NULL,
  `type` enum('app','connect') DEFAULT NULL,
  `avatar` tinyint(1) NOT NULL DEFAULT '0',
  `ucuserid` mediumint(8) unsigned DEFAULT '0',
  PRIMARY KEY (`uid`),
  UNIQUE KEY `username` (`username`),
  KEY `email` (`email`),
  KEY `ucuserid` (`ucuserid`)
) ENGINE=MyISAM AUTO_INCREMENT=4 DEFAULT CHARSET=utf8;

#
# Data for table "ly_sso_members"
#

/*!40000 ALTER TABLE `ly_sso_members` DISABLE KEYS */;
INSERT INTO `ly_sso_members` VALUES (1,'roo','8c954b386dbb5390934f5e198dc3733b','iGUB3u','tcszsfl@163.com','',1512605552,'0',1512605552,'phpcms v9','app',1,0),(2,'念觉','2c2fc7cae9bd9f16cedfc072b74656b1','sTUsm1','595039028@qq.com','',1512627419,'0',1512627419,'phpcms v9','app',0,0),(3,'root','c9b664ef1a4a7193ac770736034c1b79','pAT4Rl','5950390282@qq.com','',1512628728,'',1512951697,'phpcms v9','app',0,0);
/*!40000 ALTER TABLE `ly_sso_members` ENABLE KEYS */;

#
# Structure for table "ly_sso_messagequeue"
#

DROP TABLE IF EXISTS `ly_sso_messagequeue`;
CREATE TABLE `ly_sso_messagequeue` (
  `id` int(10) unsigned NOT NULL AUTO_INCREMENT,
  `operation` char(32) NOT NULL,
  `succeed` tinyint(1) NOT NULL DEFAULT '0',
  `totalnum` smallint(6) unsigned NOT NULL DEFAULT '0',
  `noticedata` mediumtext NOT NULL,
  `dateline` int(10) unsigned NOT NULL DEFAULT '0',
  `appstatus` mediumtext,
  PRIMARY KEY (`id`),
  KEY `dateline` (`dateline`),
  KEY `succeed` (`succeed`,`id`)
) ENGINE=MyISAM AUTO_INCREMENT=4 DEFAULT CHARSET=utf8;

#
# Data for table "ly_sso_messagequeue"
#

/*!40000 ALTER TABLE `ly_sso_messagequeue` DISABLE KEYS */;
INSERT INTO `ly_sso_messagequeue` VALUES (1,'member_add',0,1,'{\"username\":\"roo\",\"password\":\"8c954b386dbb5390934f5e198dc3733b\",\"email\":\"tcszsfl@163.com\",\"regip\":\"\",\"regdate\":\"1512605552\",\"lastdate\":\"1512605552\",\"appname\":\"phpcms v9\",\"type\":\"app\",\"random\":\"iGUB3u\",\"ucuserid\":\"0\",\"uid\":\"1\",\"action\":\"member_add\"}',1512605552,'{\"1\":1}'),(2,'member_add',0,1,'{\"username\":\"\\u5ff5\\u89c9\",\"password\":\"2c2fc7cae9bd9f16cedfc072b74656b1\",\"email\":\"595039028@qq.com\",\"regip\":\"\",\"regdate\":\"1512627419\",\"lastdate\":\"1512627419\",\"appname\":\"phpcms v9\",\"type\":\"app\",\"random\":\"sTUsm1\",\"ucuserid\":\"0\",\"uid\":\"2\",\"action\":\"member_add\"}',1512627419,'{\"1\":1}'),(3,'member_add',0,1,'{\"username\":\"root\",\"password\":\"c9b664ef1a4a7193ac770736034c1b79\",\"email\":\"5950390282@qq.com\",\"regip\":\"\",\"regdate\":\"1512628728\",\"lastdate\":\"1512628728\",\"appname\":\"phpcms v9\",\"type\":\"app\",\"random\":\"pAT4Rl\",\"ucuserid\":\"0\",\"uid\":\"3\",\"action\":\"member_add\"}',1512628728,'{\"1\":1}');
/*!40000 ALTER TABLE `ly_sso_messagequeue` ENABLE KEYS */;

#
# Structure for table "ly_sso_session"
#

DROP TABLE IF EXISTS `ly_sso_session`;
CREATE TABLE `ly_sso_session` (
  `sessionid` char(32) NOT NULL,
  `userid` mediumint(8) unsigned NOT NULL DEFAULT '0',
  `ip` char(15) NOT NULL,
  `lastvisit` int(10) unsigned NOT NULL DEFAULT '0',
  `roleid` tinyint(3) unsigned DEFAULT '0',
  `groupid` tinyint(3) unsigned NOT NULL DEFAULT '0',
  `m` char(20) NOT NULL,
  `c` char(20) NOT NULL,
  `a` char(20) NOT NULL,
  `data` char(255) NOT NULL,
  PRIMARY KEY (`sessionid`),
  KEY `lastvisit` (`lastvisit`)
) ENGINE=MEMORY DEFAULT CHARSET=utf8;

#
# Data for table "ly_sso_session"
#


#
# Structure for table "ly_sso_settings"
#

DROP TABLE IF EXISTS `ly_sso_settings`;
CREATE TABLE `ly_sso_settings` (
  `name` varchar(32) NOT NULL DEFAULT '',
  `data` text NOT NULL,
  PRIMARY KEY (`name`)
) ENGINE=MyISAM DEFAULT CHARSET=utf8;

#
# Data for table "ly_sso_settings"
#

/*!40000 ALTER TABLE `ly_sso_settings` DISABLE KEYS */;
INSERT INTO `ly_sso_settings` VALUES ('creditrate',''),('denyemail',''),('denyusername',''),('sp4',''),('ucenter','');
/*!40000 ALTER TABLE `ly_sso_settings` ENABLE KEYS */;

#
# Structure for table "ly_tag"
#

DROP TABLE IF EXISTS `ly_tag`;
CREATE TABLE `ly_tag` (
  `id` mediumint(8) unsigned NOT NULL AUTO_INCREMENT,
  `siteid` smallint(5) unsigned NOT NULL DEFAULT '0',
  `tag` text NOT NULL,
  `name` char(40) NOT NULL,
  `type` tinyint(1) unsigned NOT NULL DEFAULT '0',
  `module` char(20) NOT NULL,
  `action` char(20) NOT NULL,
  `data` text NOT NULL,
  `page` char(15) NOT NULL,
  `return` char(20) NOT NULL,
  `cache` mediumint(8) unsigned NOT NULL DEFAULT '0',
  `num` smallint(5) unsigned NOT NULL DEFAULT '0',
  PRIMARY KEY (`id`)
) ENGINE=MyISAM DEFAULT CHARSET=utf8;

#
# Data for table "ly_tag"
#


#
# Structure for table "ly_template_bak"
#

DROP TABLE IF EXISTS `ly_template_bak`;
CREATE TABLE `ly_template_bak` (
  `id` int(10) NOT NULL AUTO_INCREMENT,
  `creat_at` int(10) unsigned DEFAULT '0',
  `fileid` char(50) DEFAULT NULL,
  `userid` mediumint(8) DEFAULT NULL,
  `username` char(20) DEFAULT NULL,
  `template` text,
  PRIMARY KEY (`id`),
  KEY `fileid` (`fileid`)
) ENGINE=MyISAM DEFAULT CHARSET=utf8;

#
# Data for table "ly_template_bak"
#


#
# Structure for table "ly_times"
#

DROP TABLE IF EXISTS `ly_times`;
CREATE TABLE `ly_times` (
  `username` char(40) NOT NULL,
  `ip` char(15) NOT NULL,
  `logintime` int(10) unsigned NOT NULL DEFAULT '0',
  `isadmin` tinyint(1) NOT NULL DEFAULT '0',
  `times` tinyint(1) unsigned NOT NULL DEFAULT '0',
  PRIMARY KEY (`username`,`isadmin`)
) ENGINE=MEMORY DEFAULT CHARSET=utf8;

#
# Data for table "ly_times"
#


#
# Structure for table "ly_type"
#

DROP TABLE IF EXISTS `ly_type`;
CREATE TABLE `ly_type` (
  `typeid` smallint(5) unsigned NOT NULL AUTO_INCREMENT,
  `siteid` smallint(5) unsigned NOT NULL DEFAULT '0',
  `module` char(15) NOT NULL,
  `modelid` smallint(5) unsigned NOT NULL DEFAULT '0',
  `name` char(30) NOT NULL,
  `parentid` smallint(5) unsigned NOT NULL DEFAULT '0',
  `typedir` char(20) NOT NULL,
  `url` char(100) NOT NULL,
  `template` char(30) NOT NULL,
  `listorder` smallint(5) unsigned NOT NULL DEFAULT '0',
  `description` varchar(255) NOT NULL,
  PRIMARY KEY (`typeid`),
  KEY `module` (`module`,`parentid`,`siteid`,`listorder`)
) ENGINE=MyISAM AUTO_INCREMENT=53 DEFAULT CHARSET=utf8;

#
# Data for table "ly_type"
#

/*!40000 ALTER TABLE `ly_type` DISABLE KEYS */;
INSERT INTO `ly_type` VALUES (1,1,'search',1,'新闻',0,'','','',1,'新闻模型搜索'),(2,1,'search',2,'下载',0,'','','',3,'下载模型搜索'),(3,1,'search',3,'图片',0,'','','',2,'图片模型搜索'),(52,1,'search',0,'专题',0,'special','','',4,'专题');
/*!40000 ALTER TABLE `ly_type` ENABLE KEYS */;

#
# Structure for table "ly_urlrule"
#

DROP TABLE IF EXISTS `ly_urlrule`;
CREATE TABLE `ly_urlrule` (
  `urlruleid` smallint(5) unsigned NOT NULL AUTO_INCREMENT,
  `module` varchar(15) NOT NULL,
  `file` varchar(20) NOT NULL,
  `ishtml` tinyint(1) unsigned NOT NULL DEFAULT '0',
  `urlrule` varchar(255) NOT NULL,
  `example` varchar(255) NOT NULL,
  PRIMARY KEY (`urlruleid`)
) ENGINE=MyISAM AUTO_INCREMENT=31 DEFAULT CHARSET=utf8;

#
# Data for table "ly_urlrule"
#

/*!40000 ALTER TABLE `ly_urlrule` DISABLE KEYS */;
INSERT INTO `ly_urlrule` VALUES (1,'content','category',1,'{$categorydir}{$catdir}/index.html|{$categorydir}{$catdir}/{$page}.html','news/china/1000.html'),(6,'content','category',0,'index.php?m=content&c=index&a=lists&catid={$catid}|index.php?m=content&c=index&a=lists&catid={$catid}&page={$page}','index.php?m=content&c=index&a=lists&catid=1&page=1'),(11,'content','show',1,'{$year}/{$catdir}_{$month}{$day}/{$id}.html|{$year}/{$catdir}_{$month}{$day}/{$id}_{$page}.html','2010/catdir_0720/1_2.html'),(12,'content','show',1,'{$categorydir}{$catdir}/{$year}/{$month}{$day}/{$id}.html|{$categorydir}{$catdir}/{$year}/{$month}{$day}/{$id}_{$page}.html','it/product/2010/0720/1_2.html'),(16,'content','show',0,'index.php?m=content&c=index&a=show&catid={$catid}&id={$id}|index.php?m=content&c=index&a=show&catid={$catid}&id={$id}&page={$page}','index.php?m=content&c=index&a=show&catid=1&id=1'),(17,'content','show',0,'show-{$catid}-{$id}-{$page}.html','show-1-2-1.html'),(18,'content','show',0,'content-{$catid}-{$id}-{$page}.html','content-1-2-1.html'),(30,'content','category',0,'list-{$catid}-{$page}.html','list-1-1.html');
/*!40000 ALTER TABLE `ly_urlrule` ENABLE KEYS */;

#
# Structure for table "ly_users"
#

DROP TABLE IF EXISTS `ly_users`;
CREATE TABLE `ly_users` (
  `id` int(11) NOT NULL AUTO_INCREMENT,
  `username` varchar(255) DEFAULT NULL COMMENT '姓名',
  `sex` varchar(3) DEFAULT NULL COMMENT '性别',
  `idcate` char(18) DEFAULT NULL COMMENT '身份证号码',
  `dorm_id` char(5) DEFAULT NULL COMMENT '宿舍',
  `iclass` tinyint(3) DEFAULT NULL COMMENT '班级',
  `adress` varchar(50) DEFAULT NULL COMMENT '家庭住址',
  `nation` varchar(15) DEFAULT NULL COMMENT '民族',
  `major` varchar(10) DEFAULT NULL COMMENT '专业',
  `birthday` date DEFAULT NULL COMMENT '出生日期',
  `photo` varchar(200) DEFAULT NULL COMMENT '头像',
  `famname` varchar(15) DEFAULT NULL COMMENT '家长姓名',
  `hujiadress` varchar(50) DEFAULT NULL COMMENT '户籍所在地',
  `stutel` char(11) DEFAULT NULL COMMENT '学生手机号',
  `weixin` varchar(50) DEFAULT NULL COMMENT '微信号',
  `qq` varchar(10) DEFAULT NULL COMMENT 'QQ号',
  `email` varchar(20) DEFAULT NULL COMMENT '邮箱',
  `famtel` char(11) DEFAULT NULL COMMENT '家长手机号',
  `pro` varchar(20) DEFAULT NULL COMMENT '省',
  `city` varchar(20) DEFAULT NULL COMMENT '市',
  `area` varchar(20) DEFAULT NULL COMMENT '区',
  `rili` char(2) DEFAULT NULL COMMENT '阴历阳历',
  `bed` tinyint(3) DEFAULT NULL COMMENT '床位',
  `openid` varchar(30) DEFAULT NULL COMMENT '微信唯一标识',
  `status` tinyint(3) DEFAULT '0' COMMENT '是否被锁定',
  PRIMARY KEY (`id`)
) ENGINE=MyISAM AUTO_INCREMENT=382 DEFAULT CHARSET=utf8;

#
# Data for table "ly_users"
#

/*!40000 ALTER TABLE `ly_users` DISABLE KEYS */;
INSERT INTO `ly_users` VALUES (5,'孙mingjie','男','371326199907041632','2-222',127,'山东省临沂市平邑县铜石镇','汉族','软件开发PHP','2017-11-22','https://www.yanyufanchen.com/public/uploads/1511337122.jpg','孙解',NULL,'11001001010',NULL,NULL,NULL,'',NULL,NULL,NULL,'阳历',3,'ooc0D0W3eok4gDCCLx2MQA78U-ig',0),(6,'还','女','371322199802161771','3-620',4,'山东省郯城县李庄镇','汉族','软件开发','2017-11-22',NULL,'孙艳龙',NULL,'15552994831',NULL,NULL,NULL,'',NULL,NULL,NULL,'阳历',8,'ooc0D0Qg58p0uHpPAElzJZoZ68nU',0),(7,'马光阳','男','371322199704056118','3-619',4,'山东省临沂市罗庄区盛庄','汉族','java','1997-04-05','https://www.yanyufanchen.com/public/uploads/1511337580.jpg','马保喜',NULL,'18315759592',NULL,NULL,NULL,'15864859206',NULL,NULL,NULL,'阳历',2,'ooc0D0U3nEHpnctk9hHZSlQAf1gc',0),(8,'周洪成','男','371311199802043119','3-618',2,'山东省临沂市罗庄区','汉族','软件开发','1998-02-04',NULL,'周克民',NULL,'18263997819',NULL,NULL,NULL,'15963482158',NULL,NULL,NULL,'阳历',7,'ooc0D0fdzY_WVuNYLZhgF5ywGG6I',0),(9,'徐秦伟','男','371311199802102836','3-611',2,'山东交通技师学院','汉族','php','1998-02-10',NULL,'张学秀',NULL,'15550499940',NULL,NULL,NULL,'13153940579',NULL,NULL,NULL,'阳历',7,'ooc0D0fINwnGrTTtczQ1-X1id9Jg',0),(10,'王艺开','男','371322199703216917','3-611',2,'山东省临沂市郯城县郯城镇榆林一村','汉族','软件开发','1997-03-21',NULL,'王凤保',NULL,'15762940527',NULL,NULL,NULL,'17686940468',NULL,NULL,NULL,'阳历',2,'ooc0D0TTJAkBahrkP9AF86hv6c8Q',0),(11,'郑纪伟','男','371322199711137514','3-615',2,'山东省临沂市郯城县','汉族','软件开发','1997-11-13',NULL,'郑桂苗',NULL,'17664556649',NULL,NULL,NULL,'15866953531',NULL,NULL,NULL,'阳历',2,'ooc0D0VOfHDTLIh4Io_bNqgfPnY0',0),(12,'颜胜胜','男','37132419980919945x','3-617',2,'山东省临沂市罗庄区沂堂镇南沂堂村','汉族','软件开发','1998-09-19',NULL,'颜丙华',NULL,'15216566007',NULL,NULL,NULL,'13275398831',NULL,NULL,NULL,'阳历',4,'ooc0D0UpdPUocmtfmAFP5yyXAWK8',0),(13,'许杨','男','371311199804242656','3-611',2,'山东省临沂市罗庄区肖庄村','汉族','软件开发','1998-04-24',NULL,'许凤军',NULL,'15964890244',NULL,NULL,NULL,'13583918603',NULL,NULL,NULL,'阳历',4,'ooc0D0XH7tzV2eKIPIesM1foeW-s',0),(14,'刘飞','男','371311199812033416','3-615',2,'山东省临沂市罗庄区付庄街道彭庄村','汉族','PHP','1998-12-03',NULL,'刘景洋',NULL,'15666395595',NULL,NULL,NULL,'13953916362',NULL,NULL,NULL,'阳历',8,'ooc0D0Z5qol3aNZKcvbzp3GgF_U8',0),(15,'孙东波','男','371327199702262710','3-611',2,'山东省临沂市莒南县岭泉镇西岭泉','汉族','软件开发','1997-02-26',NULL,'孙立来',NULL,'15266633546',NULL,NULL,NULL,'15554891018',NULL,NULL,NULL,'阳历',3,'ooc0D0WIvjqNuVJt3KN03NKw1cxk',0),(16,'王济友','男','37131219980426531x','3-615',2,'山东省临沂市河东区经济开发区朝阳街道','汉族','php','1998-04-26',NULL,'王乐永',NULL,'17661113275',NULL,NULL,NULL,'15863925458',NULL,NULL,NULL,'阳历',4,'ooc0D0eKhSVGztNn3evzrPDJbVqg',0),(17,'邓艳鑫','男','371311199709103412','3-619',4,'罗庄','汉族','软件','1997-12-19','https://www.yanyufanchen.com/public/uploads/1511337256.jpg','邓云庆',NULL,'17854919323',NULL,NULL,NULL,'13153904984',NULL,NULL,NULL,'阳历',3,'ooc0D0dAc7NDYL6Li4fhsirEowZo',0),(18,'卞传震','男','371311199801242335','3-612',2,'山东省临沂市罗庄区','汉族','软件开发','1997-12-26',NULL,'卞穆堂',NULL,'15163916901',NULL,NULL,NULL,'13969986407',NULL,NULL,NULL,'阳历',7,'ooc0D0QE3NSKlvaLLw4JS1rKpvqk',0),(19,'李祥','男','371321199901187217','3-618',2,'山东省沂南县新独树','汉族','软件开发','1999-01-18',NULL,'李厚德',NULL,'15094747515',NULL,NULL,NULL,'15505397560',NULL,NULL,NULL,'阳历',4,'ooc0D0WMSenYOvTRY5e75gYQpJKM',0),(20,'孙贵芹','女','371325199608097920','1-601',2,'山东省临沂市费县','汉族','软件开发','1996-08-09',NULL,'孙学安',NULL,'15092906136',NULL,NULL,NULL,'13685493805',NULL,NULL,NULL,'阳历',3,'ooc0D0T7nCIyIsAd6U8ZPZo6P-uA',0),(21,'张文雪','女','371302199705113721','1-601',2,'山东省临沂市兰山区','汉族','软件开发','1997-05-11',NULL,'张春礼',NULL,'15376929773',NULL,NULL,NULL,'13562969000',NULL,NULL,NULL,'阳历',2,'ooc0D0feeVbKTKJti6QrJPm0VtAg',0),(22,'丁兆一','男','371108219970852944','3-617',2,'岚山区巨峰镇','汉族','PHP','1997-05-29',NULL,'丁元平',NULL,'15318238533',NULL,NULL,NULL,'13256086580',NULL,NULL,NULL,'阳历',7,'ooc0D0T8CLhsXAGWVkVYYtZIoMcY',0),(23,'陈丽香','女','371324199804291126','1-601',2,'山东省临沂市','汉族','软件开发','1998-04-29',NULL,'马凤爱',NULL,'17660555019',NULL,NULL,NULL,'13817459778',NULL,NULL,NULL,'阳历',6,'ooc0D0aVUE0_oxCMsBFXGwP72azE',0),(24,'李浩东','男','371312199708267112','3-612',2,'山东省临沂市河东区','汉族','PHP','1997-08-26',NULL,'李汝辉',NULL,'13044051210',NULL,NULL,NULL,'15969933935',NULL,NULL,NULL,'阳历',2,'ooc0D0VhL_ZGi16crbOO9Afrthig',0),(25,'刘彦莹','女','371329199809072426','1-601',2,'山东省临沂市临沭县西盘','汉族','软件开发','1998-09-07',NULL,'胡顺红',NULL,'18206491069',NULL,NULL,NULL,'15192870335',NULL,NULL,NULL,'阳历',1,'ooc0D0aH7K6F1Ln71n3XNiV4AN-w',0),(26,'孙凤利','男','371322199705158319','3-611',2,'山东省临沂市郯城县李庄镇大官庄村','汉族','php','1997-08-13',NULL,'孙凤利',NULL,'13295498944',NULL,NULL,NULL,'15194096981',NULL,NULL,NULL,'阳历',1,'ooc0D0a-ouvblNAF_SWLpqgzi_xY',0),(27,'夏龙浩','男','371327199805310914','3-611',2,'山东省临沂市莒南县坪上镇金龙河社区','汉族','PHP','1998-05-06',NULL,'夏得常',NULL,'17853978129',NULL,NULL,NULL,'13053910365',NULL,NULL,NULL,'阳历',6,'ooc0D0b-NhbswYVA8b_E2JGXnuQE',0),(28,'陈鑫磊','男','371324200003011134','3-617',2,'山东省','汉族','软件开发','1999-03-01','https://www.yanyufanchen.com/public/uploads/1511337164.jpg','陈飞飞',NULL,'17666555656',NULL,NULL,NULL,'17666555656',NULL,NULL,NULL,'阳历',6,'ooc0D0c8y9uaf4YhX3uZeqsOj-4I',0),(29,'徐崧峻','男','371324199811057717','3-619',4,'山东省临沂市兰陵县芦柞镇西王庄','汉族','JAVA','1998-11-05','https://www.yanyufanchen.com/public/uploads/1511337053.jpg','徐志保',NULL,'13884903049',NULL,NULL,NULL,'18753963505',NULL,NULL,NULL,'阳历',8,'ooc0D0dMXOif7kC4U9oR3l65li4E',0),(30,'王艳婷','女','371312199811147127','1-601',2,'山东省临沂市河东区汤头镇官庄村','汉族','PHP','1998-11-14',NULL,'王俊臣',NULL,'15965498270',NULL,NULL,NULL,'15864805719',NULL,NULL,NULL,'阳历',5,'ooc0D0XV64tjMuV-8f5Nd57fqO-s',0),(31,'赵庆海','男','371324199910023512','3-620',4,'兰陵县矿坑镇西棠林村','汉族','软件','1999-10-02',NULL,'赵洪玉',NULL,'17853941237',NULL,NULL,NULL,'15863946047',NULL,NULL,NULL,'阳历',7,'ooc0D0UgHWJRyD9bk1ZjDzJn8XGU',0),(32,'刘明豪','男','37132419961228321x','3-612',2,'山东交通技师学院南校区','汉族','软件开发','1996-12-28',NULL,'刘银光',NULL,'15854900861',NULL,NULL,NULL,'13407668538',NULL,NULL,NULL,'阳历',5,'ooc0D0ReGquFRyhRima42G1KloeU',0),(33,'王艳峰','男','371324199809290712','3-612',2,'山东省苍山县大仲村镇涝坡村','汉族','软件开发','1998-09-29',NULL,'王云祥',NULL,'13345071366',NULL,NULL,NULL,'13563965965',NULL,NULL,NULL,'阳历',3,'ooc0D0d326V2Dm8CTdK-SVOZ3z_0',0),(34,'刘栋','男','371311199712233111','3-611',2,'山东省临沂市兰山区','汉族','软件','1997-12-23',NULL,'刘夕松',NULL,'15269915585',NULL,NULL,NULL,'18369368115',NULL,NULL,NULL,'阳历',5,'ooc0D0XxK4ecGviqD8HjTBr3v58g',0),(35,'余蛟龙','男','371312199711236413','3-615',2,'临沂','汉族','PHP','1997-10-24',NULL,'余德勤',NULL,'17853947920',NULL,NULL,NULL,'13954462689',NULL,NULL,NULL,'农历',1,'ooc0D0WllabUwaFqsX2RRi3AtWJ0',0),(36,'王雨','女','371325199701177925','1-601',2,'山东省临沂市费县马庄镇大寨村','汉族','软件开发','1997-01-17',NULL,'王文俊',NULL,'15552995375',NULL,NULL,NULL,'‭1328056971',NULL,NULL,NULL,'阳历',8,'ooc0D0ddzOBfGbfuMJLCto-uF8WA',0),(37,'葛军','男','371324199711144012','3-617',2,'山东省临沂市兰陵县车辋镇','汉族','php','1997-11-14',NULL,'葛成友',NULL,'18354434624',NULL,NULL,NULL,'15866431751',NULL,NULL,NULL,'阳历',1,'ooc0D0TRpZgvZr1Guqv2Ev0BDb5M',0),(38,'李赞赞','男','371324199802029810','3-612',2,'山东省临沂市苍山县东埝头村','汉族','软件开发','1998-02-02',NULL,'李记学',NULL,'14768114856',NULL,NULL,NULL,'18769963295',NULL,NULL,NULL,'阳历',8,'ooc0D0fKYqE3xE0hlGgIa4M2WT-c',0),(39,'刘凡','男','37132219970907071X','3-619',4,'郯城县','汉族','Java','1997-08-06',NULL,'刘忠学',NULL,'18859372548',NULL,NULL,NULL,'15866900758',NULL,NULL,NULL,'农历',4,'ooc0D0c0fRH3Y9AK_1QrW7Ql_YJM',0),(40,'于芝政','男','371312199507085718','3-615',2,'山东河东','汉族','软件开发','1995-11-22',NULL,'于大大',NULL,'15553905404',NULL,NULL,NULL,'13562968867',NULL,NULL,NULL,'阳历',6,'ooc0D0W7-P8oXAjrmDVjeG7ikcxo',0),(41,'丁毅','男','371327199911042511','3-620',4,'山东省临沂市莒南县道口社区','汉族','软件开发','1999-11-04','https://www.yanyufanchen.com/public/uploads/1511337034.jpg','丁相江',NULL,'17660555215',NULL,NULL,NULL,'18253998075',NULL,NULL,NULL,'阳历',6,'ooc0D0TMjjHwmfjrRkxSeN9_Uk0U',0),(42,'王前程','男','371324199706038039','3-612',2,'山东省临沂市苍山县芦柞镇南哨村','汉族','PHP','1997-04-28',NULL,'王银喜',NULL,'15864890052',NULL,NULL,NULL,'15092388943',NULL,NULL,NULL,'阳历',1,'ooc0D0e_GSEXQXFZKU2J90nqwXvc',0),(43,'刘秀晴','女','371312200002225549','1-601',2,'山东省临沂市河东区','汉族','软件开发','2000-02-22',NULL,'刘子红',NULL,'15275780149',NULL,NULL,NULL,'15165528350',NULL,NULL,NULL,'阳历',7,'ooc0D0SgRI-bCdHVJjM6JtHEueA0',0),(44,'王文山','男','371311199805243431','3-618',4,'山东省临沂市罗庄区','汉族','软件开发','1998-05-24',NULL,'张玉梅',NULL,'15168900335',NULL,NULL,NULL,'13954975018',NULL,NULL,NULL,'阳历',1,'ooc0D0TrNIbbtOw2H6I3eIjBKVdI',0),(45,'高维安','男','371322199805284937','3-619',4,'山东省郯城县杨集镇','汉族','软件开发','1998-05-03','https://www.yanyufanchen.com/public/uploads/1511338286.jpg','高超永',NULL,'18354904658',NULL,NULL,NULL,'135-6297-84',NULL,NULL,NULL,'农历',5,'ooc0D0R6zrt6AC70U4oS0-LRL51I',0),(46,'戚洪坤','男','371324199711031552','3-620',4,'临沂市苍山县','汉族','Java','1997-11-03','https://www.yanyufanchen.com/public/uploads/1511337240.jpg','戚广涛',NULL,'17686995112',NULL,NULL,NULL,'18669956210',NULL,NULL,NULL,'阳历',3,'ooc0D0RMnjKT8A-Vqz1HHeQISyvE',0),(47,'齐洪宝','男','239005199806251014','3-620',4,'开发区李公河','汉族','java','2018-06-25','https://www.yanyufanchen.com/public/uploads/1511337871.jpg','不给说',NULL,'18865499749',NULL,NULL,NULL,'14753941147',NULL,NULL,NULL,'阳历',2,'ooc0D0Tub6pd-hXUpJ6MZglH9nFI',0),(48,'李正利','男','371322199801128814','3-618',4,'山东省临沂市罗庄区黄山镇凤凰庄村','汉族','编程Java','1998-01-12','http://www.yanyufanchen.com/public/uploads/1511426535.jpg','李本起',NULL,'13954499093',NULL,NULL,NULL,'',NULL,NULL,NULL,'阳历',6,'ooc0D0ewWa4OGCS7iPCmK8nh7RSA',0),(49,'王宁','男','371326199801248213','3-617',2,'山东省平邑县','汉族','软件开发','1998-01-24',NULL,'赵吉兰',NULL,'17669131226',NULL,NULL,NULL,'15964895606',NULL,NULL,NULL,'阳历',5,'ooc0D0S9AJ96e-k8sX9KUfM_MSsQ',0),(50,'康华太','男','371327199911250257','3-619',4,'山东省莒南县十字路街道办事处玉泉居委会290号','汉族','软件开发','1999-11-25',NULL,'刘志红',NULL,'18866908601',NULL,NULL,NULL,'18352179083',NULL,NULL,NULL,'阳历',7,'ooc0D0aJ6xZ8M_oULJSy6xY0dIXI',0),(51,'于鸿涛','男','371311199706084412','3-619',4,'山东省临沂市罗庄区','汉族','软件','1997-06-08','https://www.yanyufanchen.com/public/uploads/1511337225.jpg','于荣春',NULL,'13675493358',NULL,NULL,NULL,'13676390468',NULL,NULL,NULL,'阳历',1,'ooc0D0X7cFOHK3Rwp3YoU9X-jJcE',0),(52,'王浩','男','371312199709306937','3-612',2,'山东省临沂市河东区八湖镇古沂庄村','汉族','软件开发部','1997-09-29',NULL,'王靖春',NULL,'15963331510',NULL,NULL,NULL,'15163912735',NULL,NULL,NULL,'阳历',6,'ooc0D0XY2eXGnx0ch_zrTWuNVzkw',0),(53,'诸葛瑞兵','男','371312199607175710','3-611',2,'山东省临沂市河东区','汉族','软件开发','1996-07-17',NULL,'诸葛祥超',NULL,'18369370238',NULL,NULL,NULL,'13953918529',NULL,NULL,NULL,'阳历',8,'ooc0D0Q42NfvKGMqQln3hEa4JEtc',0),(54,'史磊','男','371322199707142716','3-618',2,'山东省郯城县胜利乡','汉族','软件开发','1997-07-14',NULL,'史中利',NULL,'18705495602',NULL,NULL,NULL,'18352958230',NULL,NULL,NULL,'阳历',5,'ooc0D0R-DA7bx9hIenOqOKIvBtsI',0),(55,'张辉','男','371325199801265615','3-618',4,'山东省临沂市费县234省道','汉族','软件开发','1998-01-26','https://www.yanyufanchen.com/public/uploads/1511337432.jpg','张学东',NULL,'18369477759',NULL,NULL,NULL,'13468099596',NULL,NULL,NULL,'阳历',8,'ooc0D0djCl5OIII-utPIKAWN8pQk',0),(56,'赵隆宇','男','371322199711074330','3-612',2,'山东省临沂市郯城县','汉族','软件开发','1997-11-07',NULL,'赵敬德',NULL,'15563653851',NULL,NULL,NULL,'15553908706',NULL,NULL,NULL,'阳历',4,'ooc0D0e8oEjM6iaBLfR518mFG6TY',0),(57,'杨丽萍','女','37132219980825272X','1-601',2,'山东省临沂市郯城县胜利镇','汉族','php','1998-08-25',' ','杨兴田',NULL,'15192918205',NULL,NULL,NULL,'15864851198',NULL,NULL,NULL,'阳历',4,'ooc0D0UrSO1q23pMFfucHSDkhSPM',0),(58,'徐高鑫','男','371312199612216732','3-621',4,'山东省临沂市兰山区通达路','汉族','Java','1996-12-21',NULL,'徐雷',NULL,'15165500516',NULL,NULL,NULL,'15963966352',NULL,NULL,NULL,'农历',8,'ooc0D0fzhoG8Aygkq0-XUQ-Yr6X8',0),(59,NULL,NULL,NULL,NULL,NULL,NULL,NULL,NULL,NULL,NULL,NULL,NULL,NULL,NULL,NULL,NULL,NULL,NULL,NULL,NULL,NULL,NULL,'ooc0D0UFIiwlqpgtgCIMNrP758PY',0),(60,'孙子朋','男','371311199604162811','3-505',7,'临沂罗庄册山镇','汉族','软件开发','1996-04-16','http://www.yanyufanchen.com/public/uploads/1511344298.jpg','孙洪运',NULL,'13256007292',NULL,NULL,NULL,'15054900114',NULL,NULL,NULL,'阳历',5,'ooc0D0Skq5K6xs3YKjmu0WnmXJvc',0),(61,'徐玉平','男','371312199612025178','3-505',7,'山东临沂','汉族','软件开发','1996-12-02','http://www.yanyufanchen.com/public/uploads/1511344269.jpg','刘启霞',NULL,'15706499112',NULL,NULL,NULL,'13969977336',NULL,NULL,NULL,'阳历',1,'ooc0D0VhqbwReQQYoU1OSBJWIQuo',0),(62,'王西峰','男','371325199812094719','3-504',7,'临沂市费县探沂镇旺山前村','汉族','软件','1998-12-09',NULL,'王茂田',NULL,'15963353317',NULL,NULL,NULL,'15963929114',NULL,NULL,NULL,'阳历',8,'ooc0D0S2NZnRsggyYCBUhoZvC1kI',0),(63,'廉淇','男','371327199902220937','3-505',7,'山东省临沂市莒南县','汉族','软件开发','1999-02-22',NULL,'廉桂亮',NULL,'17861683198',NULL,NULL,NULL,'15866435659',NULL,NULL,NULL,'农历',7,'ooc0D0Q0xP35NYo_XTbLcGsM9eQ0',0),(64,'刘兆顺','男','371321199712255014','3-504',7,'山东省临沂市沂南县大庄镇莪庄村','汉族','软件开发','1997-12-25','http://www.yanyufanchen.com/public/uploads/1511416348.jpg','刘青松',NULL,'15615296386',NULL,NULL,NULL,'13854946330',NULL,NULL,NULL,'阳历',5,'ooc0D0adm3X1B11EDvFWiDxJT3cU',0),(65,'刘超','男','371322199712246915','3-505',7,'山东省临沂市郯城县归义西村','汉族','软件开发','1997-12-24',NULL,'刘尧冬',NULL,'13188728699',NULL,NULL,NULL,'13012797188',NULL,NULL,NULL,'阳历',8,'ooc0D0fsIo5ckW9T2MX6AEKlmRLI',0),(66,'王晓龙','男','371326200001188510','3-504',7,'山东临沂','汉族','软件开发','2000-01-18','http://www.yanyufanchen.com/public/uploads/1511347025.jpg','王瑞平',NULL,'15966409167',NULL,NULL,NULL,'15864876571',NULL,NULL,NULL,'阳历',6,'ooc0D0TQkCORBFKwNR3rW8KDSFk4',0),(67,'张宝超','男','371312200012256939','3-504',6,'山东省临沂市河东区八湖镇郭圪墩村','汉族','软件开发','2000-12-25','http://www.yanyufanchen.com/public/uploads/1511420057.jpg','张从强',NULL,'13256562635',NULL,NULL,NULL,'13505399102',NULL,NULL,NULL,'阳历',4,'ooc0D0bwQjx7NDZPGdKkHcaYrb5U',0),(68,'张孝宇','男','371324200111030332','3-504',7,'兰陵县柞城','汉族','软件','2017-11-03','http://www.yanyufanchen.com/public/uploads/1511346905.jpg','张步永',NULL,'18006490165',NULL,NULL,NULL,'13287181653',NULL,NULL,NULL,'阳历',2,'ooc0D0TrO6h4UcNR1_ZSkcvUUoX0',0),(69,'王从杰','男','371329199901282119','3-504',7,'临沂临沭玉山','汉族','软件开发','1999-01-28','http://www.yanyufanchen.com/public/uploads/1511346932.jpg','房德菊',NULL,'186 6092 06',NULL,NULL,NULL,'15266621891',NULL,NULL,NULL,'农历',1,'ooc0D0Xcc2_0mlxI67Vy3VtO1GL4',0),(70,'孙涛','男','371321199911190911','3-505',7,'山东省临沂市沂南县依汶镇王家庄子村','汉族','软件开发','1999-11-19',NULL,'孙永军',NULL,'17862205029',NULL,NULL,NULL,'15065992604',NULL,NULL,NULL,'阳历',6,'ooc0D0Zo_2S5IV0JHLQoLu3tabsY',0),(71,'徐源','女','371322199805191220','1-412',7,'兰山，郯城','汉族','软件开发','1998-05-19',NULL,'徐磊',NULL,'17568152101',NULL,NULL,NULL,'13053932551',NULL,NULL,NULL,'阳历',2,'ooc0D0b1PHqPutdykPwYfRvCz0oY',0),(72,'于丽','女','371311199905233425','1-411',7,'临沂市罗庄区傅庄街道汤庄办事处西店子村','汉族','软件开发','1999-05-23','http://www.yanyufanchen.com/public/uploads/1511349224.jpg','于凤光',NULL,'18865495919',NULL,NULL,NULL,'15953950511',NULL,NULL,NULL,'阳历',3,'ooc0D0ejc3mGqBjIGph0H0Bh5Nf4',0),(73,'张海南','女','371324199709218326','3-412',7,'山东省临沂市兰陵县长城镇','汉族','软件开发','1997-09-21','http://www.yanyufanchen.com/public/uploads/1511349257.jpg','张付永',NULL,'17669135189',NULL,NULL,NULL,'18669938316',NULL,NULL,NULL,'阳历',6,'ooc0D0bi457Sv__g3GTKTxRAYzaY',0),(76,'李文超','男','371321199906173412','3-504',7,'山东','汉族','软件开发','1999-06-17','http://www.yanyufanchen.com/public/uploads/1511419434.jpg','李法强',NULL,'15254491399',NULL,NULL,NULL,'15192957385',NULL,NULL,NULL,'阳历',7,'ooc0D0Sh_XPxGFTC5Tm4iPybY_xY',0),(77,'仲心雨','女','37081120011111504X','1-412',7,'山东省济宁市','汉族','软件开发','2001-11-11',NULL,'李长美',NULL,'17568129625',NULL,NULL,NULL,'18353752833',NULL,NULL,NULL,'阳历',8,'ooc0D0S4AaYNq6L2h9MFdkM-6Ejg',0),(78,'王海永','男','410526199901297015','3-506',7,'河南省滑县慈周寨乡小堽村','汉族','软件开发','1999-01-29','http://www.yanyufanchen.com/public/uploads/1511352097.jpg','王百宗',NULL,'15138892618',NULL,NULL,NULL,'',NULL,NULL,NULL,'阳历',7,'ooc0D0e947TGftu2cs4VqVrxlmLY',0),(79,'陈云','女','37131119980913264','1-412',7,'临沂市罗庄区高都街道办事处毛坦','汉族','计算机软件开发','1998-09-13',NULL,'陈永来',NULL,'17861654719',NULL,NULL,NULL,'13864940680',NULL,NULL,NULL,'阳历',1,'ooc0D0fqoGt3Zwl-lNTYrdR8eRj0',0),(80,'王静','女','372928199809221222','1-411',7,'山东省菏泽市郓城县','汉族','软件开发','1998-09-22','http://www.yanyufanchen.com/public/uploads/1511356098.jpg','王海芝',NULL,'15554029585',NULL,NULL,NULL,'13954012232',NULL,NULL,NULL,'阳历',1,'ooc0D0bK4cSvFos2hdwW4bHbhQO8',0),(81,'唐雪','女','371328199905065027','1-412',7,'山东省临沂市蒙阴县高都镇河西村','汉族','计算机软件开发','1999-05-06',NULL,'唐淑波',NULL,'15275597660',NULL,NULL,NULL,'15216512827',NULL,NULL,NULL,'阳历',4,'ooc0D0d-uCXGKtKGBtXk-mq6shug',0),(82,'王光行','男','371326199','3-506',7,'临沂市平邑县仲村镇','汉族','软件开发','2017-11-23',NULL,'王付豪',NULL,'18254443956',NULL,NULL,NULL,'17661112375',NULL,NULL,NULL,'阳历',6,'ooc0D0RkietVbiifGVSFv1L3YOnQ',0),(83,'丁梦凡','女','371311199910113428','1-411',7,'罗庄付庄','汉族','软件开发','1999-10-11','http://www.yanyufanchen.com/public/uploads/1511355153.jpg','王艳志',NULL,'17854976693',NULL,NULL,NULL,'13793935058',NULL,NULL,NULL,'阳历',2,'ooc0D0XuKvPbKl7BHgGBviZnBZeU',0),(84,'王加豪','男','371321199906270933','3-505',7,'山东省临沂市沂南县依汶镇王家庄子村','汉族','软件开发','1999-06-27','http://www.yanyufanchen.com/public/uploads/1511416760.jpg','王友山',NULL,'15066208233',NULL,NULL,NULL,'18265151509',NULL,NULL,NULL,'阳历',2,'ooc0D0da9JRPiXgEcOyzJbznKYXI',0),(85,'井鹏滔','男','371329200009300019','3-505',7,'山东省临沂市临沭县临沭街道','汉族','软件开发','2000-09-30',NULL,'程怀艳',NULL,'15854911285',NULL,NULL,NULL,'13583989462',NULL,NULL,NULL,'阳历',5,'ooc0D0fb3564bxFasb8z2L3omcCA',0),(86,NULL,NULL,NULL,NULL,NULL,NULL,NULL,NULL,NULL,NULL,NULL,NULL,NULL,NULL,NULL,NULL,NULL,NULL,NULL,NULL,NULL,NULL,'ooc0D0ZgXRA8yXiKAIUjEHhfAOho',0),(87,'张凤麒','男','371321199806058513','3-506',7,'山东省','汉族','软件开发','1998-06-22',NULL,'李玉芹',NULL,'18669466183',NULL,NULL,NULL,'18254908818',NULL,NULL,NULL,'阳历',5,'ooc0D0Qsj7akU_fOs1jzhgpbcUHQ',0),(88,'赵思雨','女','371324200101301549','1-303',9,'山东省临沂市兰陵县长城镇西王庄村','汉族','计算机程序与设计(软','2001-01-30','http://www.yanyufanchen.com/public/uploads/1511402130.jpg','赵芳，马如江',NULL,'15263959531',NULL,NULL,NULL,'18369329959',NULL,NULL,NULL,'阳历',3,'ooc0D0RM7KTNwoPIEN9VKFLIU6HM',0),(89,'郭峻熙','男','37131120020626261X','3-607',9,'山东省临沂市罗庄区罗西街道郭岑石村','汉族','计算机程序设计（软','2002-06-26','http://www.yanyufanchen.com/public/uploads/1511407224.jpg','吴敏，郭洪涛',NULL,'17669134614',NULL,NULL,NULL,'15505394678',NULL,NULL,NULL,'阳历',8,'ooc0D0dDF_gFbDSRG5RB_V5dqits',0),(90,'胡智斌','男','371311200209224651','3-605',9,'山东省临沂市罗庄区朱陈北村','汉族','计算机程序与设计（软','2002-09-22','http://www.yanyufanchen.com/public/uploads/1511406141.jpg','胡新江',NULL,'13589679877',NULL,NULL,NULL,'13589692699',NULL,NULL,NULL,'阳历',2,'ooc0D0fwbHDTV-DH54J_uANBkPW0',0),(91,'马金来','男','371302200111102211','3-608',10,'临沂市兰山区李官镇小河口','汉族','软件部','2001-11-10','http://www.yanyufanchen.com/public/uploads/1511489185.jpg','马振山',NULL,'18854952514',NULL,NULL,NULL,'18253924578',NULL,NULL,NULL,'阳历',7,'ooc0D0b2Mn-UUiQNnNQVbU4LCys4',0),(92,'张华龙','男','371312199903196954','3-604',9,'山东省临沂市河东区八湖镇蒲沂庄村','汉族','计算机程序设计（软件','1999-03-19',NULL,'13954428481',NULL,'15864861690',NULL,NULL,NULL,'13954991515',NULL,NULL,NULL,'阳历',3,'ooc0D0dpZlWA9TacG7aCUd-qKNS0',0),(93,'刘威','男','371302200201113459','3-508',8,'山东省临沂市兰山区南坊街道办事处双庄村','汉族','软件开发','2002-01-11','http://www.yanyufanchen.com/public/uploads/1511406076.jpg','陈宝香',NULL,'13176988096',NULL,NULL,NULL,'13573966106',NULL,NULL,NULL,'阳历',5,'ooc0D0QRRaTHERdQnuH1xtCj84Cs',0),(94,'殷忠涛','男','371311200203302815','3-507',8,'临沂市罗庄区册山办事处同沂庄','汉族','软件开发','2002-03-30',NULL,'殷志允',NULL,'15216561722',NULL,NULL,NULL,'13573971991',NULL,NULL,NULL,'阳历',4,'ooc0D0ZTANEW_gOt8kOzjtaQmrYM',0),(95,'杜承骏','男','371302200109273118','3-507',8,'山东省临沂市兰山区枣园镇','汉族','软件开发','2001-09-27',NULL,'杜华功',NULL,'15666157894',NULL,NULL,NULL,'13953941797',NULL,NULL,NULL,'阳历',1,'ooc0D0dexauDKMteCmMDVcmAQRu8',0),(96,'姜欣欣','女','371321200209135862','1-301',8,'山东省临沂市沂南县蒲汪镇姜家拐头前村','汉族','软件开发','2002-09-13','http://www.yanyufanchen.com/public/uploads/1511482009.jpg','姜春震',NULL,'18325490411',NULL,NULL,NULL,'15966407866',NULL,NULL,NULL,'阳历',7,'ooc0D0agQH0Sb36Fh7ISY-Yp1GoI',0),(97,'宗培育','女','371321200112145829','1-303',9,'山东省临沂市沂南县蒲汪镇姜家拐头村','汉族','计算机程序设计（软件','2001-12-14','http://www.yanyufanchen.com/public/uploads/1511405640.jpg','宗宝雷 赵忠灵',NULL,'15753995756',NULL,NULL,NULL,'18769992134',NULL,NULL,NULL,'阳历',4,'ooc0D0biWXt0F5psKJxFfQX8Jzyo',0),(98,'赵雪','女','371311200206292827','1-303',9,'山东省临沂市罗庄区','汉族','计算机程序设计软件开','2002-06-29','http://www.yanyufanchen.com/public/uploads/1511407752.jpg','赵金海',NULL,'18254968765',NULL,NULL,NULL,'15092990095',NULL,NULL,NULL,'阳历',7,'ooc0D0ULR5A6YsZ6cqDrrgkF5z2c',0),(99,'孙坤程','男','371327200201012713','3-605',9,'莒南县，岭泉镇，后座山村','汉族','（计算机程序设计）软','2002-09-01','http://www.yanyufanchen.com/public/uploads/1511405840.jpg','宋春英',NULL,'17353914687',NULL,NULL,NULL,'15966428048',NULL,NULL,NULL,'阳历',7,'ooc0D0aDPDK7u70TBL_Z5wCrhwU4',0),(100,'李英豪','男','371302200209240436','3-605',9,'山东省临沂市罗庄区盛庄街道','汉族','计算机软件设计（软件','2002-09-24','http://www.yanyufanchen.com/public/uploads/1511406386.jpg','何如艳',NULL,'17568115279',NULL,NULL,NULL,'13864923881',NULL,NULL,NULL,'阳历',4,'ooc0D0Rd60UoJ5aoX6LIPBblXgks',0),(101,'尚瑞超','男','37131120020831281x','3-605',9,'山东省临沂市罗庄区册山街道老沂庄村','汉族','计算机程序设计(软件','2002-08-31','http://www.yanyufanchen.com/public/uploads/1511406639.jpg','王丽娟',NULL,'13295395943',NULL,NULL,NULL,'15165501389',NULL,NULL,NULL,'阳历',3,'ooc0D0Xtf2rWAlu8HrJpr_UAiwgs',0),(102,'孙辉','男','371312200205315114','3-604',9,'临沂市河东区秦岭村','汉族','计算机程序（软件开发','2002-05-31','http://www.yanyufanchen.com/public/uploads/1511406592.jpg','孙仲奎',NULL,'17568060821',NULL,NULL,NULL,'13562998995',NULL,NULL,NULL,'阳历',1,'ooc0D0Z3zbub05kNN3UMrwA6Ip5I',0),(103,'邵斌','男','22070220030302747X','3-604',9,'临沂市河东区西李家埠村','汉族','计算机程序设计（软件','2003-03-02','http://www.yanyufanchen.com/public/uploads/1511406343.jpg','邵长娟',NULL,'17568143626',NULL,NULL,NULL,'13562912983',NULL,NULL,NULL,'阳历',4,'ooc0D0TzYjhVSx8aHFFnEAmvWLzA',0),(104,'符冲','男','371311200201314417','3-607',9,'山东省临沂市罗庄区临沂高新区罗西办事处涧沟崖村','汉族','计算机程序设计(软件','2002-01-31','http://www.yanyufanchen.com/public/uploads/1511406013.jpg','赵永花',NULL,'18369490067',NULL,NULL,NULL,'15589020679',NULL,NULL,NULL,'阳历',5,'ooc0D0aXHBlxLpg3ehs4w0uZvZSI',0),(105,'王艺达','男','371329200202051237','3-605',9,'山东省临沂市河东区干梅路','汉族','计算机程序设计（软件','2002-02-05','http://www.yanyufanchen.com/public/uploads/1511407828.jpg','张凤月',NULL,'18305491806',NULL,NULL,NULL,'15168949132',NULL,NULL,NULL,'阳历',6,'ooc0D0dKcAFGTku2RcIqdr4AsnRk',0),(107,'宋进前','男','371725200402278213','3-605',9,'菏泽_郓城_','汉族','计算机程序（软件开发','2004-02-27','http://www.yanyufanchen.com/public/uploads/1511405345.jpg','石桂各',NULL,'15964420399',NULL,NULL,NULL,'15098368104',NULL,NULL,NULL,'阳历',8,'ooc0D0XC5NVaSMhPELrQr5TNBHTo',0),(108,'洪莲安','男','371311200110234411','3-607',9,'山东省临沂市罗庄区罗西街道涧沟崖村','汉族','计算机程序设计(软件','2001-10-23','http://www.yanyufanchen.com/public/uploads/1511406231.jpg','洪云林',NULL,'15762055902',NULL,NULL,NULL,'15762062890',NULL,NULL,NULL,'阳历',7,'ooc0D0dD4ZLS-OCS22hKerOGhnT8',0),(109,'孙超','男','371324200209195610','3-606',9,'临沂市兰山区水田路金世纪广场','汉族','计算机程序设计（软件','2002-09-19','http://www.yanyufanchen.com/public/uploads/1511405549.jpg','孙忠华',NULL,'18369389833',NULL,NULL,NULL,'13853913277',NULL,NULL,NULL,'阳历',7,'ooc0D0TLk7r0N9Tbt5WZ5N3QRXyo',0),(110,'尹永杰','男','37131220011026713X','3-604',9,'山东省临沂市河东区汤头镇尹家寨村','汉族','计算机系统编程（软件','2017-10-26','http://www.yanyufanchen.com/public/uploads/1511406654.jpg','郑玉玲',NULL,'13563943821',NULL,NULL,NULL,'13053917215',NULL,NULL,NULL,'阳历',8,'ooc0D0SWVnKLBCyxt-rAudB1Miw8',0),(111,'夏珑楠','男','371327200111210914','3-605',9,'山东省临沂市莒南县坪上镇金龙河社区','汉族','计算机程序设计（软件','2001-11-21','http://www.yanyufanchen.com/public/uploads/1511406031.jpg','夏德启',NULL,'15854995355',NULL,NULL,NULL,'15275784612',NULL,NULL,NULL,'阳历',1,'ooc0D0aYVd72hOJ4gIkDYrTJoK5M',0),(113,'杨传杰','男','371311200111114411','3-607',9,'山东省临沂市罗庄区涧沟崖村','汉族','计算机程序设计（软件','2017-11-11','http://www.yanyufanchen.com/public/uploads/1511409165.jpg','唐玉艳',NULL,'15963358353',NULL,NULL,NULL,'18265101558',NULL,NULL,NULL,'阳历',6,'ooc0D0fKws8FCSsEwuk8Hcu4VZ6M',0),(114,'朱广杰','男','371327200108285114','3-601',8,'山东省临沂市莒南县坊前镇岔河山前','汉族','软件开发','2001-08-28','http://www.yanyufanchen.com/public/uploads/1511411201.jpg','王风英',NULL,'17661566606',NULL,NULL,NULL,'18763719717',NULL,NULL,NULL,'阳历',1,'ooc0D0Qr8ysO8T1pEcw96jy8j8qs',0),(124,'李佳骏','男','371311200112152110','3-607',9,'罗庄','汉族','计算机（软件开发）','2001-12-15','http://www.yanyufanchen.com/public/uploads/1511406612.jpg','李金罡',NULL,'18354983076',NULL,NULL,NULL,'13515496625',NULL,NULL,NULL,'阳历',6,'ooc0D0e8cjg18TcG165gRIVo33pI',0),(125,'肖俊毅','男','371323200111022811','3-604',9,'临沂市罗庄区杜三岗','汉族','计算机程序设计(软件','2001-11-02','http://www.yanyufanchen.com/public/uploads/1511405805.jpg','刘竹芹',NULL,'13646490151',NULL,NULL,NULL,'13562972335',NULL,NULL,NULL,'阳历',2,'ooc0D0fQnrMR-Lnt2504bjK8wsy0',0),(126,'侯宸','男','371325200208280537','3-606',9,'临沂市费县石林村','汉族','计算机程序设计（软件','2002-08-28','http://www.yanyufanchen.com/public/uploads/1511405791.jpg','侯培华',NULL,'18253911438',NULL,NULL,NULL,'18353980961',NULL,NULL,NULL,'阳历',6,'ooc0D0R6ozLYYmRfEnwyI7Q3muV8',0),(127,'周圳','男','371325200108142313','3-606',9,'山东省临沂市费县梁邱镇温泉村','汉族','计算机程序设计（软件','2001-08-14','http://www.yanyufanchen.com/public/uploads/1511406474.jpg','周立银',NULL,'15244334219',NULL,NULL,NULL,'15725789628',NULL,NULL,NULL,'阳历',8,'ooc0D0V0ntl8R8Q6MEz6BxzgcSDo',0),(128,'刘斌','男','371311200207034635','3-607',9,'山东省临沂市罗庄区小白衣庄','汉族','计算机程序设计软件开','2002-07-03','http://www.yanyufanchen.com/public/uploads/1511408538.jpg','刘月光',NULL,'15589106785',NULL,NULL,NULL,'13153996321',NULL,NULL,NULL,'农历',2,'ooc0D0YrOeqennqxKmK5EqNXV1_g',0),(129,'孟凡平','男','371321200202135835','3-606',9,'临沂市沂南县蒲汪镇大沟村','汉族','计算机程序设计(软件','2002-02-13','http://www.yanyufanchen.com/public/uploads/1511406642.jpg','孟庆海',NULL,'18396786050',NULL,NULL,NULL,'15168993872',NULL,NULL,NULL,'阳历',5,'ooc0D0RYxtharen92NnhlREdBtmw',0),(130,'秦艳','女','371311200208062822','1-303',9,'山东省临沂市罗庄区册山镇同沂庄','汉族','计算机程序设计软件开','2002-08-06','http://www.yanyufanchen.com/public/uploads/1511406014.jpg','吴金美',NULL,'18369335105',NULL,NULL,NULL,'18365156100',NULL,NULL,NULL,'阳历',8,'ooc0D0b-qLMylApNl-1ltjpMxY4o',0),(131,'王明宇','男','371324200205300735','3-604',9,'临沂市兰山区银河湾3号院','汉族','计算机程序设计(软件','2002-05-30','http://www.yanyufanchen.com/public/uploads/1511406738.jpg','顾启兰',NULL,'13082640674',NULL,NULL,NULL,'15020730401',NULL,NULL,NULL,'阳历',5,'ooc0D0YLJalN_kW6drvsqTi8ecWo',0),(132,NULL,NULL,NULL,NULL,NULL,NULL,NULL,NULL,NULL,NULL,NULL,NULL,NULL,NULL,NULL,NULL,NULL,NULL,NULL,NULL,NULL,NULL,'ooc0D0QE4gHodm1qxxFswzCPJ4vY',0),(133,'乔文慧','女','371327200207045124','1-303',9,'山东省莒南县坊前镇石门村','汉族','计算机程序设计(软件','2002-07-04','http://www.yanyufanchen.com/public/uploads/1511407978.jpg','朱彦平  乔运平',NULL,'18369422586',NULL,NULL,NULL,'18765493136',NULL,NULL,NULL,'阳历',6,'ooc0D0W_j9c0Kw_fU3kUrUUqcrKo',0),(134,'高原','男','371302200210055118','3-606',9,'山东省临沂市兰山区工业大道与解放路交汇南银河湾三号院','汉族','计算机程序设计','2002-01-23','http://www.yanyufanchen.com/public/uploads/1511522455.jpg','李洁',NULL,'13605393218',NULL,NULL,NULL,'15563660863',NULL,NULL,NULL,'阳历',8,'ooc0D0XIlVtKJ-2tauVzMOPxn5I0',0),(135,'张伟建','男','371312200204127138','3-605',9,'山东省临沂市河东区汤头镇','汉族','计算机程序设计（软件','2002-04-12','http://www.yanyufanchen.com/public/uploads/1511406887.jpg','张玉成',NULL,'15264915583',NULL,NULL,NULL,'15094735068',NULL,NULL,NULL,'阳历',5,'ooc0D0YxwNUNOl_2e1F8i6_xSaEI',0),(136,'危欣雨','女','371325200203010925','1-303',9,'山东省临沂市费县探沂镇红卫村','汉族','计算机程序设计软件开','2002-03-01','http://www.yanyufanchen.com/public/uploads/1511408240.jpg','危自发',NULL,'15192976643',NULL,NULL,NULL,'13468101482',NULL,NULL,NULL,'阳历',5,'ooc0D0W-obU6j61DbSP8-e0PR80I',0),(137,'王关正','男','371323200205230811','3-607',9,'临沂市兰山区前韦屯小区','汉族','计算机程序设计(软件','2002-04-12','http://www.yanyufanchen.com/public/uploads/1511409182.jpg','王成吉',NULL,'15163991829',NULL,NULL,NULL,'15953915814',NULL,NULL,NULL,'农历',4,'ooc0D0RlV1cDVivArOY1FlB7HgPY',0),(138,'陈晓芳','女','371325200104230527','1-609',9,'山东省费县费城镇寺湾村','汉族','计算机程序设计（软件','2001-04-23','http://www.yanyufanchen.com/public/uploads/1511407151.jpg','陈庆才',NULL,'18396796759',NULL,NULL,NULL,'18669509807',NULL,NULL,NULL,'阳历',7,'ooc0D0cEcMP939kKiyoKCNzCXpHw',0),(139,'殷爱鑫','女','371311200108182843','1-303',9,'山东省临沂市罗庄区册山街道同沂庄村','汉族','计算机程序设计(软件','2001-08-18','http://www.yanyufanchen.com/public/uploads/1511408520.jpg','殷学峰',NULL,'15192847900',NULL,NULL,NULL,'13589683464',NULL,NULL,NULL,'阳历',2,'ooc0D0XrtAIuvwzosnikzIsO_VlM',0),(140,'时尚','男','371302200110060814','3-606',9,'山东省临沂市兰山区颐龙恒泰','汉族','计算机程序设计(软件','2001-10-06','http://www.yanyufanchen.com/public/uploads/1511409052.jpg','时后盾',NULL,'15588156917',NULL,NULL,NULL,'15053986686',NULL,NULL,NULL,'阳历',4,'ooc0D0STNRc1kX8YrDvk6ERlpwjk',0),(141,'王龙君','男','371311200001092311','3-506',7,'罗庄区','汉族','软件','2000-01-09',NULL,'吴振荣',NULL,'18753957875',NULL,NULL,NULL,'13854926040',NULL,NULL,NULL,'农历',1,'ooc0D0UYMDB9u7VrHdP1EbWYTTJA',0),(142,'孙尧','男','371311200109282811','3-606',9,'山东省临沂市罗庄区','汉族','计算机软件设计（软件','2001-09-28','http://www.yanyufanchen.com/public/uploads/1511412124.jpg','王士铭',NULL,'18369312017',NULL,NULL,NULL,'13686390918',NULL,NULL,NULL,'阳历',3,'ooc0D0ZTSq1vsdt4X4E3NdMvgeeM',0),(143,'薛景匀','女','371122200209053141','1-303',9,'山东省临沂市罗庄区旭阳阳光花园','汉族','计算机程序设计(软件','2002-09-05','http://www.yanyufanchen.com/public/uploads/1511407898.jpg','薛俊宁  张兰香',NULL,'13697803431',NULL,NULL,NULL,'15964813025',NULL,NULL,NULL,'阳历',1,'ooc0D0U1OCAoqUf_LrGy7FSDpmqc',0),(144,'张光明','男','37131120010908441X','3-607',9,'山东省临沂市罗庄区涧沟崖村','汉族','计算机程序设计','2001-09-08','http://www.yanyufanchen.com/public/uploads/1511408301.jpg','张荣国',NULL,'15762072326',NULL,NULL,NULL,'13854938795',NULL,NULL,NULL,'阳历',1,'ooc0D0YkMyJLo2D-62F2mOLaq8bM',0),(145,'胡科沅','男','371329200111132111','3-606',9,'山东省临沂市临沭县西盘村','汉族','计算机程序设计','2001-11-13','http://www.yanyufanchen.com/public/uploads/1511408283.jpg','胡尊顶',NULL,'15254984083',NULL,NULL,NULL,'13013506096',NULL,NULL,NULL,'阳历',3,'ooc0D0ciHL4T1OFD3o22pZ8U_kbc',0),(148,'杨明达','男','3713111963122636','3-621',4,'山东省临沂市罗庄区通达路','汉族','Java','1996-03-12',NULL,'吴庆兰',NULL,'15254985342',NULL,NULL,NULL,'',NULL,NULL,NULL,'阳历',6,'ooc0D0U2bUqoACJ1tDPKJo3KCjLc',0),(149,'王政','男','371324200209164718','3-601',8,'山东省临沂市兰陵县下村乡双河村','汉族','软件开发','2002-09-16','http://www.yanyufanchen.com/public/uploads/1511414068.jpg','刘霞',NULL,'13280426940',NULL,NULL,NULL,'18753918581',NULL,NULL,NULL,'农历',3,'ooc0D0RQf5Al_dxIVfZHtAi0ya7g',0),(150,'李晓蒙','女','371324200301090328','1-301',8,'山东省临沂市兰陵县芦柞镇芦柞西村','汉族','软件开发','2002-12-07','http://www.yanyufanchen.com/public/uploads/1511415992.jpg','李凤尚',NULL,'17664669855',NULL,NULL,NULL,'15964889882',NULL,NULL,NULL,'农历',2,'ooc0D0a8orVNFW6NrPl08uKw0qW0',0),(151,'褚洧羌','男','371312200111264838','3-507',8,'山东省临沂市河东区九曲办事处褚家庄村','汉族','软件开发','2001-11-26',NULL,'乔成娟',NULL,'18905497965',NULL,NULL,NULL,'13573976646',NULL,NULL,NULL,'阳历',6,'ooc0D0ao-jgBEFeqBN77_7xE20x8',0),(152,'宋来源','男','371324200207109838','3-603',8,'山东省临沂市兰山区义堂镇陈围子村','彝族','软件开发','2002-07-10','http://www.yanyufanchen.com/public/uploads/1511413887.jpg','宋景明',NULL,'17861686827',NULL,NULL,NULL,'15853977857',NULL,NULL,NULL,'阳历',1,'ooc0D0XWXQ9_EwJJqPFuPpY-DA78',0),(153,'王桂龙','男','371324200208250315','3-603',8,'山东省苍山县卞庄镇柞城村','汉族','软件开发','2002-08-25',NULL,'王学江',NULL,'15853843380',NULL,NULL,NULL,'15065922714',NULL,NULL,NULL,'阳历',2,'ooc0D0WFXe7MC3jM2aqJXAwlgDd4',0),(154,'吕保旭','男','371311200208264459','3-601',8,'山东省临沂市罗庄区罗西办事处','汉族','软件开发','2002-08-26',NULL,'吕克明',NULL,'15339977226',NULL,NULL,NULL,'13969976879',NULL,NULL,NULL,'阳历',2,'ooc0D0cxukxkIMUMchKd5BUy_hVU',0),(155,'王永臻','男','220605200204181758','3-601',8,'山东省临沂市河东区汤头镇王五湖村','汉族','软件开发','2002-04-18','http://www.yanyufanchen.com/public/uploads/1511482442.jpg','王启启',NULL,'17861685275',NULL,NULL,NULL,'15064953331',NULL,NULL,NULL,'阳历',5,'ooc0D0R7f30en_Lpf5uIJ7nFn-6Y',0),(156,'薛庆林','男','371324200301242416','3-603',8,'山东省临沂市兰陵县神山镇和庄村','汉族','软件开发','2003-01-24','http://www.yanyufanchen.com/public/uploads/1511432528.jpg','薛玉松',NULL,'15965492063',NULL,NULL,NULL,'15253905338',NULL,NULL,NULL,'阳历',6,'ooc0D0awD9g1U3gK4uwFKct3WwCw',0),(157,'李加慧','男','371321200111221113','3-601',8,'临沂市沂南县马牧池乡常山庄村','汉族','软件开发','2001-11-22','http://www.yanyufanchen.com/public/uploads/1511416494.jpg','李清现',NULL,'15054953585',NULL,NULL,NULL,'15054610495',NULL,NULL,NULL,'阳历',6,'ooc0D0c12VlSgyWVv-val_Y7rqsM',0),(159,'涂言伟','男','371302220011014341','3-508',8,'山东省-临沂市-大观园','汉族','软件开发','2001-10-14','http://www.yanyufanchen.com/public/uploads/1511508515.jpg','王霞丽',NULL,'17861686815',NULL,NULL,NULL,'15562975907',NULL,NULL,NULL,'阳历',7,'ooc0D0ZqSEUMsyJXj_qRSHPUt-2c',0),(160,'朱文东','男','371312200204157118','3-622',8,'山东省临沂市河东区汤头街道办事处朱家五湖村','汉族','计算机应用(软件开发','2002-03-03','http://www.yanyufanchen.com/public/uploads/1511411684.jpg','张理玲',NULL,'15969727935',NULL,NULL,NULL,'18764954596',NULL,NULL,NULL,'农历',8,'ooc0D0fA_qOnL3RlzFkaNmkCa2h4',0),(161,NULL,NULL,NULL,NULL,NULL,NULL,NULL,NULL,NULL,NULL,NULL,NULL,NULL,NULL,NULL,NULL,NULL,NULL,NULL,NULL,NULL,NULL,'ooc0D0VSFX8Z5CtaEj0ulUjibYlM',0),(162,'王永琪','男','37132420020826037x','3-603',8,'山东省临沂市苍山县卞庄镇柞城村','汉族','软件开发','2002-08-26',NULL,'王桂胜 朱秀丽',NULL,'18866996621',NULL,NULL,NULL,'13869963653',NULL,NULL,NULL,'阳历',4,'ooc0D0ReRTKJLCSI7IdyYSkkmplY',0),(163,'付超','男','371311200205042834','3-507',8,'山东省临沂市罗庄区册山镇同沂庄','汉族','软件开发','2002-05-04',NULL,'付海峰',NULL,'17568096902',NULL,NULL,NULL,'13854959787',NULL,NULL,NULL,'阳历',2,'ooc0D0apRr8M_Fgo_8g706DRobfc',0),(164,'郭美','女','371312200110197127','1-301',8,'山东省临沂市河东区汤头街道西山东','汉族','软件开发','2001-10-19','http://www.yanyufanchen.com/public/uploads/1511412279.jpg','高秀珍',NULL,'15206846137',NULL,NULL,NULL,'13188702125',NULL,NULL,NULL,'阳历',6,'ooc0D0ZbfyirtMQsiHjUliizZvKg',0),(166,'赵金玥','女','371312200110127129','1-301',8,'山东省临沂市河东区汤头街道西山东','汉族','软件开发','2001-10-12','http://www.yanyufanchen.com/public/uploads/1511412499.jpg','赵学海',NULL,'15725395214',NULL,NULL,NULL,'13407661173',NULL,NULL,NULL,'阳历',5,'ooc0D0aXq6Wn91r2IkSBGu8m6Y7I',0),(169,'卜祥博','男','371312200204095316','3-508',8,'山东省临沂市河东区临沂经济开发区朝阳办事处','汉族','软件开发','2002-04-09',NULL,'李保荣',NULL,'15216580978',NULL,NULL,NULL,'15963915909',NULL,NULL,NULL,'阳历',6,'ooc0D0dByzE-DAKVDScP6ONEGSbs',0),(170,'侯友春','男','371311200207172317','3-601',8,'山东省临沂市罗庄区双月湖街道','汉族','软件开发','2002-07-17',NULL,'侯孝金',NULL,'18300472677',NULL,NULL,NULL,'15020910944',NULL,NULL,NULL,'阳历',7,'ooc0D0b6sSpZApqz1nPCYuRZ4k20',0),(171,'李鑫','男','371311200202192116','3-507',8,'山东省临沂市罗庄区龙山庄园','汉族','软件开发','2002-02-19','http://www.yanyufanchen.com/public/uploads/1511432911.jpg','邹超娟',NULL,'15315493539',NULL,NULL,NULL,'15168911770',NULL,NULL,NULL,'阳历',8,'ooc0D0WoHpuG7frMHBABPjFKRoH0',0),(173,'张进臻','男','371324200102280313','3-603',8,'山东省临沂市兰陵县卞庄镇柞城村','汉族','软件开发','2001-02-28',NULL,'张峰',NULL,'18764950370',NULL,NULL,NULL,'18754935880',NULL,NULL,NULL,'阳历',3,'ooc0D0TwMFb7oq9LsvOsuvNX9IrI',0),(174,'赵子毅','男','371302200104131217','3-508',8,'临沂市兰山区银雀山街道五里堡村','汉族','软件开发','2001-04-13',NULL,'虞东艳',NULL,'15910149292',NULL,NULL,NULL,'15153938836',NULL,NULL,NULL,'阳历',3,'ooc0D0crTg2Vdlr6TjMkqkYmapMs',0),(175,'于文凯','男','371302200202040618','3-508',8,'山东省临沂市兰山区兰山街道曹王庄小区','汉族','软件开发','2002-02-04',NULL,'于福安',NULL,'15550971860',NULL,NULL,NULL,'13605496189',NULL,NULL,NULL,'阳历',4,'ooc0D0dU_034HjFJovqIRjUq9TWc',0),(176,'陈建鑫','男','371312200205035315','3-603',8,'山东省临沂市河东区朝阳社区基督教感恩堂','汉族','软件开发','2002-05-03',NULL,'陈立正',NULL,'13563919020',NULL,NULL,NULL,'13792956909',NULL,NULL,NULL,'阳历',7,'ooc0D0R-WL0CfyBcyzVg2A9HHiMk',0),(177,'主父文官','男','371311200204053419','3-508',8,'山东省临沂市罗庄区付庄街道办事处劳模店子村','汉族','软件开发','2002-04-05',NULL,'主父建印',NULL,'17568061657',NULL,NULL,NULL,'13515493369',NULL,NULL,NULL,'阳历',2,'ooc0D0dk3B-2R0p3UDuBdGoQV3t0',0),(178,'王一森','男','371302200110251813','3-508',8,'临沂市兰山区金玉山世纪花园','汉族','软件开发','2001-10-25',NULL,'焦海霞',NULL,'15265176807',NULL,NULL,NULL,'15265169679',NULL,NULL,NULL,'阳历',1,'ooc0D0cHODN_XQCNuC7X7W71mCUo',0),(179,'赵丽娟','女','371324200101191546','1-301',8,'山东省临沂市兰山区金三路临西四路七里家园小康人家','汉族','软件开发','2001-01-19','http://www.yanyufanchen.com/public/uploads/1511414841.jpg','赵龙',NULL,'17353980467',NULL,NULL,NULL,'13954433869',NULL,NULL,NULL,'阳历',7,'ooc0D0bDyoH9xEPafI4UY5SG1KbE',0),(180,'徐文鹏','男','371312200103066911','3-601',8,'山东省临沂市河东区八湖镇小徐五湖村','汉族','软件开发','2001-03-06','http://www.yanyufanchen.com/public/uploads/1511416530.jpg','徐登长',NULL,'18263933512',NULL,NULL,NULL,'15092944237',NULL,NULL,NULL,'阳历',8,'ooc0D0RnevqcZFyYwj4Wuzn3Q4ZE',0),(181,'宋本朋','男','372928200108247417','3-627',8,'山东省菏泽市郓城县张集乡南里楼村','汉族','软件开发','2001-08-24','http://www.yanyufanchen.com/public/uploads/1511416149.jpg','宋迎军',NULL,'18053964265',NULL,NULL,NULL,'15053010425',NULL,NULL,NULL,'阳历',1,'ooc0D0eKfOVUrKHPv9Qjf0zijCv8',0),(182,'秦贞涛','男','371324200204150333','3-603',8,'山东省临沂市兰陵县卞庄镇柞城村','汉族','软件开发','2002-04-15',NULL,'秦玉合',NULL,'15762019120',NULL,NULL,NULL,'15864880795',NULL,NULL,NULL,'阳历',8,'ooc0D0aJtgy0MW1d7mAHvsWUFOc0',0),(183,'李金诚','男','371326200105311632','3-625',8,'山东省临沂市平邑县铜石镇昌盛村','汉族','软件开发','2001-05-31',NULL,'李金萍',NULL,'18396798809',NULL,NULL,NULL,'13465395778',NULL,NULL,NULL,'阳历',8,'ooc0D0Wgk9q3IHv1HxQr6JRCIks0',0),(184,'王芸琪','女','371324200210230380','1-301',8,'山东省临沂市苍山县芦柞镇芦柞西村','汉族','软件开发','2002-10-23','http://www.yanyufanchen.com/public/uploads/1511432869.jpg','刘振霞',NULL,'15254955542',NULL,NULL,NULL,'13188712739',NULL,NULL,NULL,'阳历',4,'ooc0D0VR_eyAFLxAP1tJ_1d_unIw',0),(185,'郭希坤','男','371312200112057136','3-601',8,'临沂市-河东区-汤头街道-西山东村','汉族','软件设计','2001-12-05','http://www.yanyufanchen.com/public/uploads/1511422115.jpg','赵玉文',NULL,'17861652755',NULL,NULL,NULL,'15963956145',NULL,NULL,NULL,'阳历',4,'ooc0D0QktPw9HbVuZwcFy1Xl0Svs',0),(186,'胡文涛','男','371329200101312418','3-504',7,'山东临沭','汉族','软件开发','2001-01-31','http://www.yanyufanchen.com/public/uploads/1511417889.jpg','胡广福',NULL,'17753982219',NULL,NULL,NULL,'15064901908',NULL,NULL,NULL,'阳历',3,'ooc0D0UPimi3CGigsgsybGV-_bMw',0),(187,'王光金','男','371326200103090418','3-506',7,'临沂平邑仲村镇东流','汉族','软件开发','2001-03-09',NULL,'王付钦',NULL,'17664664596',NULL,NULL,NULL,'18263958137',NULL,NULL,NULL,'阳历',2,'ooc0D0dRyXNTdJiaWUvpM2J3wgO8',0),(188,'王翠萍','女','371324199905201548','1-411',7,'山东省临沂市兰陵县兰陵镇顺墩村','汉族','软件开发','1999-05-20',NULL,'王翠萍',NULL,'17853989482',NULL,NULL,NULL,'18369329762',NULL,NULL,NULL,'农历',5,'ooc0D0bbkp2Tkq94Zf3MKt47AqXw',0),(189,'李爱国','男','371325199908264719','3-501',6,'山东省临沂市费县探沂旺山前村','汉族','软件开发','1999-08-26','http://www.yanyufanchen.com/public/uploads/1511421313.jpg','李景庆',NULL,'18560525001',NULL,NULL,NULL,'18560525002',NULL,NULL,NULL,'阳历',5,'ooc0D0WPH2RgCuzAc6fduAlSMwqM',0),(190,'刘明杰','男','371324200011230353','3-610',11,'山东省临沂市兰陵县卞庄镇柞城村','汉族','软件开发','2000-11-23','http://www.yanyufanchen.com/public/uploads/1511419754.jpg','刘明',NULL,'15949772422',NULL,NULL,NULL,'15168999811',NULL,NULL,NULL,'阳历',5,'ooc0D0eaWFziWYKQszeGWvnuRm2k',0),(191,'席淑欣','女','371311199907222826','1-410',6,'临沂市罗庄区册山镇五寺庄村','汉族','软件开发','1999-07-22',NULL,'席庆江',NULL,'15106695278',NULL,NULL,NULL,'13853905707',NULL,NULL,NULL,'阳历',2,'ooc0D0SQPj0yHbmlV1f80ney85tE',0),(192,'王法斌','男','371328199911296016','3-501',6,'临沂市兰山区八腊庙街石油小区','汉族','软件开发','1999-11-29','http://www.yanyufanchen.com/public/uploads/1511421556.jpg','刘元群',NULL,'15588097006',NULL,NULL,NULL,'18669562601',NULL,NULL,NULL,'阳历',1,'ooc0D0U602b4P5HUvR8r2eDYB50Q',0),(193,'葛宇洋','男','371302200011201212','3-501',6,'兰山区','汉族','软件开发','2000-11-20','http://www.yanyufanchen.com/public/uploads/1511420807.jpg','李朝芳',NULL,'15588010525',NULL,NULL,NULL,'13969977446',NULL,NULL,NULL,'阳历',6,'ooc0D0RB9Hz1EwctB17sOKAeYAsc',0),(194,'王辉','男','371322199811028817','3-503',6,'山东省临沂市罗庄区黄山镇后黄山村','汉族','软件开发','1998-11-02','http://www.yanyufanchen.com/public/uploads/1511420794.jpg','王洪军',NULL,'18264999703',NULL,NULL,NULL,'15554839296',NULL,NULL,NULL,'阳历',6,'ooc0D0cFwAOP4I1qWQA6isdbkqHA',0),(195,'朱芮莹','女','371312199612117427','1-411',6,'山东省临沂市河东区八湖镇沂自庄村','汉族','软件开发','1996-12-11','http://www.yanyufanchen.com/public/uploads/1511420544.jpg','朱孔树',NULL,'18306543631',NULL,NULL,NULL,'18315656082',NULL,NULL,NULL,'阳历',7,'ooc0D0ap2uglYNhbjQ-TuW-tMAo8',0),(196,'殷浩然','男','371311200102282835','3-503',6,'山东省临沂市罗庄区册山街道同沂庄村','汉族','软件开发','2001-02-28','http://www.yanyufanchen.com/public/uploads/1511573264.jpg','殷忠山',NULL,'15265192305',NULL,NULL,NULL,'15163996330',NULL,NULL,NULL,'阳历',8,'ooc0D0ZDClnBKuSSI82wGOxdkQnA',0),(197,'李苏生','男','371322199908300573','3-503',6,'山东省临沂市郯城县西关三街','汉族','软件开发','1999-08-30','http://www.yanyufanchen.com/public/uploads/1511419635.jpg','刘一秀',NULL,'15106620573',NULL,NULL,NULL,'15550957352',NULL,NULL,NULL,'阳历',6,'ooc0D0Qd2PJw_bgn4FK7jK9NDT7Y',0),(198,'赵颖','女','371311199906292822','1-410',6,'临沂市罗庄区江泉国际二期','汉族','软件开发','1999-06-29','http://www.yanyufanchen.com/public/uploads/1511419423.jpg','赵金山',NULL,'15563245444',NULL,NULL,NULL,'15020969777',NULL,NULL,NULL,'阳历',8,'ooc0D0Vfu7XzmIX-6LbIQVqoFvbI',0),(199,'杨雨','女','37132419990903402X','4-410',6,'山东省临沂市苍山县车辋镇乔庄村','汉族','软件开发','1999-09-03','http://www.yanyufanchen.com/public/uploads/1511419967.jpg','杨传新',NULL,'15092370158',NULL,NULL,NULL,'15163926890',NULL,NULL,NULL,'农历',4,'ooc0D0dBjM_VcDJ5AMjdpNuiMCwo',0),(200,'孙长伟','女','371322199709018823','1-411',6,'临沂市罗庄区黄山镇蒋史汪二村','汉族','软件开发','1997-09-01','http://www.yanyufanchen.com/public/uploads/1511420954.jpg','孙志君',NULL,'13573930359',NULL,NULL,NULL,'13563914198',NULL,NULL,NULL,'阳历',6,'ooc0D0e9rSiL9-AwQ3DWSquVtJW0',0),(202,'张书民','男','372928199901013968','3-501',6,'山东省菏泽市郓城县张集乡张楼村','汉族','软件开发','1999-01-01','http://www.yanyufanchen.com/public/uploads/1511420559.jpg','张卫东',NULL,'17861682961',NULL,NULL,NULL,'15552317172',NULL,NULL,NULL,'阳历',3,'ooc0D0dCwPxaIogIzFeqy1IqzS_Y',0),(203,'马兆飞','男','371324199712286434','3-503',6,'山东省临沂市兰陵县韩唐镇蔡庙村','汉族','软件开发','1999-12-28','http://www.yanyufanchen.com/public/uploads/1511419421.jpg','马成付',NULL,'17625297781',NULL,NULL,NULL,'13063707169',NULL,NULL,NULL,'阳历',3,'ooc0D0WXSY7rCk4bkC906b731MYI',0),(204,'韩孟洁','男','31713270120010120','1-410',6,'山东省临沂市莒南县土沟村','汉族','软件开发','2000-12-26','http://www.yanyufanchen.com/public/uploads/1511421127.jpg','许长森',NULL,'15854912731',NULL,NULL,NULL,'15092898403',NULL,NULL,NULL,'农历',3,'ooc0D0XVQHxkpsBZ_wyJ0D8jNjH8',0),(205,'吴清辰','男','371311200011032339','3-501',6,'山东省临沂市罗庄区吴白庄小区西区','汉族','软件开发','2001-11-03','http://www.yanyufanchen.com/public/uploads/1511419978.jpg','于海彦',NULL,'13355027615',NULL,NULL,NULL,'13355002068',NULL,NULL,NULL,'阳历',2,'ooc0D0WNEa0p1o2R4oWqAptrnis8',0),(206,'王杰','男','371325200009024215','3-503',6,'费县','汉族','软件开发','2000-09-02','http://www.yanyufanchen.com/public/uploads/1511421343.jpg','卢余香',NULL,'15206492061',NULL,NULL,NULL,'13581082761',NULL,NULL,NULL,'阳历',8,'ooc0D0UIcDCLtGrzwkbV-tKqV1tQ',0),(209,'郭旭','男','371321200001131432','3-501',6,'山东省临沂市沂南县岸堤镇四村','汉族','软件开发','2000-01-13','http://www.yanyufanchen.com/public/uploads/1511420729.jpg','郭金光',NULL,'15244307308',NULL,NULL,NULL,'15092987556',NULL,NULL,NULL,'阳历',4,'ooc0D0Syi9Z9TmSpVQLqI7DCn1hk',0),(213,'李悦心','女','371324199910286427','1-411',6,'山东省临沂市苍山县兰陵镇瑞福苑','汉族','软件开发','1999-10-28','http://www.yanyufanchen.com/public/uploads/1511420012.jpg','李金刚',NULL,'18763763110',NULL,NULL,NULL,'13023597024',NULL,NULL,NULL,'阳历',8,'ooc0D0bXUWmxgKsWlxgJKW_YIiAg',0),(214,'巩付祥','男','371326199804011617','3-503',6,'山东省临沂市平邑县铜石镇南锅泉村','汉族','软件开发','1998-03-04','http://www.yanyufanchen.com/public/uploads/1511420115.jpg','巩京信',NULL,'17662038106',NULL,NULL,NULL,'13754711581',NULL,NULL,NULL,'阳历',2,'ooc0D0U6K58ItNTZxt0Ho5hvG6EI',0),(215,'葛祥雪','女','371311199911173326','1-410',6,'山东省临沂市罗庄区朱陈','汉族','软件开发','1999-11-17','http://www.yanyufanchen.com/public/uploads/1511512103.jpg','刘耐东',NULL,'15253989268',NULL,NULL,NULL,'13954460561',NULL,NULL,NULL,'阳历',1,'ooc0D0SJwnJ2zDcXS87eQyn5PnJc',0),(216,'倪康盛','男','371324199907028312','3-503',6,'山东兰陵长城瓦子埠','汉族','软件开发','1999-07-02','http://www.yanyufanchen.com/public/uploads/1511420417.jpg','倪敬祥',NULL,'15698280591',NULL,NULL,NULL,'15866986082',NULL,NULL,NULL,'阳历',1,'ooc0D0bqBFHUVZ0wTcxh9MQo2Bf0',0),(217,'苏庆晓','女','371321200105291166','3-401',6,'山东省临沂市沂南县马牧池乡常山庄','汉族','软件开发','2001-05-29','http://www.yanyufanchen.com/public/uploads/1511420679.jpg','刘恩清',NULL,'17853991724',NULL,NULL,NULL,'15153921375',NULL,NULL,NULL,'阳历',2,'ooc0D0d76IrGoJMOecPn-_R0AR2s',0),(218,'夏筠筱','女','371324200002152824','1-412',7,'山东省临沂市兰陵县贾庄乡贾庄村','汉族','软件开发','2000-02-15',NULL,'夏立平',NULL,'15550968441',NULL,NULL,NULL,'18605493388',NULL,NULL,NULL,'阳历',3,'ooc0D0RTe-mQIN4p2eAL5uL-uoJw',0),(219,'王晓龙','男','371324200103046414','3-501',6,'山东省枣庄市台儿庄区荀庄村','汉族','软件开发专业','2001-03-04','http://www.yanyufanchen.com/public/uploads/1511420973.jpg','王允启',NULL,'17568013157',NULL,NULL,NULL,'18715398001',NULL,NULL,NULL,'阳历',7,'ooc0D0YzMjj-ZpHgzqBzI0FgOQZw',0),(220,'杨笑宇','男','371302200007062811','3-622',6,'山东省临沂市兰山区白沙埠镇尤新村','汉族','软件开发','2000-07-06','http://www.yanyufanchen.com/public/uploads/1511420783.jpg','杨振昌',NULL,'15065901187',NULL,NULL,NULL,'13791588798',NULL,NULL,NULL,'阳历',1,'ooc0D0bS56fbTrOEKkBtXZBPQD5g',0),(221,'夏云暖','男','371321200003186322','1-411',6,'山东省临沂市沂南县湖头镇湖头村','汉族','软件开发','2000-03-18','http://www.yanyufanchen.com/public/uploads/1511420870.jpg','夏传春',NULL,'15054930325',NULL,NULL,NULL,'15020324672',NULL,NULL,NULL,'阳历',3,'ooc0D0W1tRsRnqM1N7KASWIpgn2A',0),(222,'张国梁','男','37131219940216601X','3-503',6,'山东省临沂市河东区汤河镇邢家湖村','汉族','软件开发','1998-09-08','http://www.yanyufanchen.com/public/uploads/1511421091.jpg','张玉伯',NULL,'15554892940',NULL,NULL,NULL,'13375699941',NULL,NULL,NULL,'阳历',5,'ooc0D0Ty5FOdy-uiuhT2ydrgm4uA',0),(223,'朱金涛','男','371312199910246913','3-501',6,'山东省临沂市河东区八湖镇','汉族','软件开发','1999-10-24',NULL,'嬴洪莲',NULL,'15020902091',NULL,NULL,NULL,'15963987358',NULL,NULL,NULL,'阳历',8,'ooc0D0fJGVmy3ClTzXccV_18-pzg',0),(224,'刘建伟','男','371311200010144419','3-628',5,'山东省临沂市罗庄区罗西街道办事处涧头村','汉族','软件开发','2000-10-14',NULL,'刘子永',NULL,'15216547602',NULL,NULL,NULL,'13869942036',NULL,NULL,NULL,'阳历',3,'ooc0D0SPvUbdvMuKa3zz1HC-hXWg',0),(225,'李卓卿','男','371311200001202314','3-628',5,'临沂市罗庄区盛庄街道办事处','汉族','软件开发','2000-01-20','http://www.yanyufanchen.com/public/uploads/1511421651.jpg','李海丽',NULL,'18853932348',NULL,NULL,NULL,'15864997355',NULL,NULL,NULL,'阳历',5,'ooc0D0UBkBf_nJjcO8zj6bJ8qo08',0),(226,'厉国强','男','371327200006134112','3-629',5,'山东省临沂市莒南县坪上镇厉家寨村','汉族','软件开发','2000-06-13',NULL,'孙运耐',NULL,'17568039710',NULL,NULL,NULL,'18369453693',NULL,NULL,NULL,'农历',1,'ooc0D0Y-AXv3xAa8P3oC0ZHteRXU',0),(227,'左文武','男','371311200007172611','3-629',5,'山东省临沂市罗庄区高都街道北茶棚村60号','汉族','软件开发','2000-07-17','http://www.yanyufanchen.com/public/uploads/1511422078.jpg','左振苏',NULL,'18054535424',NULL,NULL,NULL,'15065933080',NULL,NULL,NULL,'阳历',2,'ooc0D0fzXRNPDj6KPFs-tz9TX0Ds',0),(228,'许金民','男','371312200011066033','3-629',5,'山东省临沂市兰山区宝德花园','汉族','软件开发','2000-11-06',NULL,'许洪然',NULL,'17664667149',NULL,NULL,NULL,'13954448566',NULL,NULL,NULL,'阳历',6,'ooc0D0WUjc8ijCc36VepOtOc_MXU',0),(229,'赵佳慧','女','371312200011047422','1-606',5,'临沂市  河东区   八湖镇  刘店子村','汉族','软件开发','2000-11-04','http://www.yanyufanchen.com/public/uploads/1511421740.jpg','赵文德',NULL,'18265115802',NULL,NULL,NULL,'15168915285',NULL,NULL,NULL,'阳历',8,'ooc0D0Uml_GxPLbDveIRfA2DGA2U',0),(230,'邵梦梦','女','371312200103016922','1-606',5,'山东省临沂市河东区八湖镇邵八湖村','汉族','软件开发','2001-03-01','http://www.yanyufanchen.com/public/uploads/1511421968.jpg','高桂芳',NULL,'15106686920',NULL,NULL,NULL,'15563659681',NULL,NULL,NULL,'阳历',1,'ooc0D0fAjzDHS2Ca89jVwo1M20Uo',0),(231,'尚瑞斌','男','371311200012092819','3-631',5,'山东省临沂市罗庄区册山办事处尚庄村','汉族','软件开发','2000-12-09','http://www.yanyufanchen.com/public/uploads/1511422534.jpg','尚金专',NULL,'13325074399',NULL,NULL,NULL,'18605491511',NULL,NULL,NULL,'阳历',2,'ooc0D0cdWy52nFLwkWqaNohnJZrE',0),(232,'张理坡','男','371312200010316918','3-631',5,'山东省临沂市河东区八湖镇','汉族','软件部','2000-10-31','http://www.yanyufanchen.com/public/uploads/1511421841.jpg','张现胜',NULL,'15106623033',NULL,NULL,NULL,'18354946850',NULL,NULL,NULL,'阳历',5,'ooc0D0Sd9bdgy-aHQ-Xt4wt92AUI',0),(233,'晁梦浩','男','37130220000722311X','3-631',5,'临沂市兰山区枣园镇欧亚达小区','汉族','软件开发','2000-07-22','http://www.yanyufanchen.com/public/uploads/1511421694.jpg','晁瑞林',NULL,'18306525298',NULL,NULL,NULL,'13791538738',NULL,NULL,NULL,'阳历',8,'ooc0D0bi4wCd8qGbqjASsF0JSLoE',0),(234,'张旭','男','371312200110216711','3-631',5,'山东省临沂市河东区汤头街道沙岭子村','汉族','软件开发','2001-10-21','http://www.yanyufanchen.com/public/uploads/1511421608.jpg','张树见',NULL,'18765397373',NULL,NULL,NULL,'15054976268',NULL,NULL,NULL,'阳历',1,'ooc0D0cBwR6dn2th5XGOwMAAt7gE',0),(235,'徐同欣','女','371312200010147149','1-606',5,'山东省临沂市河东区','汉族','软件开发','2000-10-14',NULL,'徐永晓',NULL,'18669445553',NULL,NULL,NULL,'15563235830',NULL,NULL,NULL,'阳历',3,'ooc0D0d2pBeRudDL8RMLL6TZopJw',0),(236,'王义晓','女','371312200004035124','1-607',5,'山东省临沂市河东区芝麻墩街道毛屯小区','汉族','软件开发','2000-02-29','http://www.yanyufanchen.com/public/uploads/1511422251.jpg','王乐福',NULL,'15106645321',NULL,NULL,NULL,'15266622216',NULL,NULL,NULL,'农历',6,'ooc0D0dG3JW97_nhvAA-ZX3TFkwg',0),(237,'徐同艳','女','371312200107237124','1-606',5,'山东省临沂市河东区汤头街道办事处','汉族','软件开发','2001-07-23','http://www.yanyufanchen.com/public/uploads/1511423090.jpg','徐永余',NULL,'15564941904',NULL,NULL,NULL,'13455927906',NULL,NULL,NULL,'阳历',7,'ooc0D0YnCfbyj3y7fnwrCVWjWvhE',0),(238,NULL,NULL,NULL,NULL,NULL,NULL,NULL,NULL,NULL,NULL,NULL,NULL,NULL,NULL,NULL,NULL,NULL,NULL,NULL,NULL,NULL,NULL,'ooc0D0f1xg20XKJ0xf8Ic_XEWePc',0),(239,NULL,NULL,NULL,NULL,NULL,NULL,NULL,NULL,NULL,NULL,NULL,NULL,NULL,NULL,NULL,NULL,NULL,NULL,NULL,NULL,NULL,NULL,'ooc0D0f1xg20XKJ0xf8Ic_XEWePc',0),(240,'王林哲','男','371202199911232910','3-506',5,'山东省莱芜市莱城区高庄街道办事处大北冶村','汉族','软件开发','1999-10-16','http://www.yanyufanchen.com/public/uploads/1511422338.jpg','王丰宝',NULL,'17661114578',NULL,NULL,NULL,'15063411398',NULL,NULL,NULL,'阳历',4,'ooc0D0QS3_h7jVCh7DT8rY8w6I88',0),(241,'朱文秀','女','371312200005047127','1-606',5,'山东省临沂市河东区汤头街道办事处','汉族','软件开发','2000-05-04','http://www.yanyufanchen.com/public/uploads/1511423108.jpg','朱孟奎',NULL,'17866684821',NULL,NULL,NULL,'15898795595',NULL,NULL,NULL,'阳历',5,'ooc0D0TAIQQunVOkCT2VghCW4uyU',0),(242,'冯步娟','女','371312200102056228','1-606',5,'临沂市河东区凤凰岭乡西李家埠村','汉族','软件开发','2001-01-13','http://www.yanyufanchen.com/public/uploads/1511423182.jpg','冯维江',NULL,'18265101852',NULL,NULL,NULL,'13563901085',NULL,NULL,NULL,'农历',4,'ooc0D0TRMesOdwHoQrvatqsrlvyA',0),(243,'郑士强','男','371312200009277114','3-628',5,'临沂市河东区汤头街道办事处董家官庄村','汉族','软件开发','2000-09-27','http://www.yanyufanchen.com/public/uploads/1511421826.jpg','郑文家',NULL,'13256594297',NULL,NULL,NULL,'13054910459',NULL,NULL,NULL,'阳历',2,'ooc0D0fNkdOA4vnsOS0R97Ec1WUE',0),(244,'张雪婷','女','371327200104185124','1-606',5,'临沂市莒南县坊前镇东川村','汉族','软件开发','2001-04-18',NULL,'张立化',NULL,'18105490952',NULL,NULL,NULL,'18254960972',NULL,NULL,NULL,'阳历',6,'ooc0D0W_i7RTYlUHNbm-kEGKXBPo',0),(245,'刘东','男','371325220001230301','3-628',5,'山东省临沂市罗庄高新区黄土堰村','汉族','软件开发','2000-12-30','http://www.yanyufanchen.com/public/uploads/1511421842.jpg','刘乃国',NULL,'13864954229',NULL,NULL,NULL,'18354923903',NULL,NULL,NULL,'阳历',7,'ooc0D0XEL7YPZS1t_HQ3Rovj3GxY',0),(246,'苗万谊','男','371312200006307111','3-631',5,'山东省,临沂市,河东区,汤头镇','汉族','软件开发','2000-06-30','http://www.yanyufanchen.com/public/uploads/1511422341.jpg','苗安军',NULL,'17664559941',NULL,NULL,NULL,'15094305894',NULL,NULL,NULL,'农历',7,'ooc0D0Wwz2hOoO_CobR6Twrb61fU',0),(247,'刘梦祥','男','371311200103284410','3-628',5,'山东省 临沂市 罗庄区 涧头村','汉族','软件开发','2001-03-28',NULL,'刘建峰',NULL,'18369595925',NULL,NULL,NULL,'13793928163',NULL,NULL,NULL,'阳历',1,'ooc0D0Yz_Sw2RHELSE46rg5Y89Fc',0),(249,'黄珂银','男','371312200002246219','3-506',5,'山东省临沂市河东区凤凰岭后兴旺','汉族','软件开发','2000-02-24','http://www.yanyufanchen.com/public/uploads/1511422742.jpg','许德芳',NULL,'15064939217',NULL,NULL,NULL,'13583977846',NULL,NULL,NULL,'阳历',8,'ooc0D0QUHSOqxCUK1Zm5Xx4tG7ps',0),(250,'李淑华','女','371312200011177120','1-606',5,'临沂市河东区汤头镇西南村','汉族','软件开发','2000-11-17',NULL,'李金光',NULL,'15554842897',NULL,NULL,NULL,'15064984153',NULL,NULL,NULL,'阳历',2,'ooc0D0e_kSaY2HfatNlM-9voC44U',0),(251,'李成文','男','371324200010177319','3-628',5,'山东省临沂市兰陵县向城镇于村','汉族','软件开发专业','2000-10-17',NULL,'李思成',NULL,'18353972162',NULL,NULL,NULL,'15866915246',NULL,NULL,NULL,'阳历',4,'ooc0D0XoE7FZxlkbpVmFnd1UUXbk',0),(252,'孟丽华','女','371302200103274021','1-607',5,'山东省临沂市兰山区义堂镇孟家行村','汉族','软件开发','2001-03-27','http://www.yanyufanchen.com/public/uploads/1511421795.jpg','孟祥涛',NULL,'13153962217',NULL,NULL,NULL,'18669305220',NULL,NULL,NULL,'阳历',3,'ooc0D0bNqNYdQTK42J8VYe13cXlM',0),(253,'李兆凯','男','371327200011274312','3-631',5,'日照市东港区荷塘月色小区','汉族','软件开发','2017-11-27',NULL,'秦绪丽',NULL,'18053983391',NULL,NULL,NULL,'13455019156',NULL,NULL,NULL,'阳历',3,'ooc0D0V8rJciJyefYx8ZlPYHJUz8',0),(254,'范飞亚','男','371324200009029415','3-628',5,'临沂市罗庄区沂堂镇前锋山村','汉族','软件开发','2000-09-02',NULL,'范国新',NULL,'13791539920',NULL,NULL,NULL,'13013554678',NULL,NULL,NULL,'农历',6,'ooc0D0Rs5OFscNzvjeGvtGzYtB8g',0),(255,'刘艳玉','女','371323200107012','1-410',6,'山东省临沂市沂水县姚店子镇烟家庄村','汉族','软件开发','2001-07-02','http://www.yanyufanchen.com/public/uploads/1511421765.jpg','刘勋田',NULL,'15552829045',NULL,NULL,NULL,'18660976955',NULL,NULL,NULL,'阳历',1,'ooc0D0SFOsGWj9jP-ODnbcIMDts4',0),(256,'李春辉','男','371302200110300814','3-631',5,'山东省临沂市兰山区后岗头村','汉族','软件开发','2001-10-30',NULL,'王立凤',NULL,'15069928991',NULL,NULL,NULL,'15552972939',NULL,NULL,NULL,'阳历',4,'ooc0D0SyyDZvI4ZTuDN11EU1JVPE',0),(257,'张术韩','男','372823196904100372','3-629',5,'山东省，临沂市，兰陵县，卞庄镇，柞城村','汉族','软件开发','2000-07-07',NULL,'张进山',NULL,'17568058576',NULL,NULL,NULL,'13792930896',NULL,NULL,NULL,'农历',8,'ooc0D0a6y6d5p2E6Ka5MLs7RB1lg',0),(258,'杨勇','男','371302200009241039','3-631',5,'兰山区解放路冠蒙时代花园','汉族','软件开发','2000-09-24','http://www.yanyufanchen.com/public/uploads/1511422669.jpg','杨传连',NULL,'18369570827',NULL,NULL,NULL,'15092387439',NULL,NULL,NULL,'农历',6,'ooc0D0Z3BkaU-bU_ac0N7Gq6TfXI',0),(259,'马群','男','371312200112055130','3-629',5,'临沂市开发区','汉族','软件开发','2001-10-21',NULL,'马丙生',NULL,'18265167990',NULL,NULL,NULL,'15963920028',NULL,NULL,NULL,'农历',5,'ooc0D0T60aGY4ZntXP8yyU75kyzQ',0),(260,NULL,NULL,NULL,NULL,NULL,NULL,NULL,NULL,NULL,NULL,NULL,NULL,NULL,NULL,NULL,NULL,NULL,NULL,NULL,NULL,NULL,NULL,'ooc0D0Wksg3RC3B8XOZ1J3g-dH3g',0),(261,'刘书源','男','371324200010013816','3-628',5,'山东省临沂市大仲村镇流井','汉族','软件开发','2000-10-01','http://www.yanyufanchen.com/public/uploads/1511422236.jpg','袁均芳',NULL,'13589695797',NULL,NULL,NULL,'13583999958',NULL,NULL,NULL,'阳历',8,'ooc0D0TmEb3kOReDO1EF4HpGoNjc',0),(262,'刘向通','男','371312200010246032','3-622',5,'山东省临沂市河东区汤河镇后东庄村','汉族','软件开发','2000-11-24',NULL,'刘洪华',NULL,'18753966508',NULL,NULL,NULL,'13608909290',NULL,NULL,NULL,'阳历',7,'ooc0D0X_YiGJ17h3xP9yQyDbVHZY',0),(263,'朱姝馨','女','632623200108010028','1-607',5,'青海省西宁市与梧桐路273号','汉族','软件开发','2001-08-01',NULL,'刘桂英',NULL,'17568014843',NULL,NULL,NULL,'13864956508',NULL,NULL,NULL,'阳历',1,'ooc0D0ci-D8ZhUUb3TdDQ7oCPfro',0),(264,'殷晓梅','女','371311199905192846','1-410',6,'临沂市罗庄区册山街道同庄','汉族','软件开发','1999-05-19','http://www.yanyufanchen.com/public/uploads/1511500486.jpg','朱爱玲',NULL,'18769917980',NULL,NULL,NULL,'13792948015',NULL,NULL,NULL,'阳历',8,'ooc0D0WnCpGMDm0AGOzDWIca9M0U',0),(265,'张建祥','男','371324200109070319','3-629',5,'临沂市兰陵县','汉族','软件开发','2001-07-20','http://www.yanyufanchen.com/public/uploads/1511422259.jpg','张宗强',NULL,'13884887474',NULL,NULL,NULL,'15315391620',NULL,NULL,NULL,'阳历',7,'ooc0D0fEk39RSrSVNbY2h_tC6E_I',0),(267,'林清飞','男','37132419960924325x','3-615',2,'山东省临沂市苍山县','汉族','PHP','1996-08-13','http://www.yanyufanchen.com/public/uploads/1511425312.jpg','林付行',NULL,'18615393245',NULL,NULL,NULL,'18615393245',NULL,NULL,NULL,'农历',7,'ooc0D0dv50vl0AU9Wjgw5me7DqQs',0),(268,'崔金栋','男','371321199703184218','3-617',2,'山东省临沂市','汉族','软件开发','1997-03-18',NULL,'崔世波',NULL,'13082653166',NULL,NULL,NULL,'18653907851',NULL,NULL,NULL,'阳历',3,'ooc0D0Q_M3sGA5JM4Jpb5SELpbmc',0),(269,'张东升','男','371311199611213154','3-617',2,'罗庄','汉族','软件开发','2017-11-21',NULL,'田静',NULL,'15563239095',NULL,NULL,NULL,'15563239095',NULL,NULL,NULL,'阳历',2,'ooc0D0R5vHUoPWqvCk7zQGfIBRbU',0),(270,NULL,NULL,NULL,NULL,NULL,NULL,NULL,NULL,NULL,NULL,NULL,NULL,NULL,NULL,NULL,NULL,NULL,NULL,NULL,NULL,NULL,NULL,'ooc0D0XHsuyrvTxkef0QBvhkB_Es',0),(271,'张成龙','男','371322199610035412','3-618',4,'郯城','汉族','软件','1997-02-14',NULL,'张吉伟',NULL,'15020973379',NULL,NULL,NULL,'',NULL,NULL,NULL,'阳历',2,'ooc0D0WAGrH9ANyQDbtACCjiHUfE',0),(272,'刘鑫隆','男','37131219971101671X','3-626',3,'山东省临沂市河东区太平镇大刘寨村','汉族','16级设计','1997-11-01',NULL,'刘士伟',NULL,'15653917889',NULL,NULL,NULL,'18669992177',NULL,NULL,NULL,'阳历',6,'ooc0D0ZnPcFz0OQSch813CRzK624',0),(273,'李鑫','男','371324199809081910','3-624',3,'山东省临沂市苍山县磨山镇西石良村','汉族','16设计班','1998-09-08',NULL,'李金红',NULL,'18315716643',NULL,NULL,NULL,'13508995780',NULL,NULL,NULL,'阳历',2,'ooc0D0W_IPWOkiYPbxvxICy0SkB8',0),(274,'孙昊','男','371311200009203119','3-622',3,'山东省临沂市罗庄区朱陈街道 阳光名居','汉族','16级设计班','2000-09-20',NULL,'张晓娟',NULL,'17664663452',NULL,NULL,NULL,'15020967672',NULL,NULL,NULL,'阳历',5,'ooc0D0WtewbS4M3xpu7ixWvFgZes',0),(275,'杜贵友','男','371322199802170715','3-624',3,'山东省临沂市郯城县马头镇','汉族','设计','1998-02-17',NULL,'杜文生',NULL,'13280578367',NULL,NULL,NULL,'13153953641',NULL,NULL,NULL,'农历',5,'ooc0D0SfKFi_Ax42baaXPRjJJJWc',0),(276,'王豪','男','371324199710060319','3-622',3,'山东省临沂市兰陵县','汉族','16级设计','1997-10-06','http://www.yanyufanchen.com/public/uploads/1511427196.jpg','张步芳',NULL,'17185343424',NULL,NULL,NULL,'15263916640',NULL,NULL,NULL,'阳历',4,'ooc0D0Sa6Yp4o1E2gb8k_UawePLw',0),(277,'胡锦勋','男','371312199911207115','3-625',3,'山东省临沂市河东区汤头街道东北村','汉族','16级设计','1999-11-20',NULL,'胡照强',NULL,'15725774848',NULL,NULL,NULL,'13953980565',NULL,NULL,NULL,'阳历',5,'ooc0D0dVuPXNi6bpgcF70JWRdxNU',0),(278,'张小雪','女','37132420000119642X','1-604',3,'山东省临沂市兰陵县兰陵镇韩塘','汉族','设计','2000-01-19',NULL,'张夫民',NULL,'15964800114',NULL,NULL,NULL,'15966418287',NULL,NULL,NULL,'阳历',1,'ooc0D0Taz4GsysIZnHboaQSS_FxA',0),(279,'张冰','男','371325199912031213','3-625',3,'山东省临沂市费县薛庄镇胜良村','汉族','16设计班','1999-12-03',NULL,'张凤岭',NULL,'17753917152',NULL,NULL,NULL,'13954997723',NULL,NULL,NULL,'阳历',6,'ooc0D0TaHIeEv6FRlpOjlMGae7M4',0),(280,'于明辉','男','371322199902086131','3-625',3,'上东省临沂市郯城县高峰头镇于圩子村','汉族','软件开发','1999-02-08',NULL,'于夫遵',NULL,'17753948210',NULL,NULL,NULL,'15564201882',NULL,NULL,NULL,'阳历',4,'ooc0D0SanST39u7DSm1hm-eloWYA',0),(281,'高文达','男','371312199807146973','3-627',3,'山东省临沂市河东区八湖镇解位林村','汉族','设计','1998-07-14','http://www.yanyufanchen.com/public/uploads/1511427364.jpg','高立明',NULL,'17660552752',NULL,NULL,NULL,'13082668707',NULL,NULL,NULL,'农历',4,'ooc0D0WKRusAvcf_AX7cXudVS_Wc',0),(282,NULL,NULL,NULL,NULL,NULL,NULL,NULL,NULL,NULL,NULL,NULL,NULL,NULL,NULL,NULL,NULL,NULL,NULL,NULL,NULL,NULL,NULL,'ooc0D0SVaPzLVAc-wyXDb_nNqxr0',0),(283,'孟小涵','女','371325199711160545','1-605',3,'山东省临沂市费县费城街道西洪沟村','汉族','16级设计班','1997-11-16',NULL,'李明美',NULL,'15864865106',NULL,NULL,NULL,'15216517320',NULL,NULL,NULL,'阳历',8,'ooc0D0dlgMryXYqZ9CxGQlME1ElI',0),(284,'侯祥','男','371322199803146135','3-627',3,'山东省临沂市郯城县高峰头镇前高头二村','汉族','16级设计班','1998-03-14',NULL,'侯安彬',NULL,'15588021816',NULL,NULL,NULL,'13287149205',NULL,NULL,NULL,'阳历',5,'ooc0D0dfRpqmRCR7qs1YhJ1zx81M',0),(285,'陈建铭','男','371324199702170016','3-627',3,'山东省临沂市兰陵县','汉族','设计','1997-02-07',NULL,'陈向伟',NULL,'18300456369',NULL,NULL,NULL,'13573977779',NULL,NULL,NULL,'阳历',7,'ooc0D0aYj667eCOJ9HZ0IKc91KMU',0),(286,'荣晴晴','女','372928199805067424','1-605',3,'山东省菏泽市郓城县张鲁集乡蒋李荣村','汉族','16级设计','1998-05-06',NULL,'荣虎成',NULL,'17861654358',NULL,NULL,NULL,'17152213379',NULL,NULL,NULL,'阳历',6,'ooc0D0ToYS0cDGs2EsDXsGamF678',0),(287,'王慧','女','371325199711044720','1-603',3,'山东省临沂市费县探沂镇西王官疃村','汉族','16级设计班','1997-11-04',NULL,'王洪强',NULL,'18669669298',NULL,NULL,NULL,'13869907025',NULL,NULL,NULL,'阳历',8,'ooc0D0accupolLxnWAGq_4V4wMfM',0),(288,'王姝月','女','371324199805144021','1-605',3,'山东省临沂市兰陵县车辋镇宝山窝村','汉族','16级设计班','1998-05-14',NULL,'王永得',NULL,'17664562770',NULL,NULL,NULL,'18354494238',NULL,NULL,NULL,'阳历',4,'ooc0D0WLOfxD-R8is393cXLhXIuM',0),(289,'王生勤','男','371323200004147515','3-622',3,'山东省临沂市','汉族','软件','2000-04-14',NULL,'13562970772',NULL,'15762927557',NULL,NULL,NULL,'',NULL,NULL,NULL,'阳历',6,'ooc0D0eJ9mIvcj-Y6Z9AQrpRYRcE',0),(291,NULL,NULL,NULL,NULL,NULL,NULL,NULL,NULL,NULL,NULL,NULL,NULL,NULL,NULL,NULL,NULL,NULL,NULL,NULL,NULL,NULL,NULL,'ooc0D0QSvkpxK8IJ2iG6w1gquoj4',0),(292,'sym','男','371324199908245634','3-625',3,'山东省临沂市兰陵县向城镇梧桐村','汉族','16级设计班','1999-08-24',NULL,'岳爱彩',NULL,'17753950041',NULL,NULL,NULL,'13140885852',NULL,NULL,NULL,'阳历',1,'ooc0D0VcTEG4KMvFpkXXggHaE_vI',0),(293,'张倩','女','371312199907085143','1-603',3,'山东省临沂市河东区','汉族','16级设计班','1999-07-08',NULL,'张庆礼',NULL,'18315791473',NULL,NULL,NULL,'13792980140',NULL,NULL,NULL,'农历',2,'ooc0D0b1RxFKoBEIi8a7s1XNM8-E',0),(294,NULL,NULL,NULL,NULL,NULL,NULL,NULL,NULL,NULL,NULL,NULL,NULL,NULL,NULL,NULL,NULL,NULL,NULL,NULL,NULL,NULL,NULL,'ooc0D0T7NThSflS25GWeGoIoNJYU',0),(295,NULL,NULL,NULL,NULL,NULL,NULL,NULL,NULL,NULL,NULL,NULL,NULL,NULL,NULL,NULL,NULL,NULL,NULL,NULL,NULL,NULL,NULL,'ooc0D0UVErwbf9Kfuxq3RbXLeH5U',0),(296,'郑晓静','女','371322199702277523','1-603',3,'山东省临沂市郯城县泉源乡后段宅村','汉族','16级设计班','1997-02-27',NULL,'郑桂言',NULL,'18265971611',NULL,NULL,NULL,'15153958217',NULL,NULL,NULL,'阳历',3,'ooc0D0UX12Y5k6iH4U2U9UmZzWlQ',0),(297,'李建龙','男','371311200001283417','3-627',3,'山东省临沂市罗庄区付庄办事处前屯村','汉族','设计','2000-01-28',NULL,'徐之梅',NULL,'17686985712',NULL,NULL,NULL,'15065920326',NULL,NULL,NULL,'阳历',8,'ooc0D0Zce64M2RQwfEdvt1Frp5bE',0),(298,'葛西山','男','371322199805053418','3-624',3,'山东省临沂市郯城县付桥村','汉族','设计','1998-05-05',NULL,'葛振强',NULL,'17661113094',NULL,NULL,NULL,'15961541768',NULL,NULL,NULL,'阳历',3,'ooc0D0cJ32tzfcH7QnJWJ5OQ6XzA',0),(299,NULL,NULL,NULL,NULL,NULL,NULL,NULL,NULL,NULL,NULL,NULL,NULL,NULL,NULL,NULL,NULL,NULL,NULL,NULL,NULL,NULL,NULL,'ooc0D0UjMu33CBZgT8gr5seE3sxQ',0),(300,'侯宗彬','男','371324199711152418','3-627',3,'山东省临沂市苍山县神山镇','汉族','设计','1997-11-15',NULL,'侯庆友',NULL,'15020931902',NULL,NULL,NULL,'18263952293',NULL,NULL,NULL,'农历',3,'ooc0D0QPlS4arAfCJbit_X4eRJgE',0),(301,'侯秀图','男','371324199703184313','3-621',3,'临沂市兰陵县车辋镇沙沟村','汉族','16级设计','1997-03-18',NULL,'侯灯学',NULL,'18764931834',NULL,NULL,NULL,'15221616335',NULL,NULL,NULL,'阳历',1,'ooc0D0VnQHJek4HNxsslofZwQWcw',0),(302,'彭云龙','男','371324200011135612','3-627',3,'山东省临沂市兰陵县向城镇','汉族','设计','2000-11-13',NULL,'彭家军',NULL,'13210669943',NULL,NULL,NULL,'15563287833',NULL,NULL,NULL,'阳历',6,'ooc0D0aFW5SBsIeQgSIjWik_qJ1U',0),(303,'张玲','女','371312199711026088','1-603',3,'山东省临沂市河东区汤河镇东李湖村','汉族','16级设计班','1997-11-02',NULL,'庞学松',NULL,'15853840602',NULL,NULL,NULL,'15864898641',NULL,NULL,NULL,'阳历',7,'ooc0D0XJ3pz_nuLVqs4Dv2F7RFG8',0),(304,NULL,NULL,NULL,NULL,NULL,NULL,NULL,NULL,NULL,NULL,NULL,NULL,NULL,NULL,NULL,NULL,NULL,NULL,NULL,NULL,NULL,NULL,'ooc0D0SOffh6w3gTlSONVkVCV3XA',0),(305,NULL,NULL,NULL,NULL,NULL,NULL,NULL,NULL,NULL,NULL,NULL,NULL,NULL,NULL,NULL,NULL,NULL,NULL,NULL,NULL,NULL,NULL,'ooc0D0fwcW1jkY6fo_wqLl3IoZ0Q',0),(306,'杨峥','女','330184199707200621','1-604',3,'浙江','汉族','设计','1997-07-20',NULL,'杨建平',NULL,'17568025716',NULL,NULL,NULL,'13065703597',NULL,NULL,NULL,'阳历',7,'ooc0D0Rl7i_U-0p-BVPTwF3XsmMk',0),(307,NULL,NULL,NULL,NULL,NULL,NULL,NULL,NULL,NULL,NULL,NULL,NULL,NULL,NULL,NULL,NULL,NULL,NULL,NULL,NULL,NULL,NULL,'ooc0D0fEdD8d67_N3xMzsY9Dwhqw',0),(308,'石仕刚','男','371312200106177131','3-629',5,'山东省临沂市河东区汤头镇石家五湖村','汉族','软件开发','2001-06-17','http://www.yanyufanchen.com/public/uploads/1511428447.jpg','石洪传',NULL,'18353972760',NULL,NULL,NULL,'15163929325',NULL,NULL,NULL,'阳历',2,'ooc0D0UsWs9k2BrLGf18ZFgE-r7U',0),(309,'吴士林','男','371324199806123230','3-615',2,'山东省临沂市兰陵县金岭镇莲子汪村','汉族','软件','1998-06-12',NULL,'吴清银',NULL,'15253985415',NULL,NULL,NULL,'18265978551',NULL,NULL,NULL,'阳历',5,'ooc0D0VSia0O1o3ElEhg9euDI_ug',0),(310,'宋盼盼','女','372928199911067428','1-605',3,'山东省菏泽市郓城县张鲁集乡南李楼村','汉族','16级设计班','1999-11-06',NULL,'宋海燕',NULL,'17076160047',NULL,NULL,NULL,'15275093154',NULL,NULL,NULL,'阳历',2,'ooc0D0UPNORV-V2nhuGbvmQ8LbvY',0),(311,NULL,NULL,NULL,NULL,NULL,NULL,NULL,NULL,NULL,NULL,NULL,NULL,NULL,NULL,NULL,NULL,NULL,NULL,NULL,NULL,NULL,NULL,'ooc0D0WHpFfl4Vg4fBwml1GShwU0',0),(312,'石振友','男','371312200011187150','3-629',5,'山东省临沂市河东区汤头街道石家五湖','汉族','软件开发','2000-11-18',NULL,'石效涛',NULL,'15263950728',NULL,NULL,NULL,'13969905385',NULL,NULL,NULL,'阳历',1,'ooc0D0W3Q6gZxB0z5MiaDXA1j_18',0),(313,NULL,NULL,NULL,NULL,NULL,NULL,NULL,NULL,NULL,NULL,NULL,NULL,NULL,NULL,NULL,NULL,NULL,NULL,NULL,NULL,NULL,NULL,'ooc0D0WrSDu4YQ1BvMSLkrl7JfnU',0),(314,'何晓静','女','371311199807012821','1-605',3,'山东省临沂市罗庄区册山镇围梓村','汉族','16级设计班','1998-07-01',NULL,'何玉石',NULL,'18764932587',NULL,NULL,NULL,'15244375255',NULL,NULL,NULL,'阳历',1,'ooc0D0T-ytCeUUKwj9kU-90ufY1M',0),(315,'赵莞娣','女','371324199712271523','1-605',3,'山东省苍山县长城镇西王庄村','汉族','16级设计班','1997-12-27',NULL,'胡小伟',NULL,'18396705876',NULL,NULL,NULL,'18369340699',NULL,NULL,NULL,'阳历',3,'ooc0D0QWY0Zji7ZtbCZ3gJ7qT6Wc',0),(316,'王晓迎','女','371321199912315827','1-607',3,' ','汉族','16级设计','1999-12-31',NULL,'王建强',NULL,'15554998810',NULL,NULL,NULL,'15589117738',NULL,NULL,NULL,'阳历',2,'ooc0D0dbevpfwhJSTZPNtna87KLk',0),(317,'贾祺敏','女','371302199908311429','1-604',3,'山东省临沂市兰山区金雀山办事处南坛居委','汉族','软件开发','1996-08-31',NULL,'王玉兰',NULL,'13407650032',NULL,NULL,NULL,'15964822088',NULL,NULL,NULL,'阳历',4,'ooc0D0YHwoNcbybHDP6fMhVqX2F4',0),(318,NULL,NULL,NULL,NULL,NULL,NULL,NULL,NULL,NULL,NULL,NULL,NULL,NULL,NULL,NULL,NULL,NULL,NULL,NULL,NULL,NULL,NULL,'ooc0D0TqabSNk-mAOsX0V0rrIaCk',0),(319,'耿守凤','女','371321199708111122','1-605',3,'山东省临沂市沂南县马牧池乡张家峪子村','汉族','设计','1997-08-11',NULL,'刘成香',NULL,'17854964133',NULL,NULL,NULL,'13563967281',NULL,NULL,NULL,'阳历',5,'ooc0D0TEnuyiyUr9XKIwn-07hXLg',0),(320,NULL,NULL,NULL,NULL,NULL,NULL,NULL,NULL,NULL,NULL,NULL,NULL,NULL,NULL,NULL,NULL,NULL,NULL,NULL,NULL,NULL,NULL,'ooc0D0a2ZC9VCJFdzZOeLLHMdE8M',0),(321,'赵书慧','女','371327199807234329','1-607',3,'山东省临沂市莒南县朱芦镇赵家土山村','汉族','2016级设计','1998-07-23',NULL,'赵中胜',NULL,'15589072622',NULL,NULL,NULL,'15065928366',NULL,NULL,NULL,'阳历',4,'ooc0D0bzBAJAeC2MCN15EI4jOE98',0),(322,NULL,NULL,NULL,NULL,NULL,NULL,NULL,NULL,NULL,NULL,NULL,NULL,NULL,NULL,NULL,NULL,NULL,NULL,NULL,NULL,NULL,NULL,'ooc0D0aeZ6AEK3hAMgcIhJHKDyLQ',0),(323,'孙启芳','女','371311200110082841','1-412',10,'临沂市罗庄区册山办事处后村','汉族','软件开发','2001-10-08',NULL,'孙龙洲',NULL,'15064938900',NULL,NULL,NULL,'15863962208',NULL,NULL,NULL,'阳历',5,'ooc0D0cgpLJMUoQ4Luubpd_qdM24',0),(324,'栗晓华','男','371324200103101575','3-609',10,'山东省临沂市兰陵县长城镇前王庄村','汉族','软件开发','2001-03-10','http://www.yanyufanchen.com/public/uploads/1511439173.jpg','栗茂虎',NULL,'15253964736',NULL,NULL,NULL,'15215396962',NULL,NULL,NULL,'阳历',3,'ooc0D0Zgtoe1_EXaYAB_51Mut4W8',0),(325,'张宗杰','男','371311200208184416','3-609',10,'山东省临沂市罗庄区罗西街道办事处东石埠村','汉族','软件开发部','2002-08-18',NULL,'张向银',NULL,'13455952393',NULL,NULL,NULL,'13869923992',NULL,NULL,NULL,'阳历',8,'ooc0D0QOByH9EN0TCIegDW-AnxKM',0),(326,'孙龙','男','371323200206250817','3-610',10,'山东省临沂市沂水县前石良社区','汉族','软件部','2002-06-25',NULL,'闫曾英',NULL,'18396752595',NULL,NULL,NULL,'15163999498',NULL,NULL,NULL,'农历',1,'ooc0D0Ztbc2PuwQfQAA7PJVOfaBI',0),(327,'郭红兴','男','37132520020324123x','3-608',10,'山东省临沂市罗庄区通达路与双龙路交汇香樟园四号楼二单元','汉族','软件开发','2002-03-24','http://www.yanyufanchen.com/public/uploads/1511442989.jpg','张凤环',NULL,'15192816857',NULL,NULL,NULL,'15065396953',NULL,NULL,NULL,'阳历',6,'ooc0D0TBrHgm4ec-w1cAcYdjr14g',0),(328,'田国龙','男','371321200202125813','3-623',10,'山东省临沂市沂南县蒲汪镇马家拐头村','汉族','软件开发','2002-02-12','http://www.yanyufanchen.com/public/uploads/1511439379.jpg','孟祥苗',NULL,'13666393403',NULL,NULL,NULL,'15550993269',NULL,NULL,NULL,'阳历',6,'ooc0D0UqY8pd_3pTTn_1y5kaWYIs',0),(329,'王旭','男','371322200208317919','3-610',10,'山东省临沂市郯城县庙山镇吕村','汉族','软件开发','2002-07-23',NULL,'王美才',NULL,'15588041303',NULL,NULL,NULL,'13583913905',NULL,NULL,NULL,'阳历',4,'ooc0D0SVUrV-O9bbLMjPfXksFiZ4',0),(330,'王宝强','男','371312200012287110','3-623',10,'山东省临沂市河东区汤头街道办事处王家五湖村','汉族','软件开发','2017-12-28','http://www.yanyufanchen.com/public/uploads/1511439880.jpg','王维排',NULL,'15216564437',NULL,NULL,NULL,'13666393517',NULL,NULL,NULL,'农历',7,'ooc0D0W8S3QepmmYeSVIJqB3NTZE',0),(331,'张英豪','男','371324200208301119','3-609',10,'山东省临沂市苍山县兰陵镇蔡庙村','汉族','软件','2002-08-30','http://www.yanyufanchen.com/public/uploads/1511440129.jpg','段俊美',NULL,'15552960343',NULL,NULL,NULL,'18653903922',NULL,NULL,NULL,'农历',5,'ooc0D0eWzWlrPgWZPVpyKkOLPcHc',0),(332,'李勇','男','371323200107262812','3-610',10,'山东临沂，沂水金梦圆小区','汉族','软件开发','2001-07-26',NULL,'邱维玉',NULL,'17861654439',NULL,NULL,NULL,'13686395958',NULL,NULL,NULL,'阳历',2,'ooc0D0YkOkRH16KNrwpq-TsNhaGM',0),(333,'石绍辉','男','371302200205011038','3-610',10,'山东省临沂市北城新区卧龙嘉苑5号楼3单元201','汉族','软件开发','2002-05-01',NULL,'焦金霞',NULL,'13395490572',NULL,NULL,NULL,'13255399885',NULL,NULL,NULL,'阳历',7,'ooc0D0b1gjM4bJxfjkQvbdrT8FZU',0),(334,'刘志国','男','371324200303070312','3-609',10,'山东省 临沂市 兰陵县 卞庄镇 柞城村','汉族','软件开发','2003-02-05',NULL,'刘涛',NULL,'18353910965',NULL,NULL,NULL,'15806917768',NULL,NULL,NULL,'阳历',4,'ooc0D0W8Eu168r18kI9mpZICzfg4',0),(335,'吴士博','男','371324200203090313','3-507',8,'山东省临沂市兰陵县芦柞镇南哨村','汉族','软件开发','2002-07-09',NULL,'李冬英',NULL,'17568048857',NULL,NULL,NULL,'15163942287',NULL,NULL,NULL,'阳历',7,'ooc0D0Qz1E0rrP8DX319TIGuBOUM',0),(336,'郑冉冉','女','371324200202150049','1-409',10,'山东省临沂市苍山县卞庄街道大新庄','汉族','软件部','2002-02-15',NULL,'郑瑞海',NULL,'15725491051',NULL,NULL,NULL,'13583906999',NULL,NULL,NULL,'阳历',8,'ooc0D0dlp6i2QDToVH5hijMdMuZA',0),(337,'周桥','男','370602200204214314','3-623',10,'山东省，临沂市，兰山区，柳青街道，南坊新区，武汉路与茶山路交叉口，金城溪园。','汉族','软件开发','2002-04-21',NULL,'周缘',NULL,'18660924111',NULL,NULL,NULL,'18315736111',NULL,NULL,NULL,'阳历',2,'ooc0D0eQ8wtTskgCjIn1i7RV3TTU',0),(338,'王长城','男','371302200207022216','3-623',10,'山东省 临沂市 兰山区 李官镇 本沂村','汉族','软件部','2002-07-02',NULL,'王业松',NULL,'13616496632',NULL,NULL,NULL,'13685498633',NULL,NULL,NULL,'阳历',5,'ooc0D0YkppzvrRRX_4LGADEGhwPY',0),(339,'张传万','男','371327200110300918','3-623',10,'山东省临沂市莒南县坪上镇三和居社区','汉族','软件开发','2001-10-30','http://www.yanyufanchen.com/public/uploads/1511443559.jpg','张纪兵',NULL,'17568071256',NULL,NULL,NULL,'14768413580',NULL,NULL,NULL,'阳历',1,'ooc0D0VabeuLTkoTqfrel0qaFnRo',0),(340,'王欣然','女','371321200212134246','1-409',10,'山东省临沂市河东区汤头街道王家小岭村','汉族','软件开发','2002-12-13',NULL,'王永杰',NULL,'17866682250',NULL,NULL,NULL,'13793913511',NULL,NULL,NULL,'阳历',2,'ooc0D0cY44ntauFTnVJUMCtLSfX8',0),(341,'闫子达','男','37132720001011275X','3-507',10,'临沂市莒南县岭泉镇大圣堂村','汉族','软件开发','2000-10-11',NULL,'闫金栋',NULL,'18254903289',NULL,NULL,NULL,'15762072637',NULL,NULL,NULL,'阳历',5,'ooc0D0f2RtrG5Dxo4U_zQPLZfEkY',0),(342,'张强','男','371321200103276114','3-623',10,'山东省沂南县蒲汪镇龙角庄子村','汉族','软件开发','2001-03-27','http://www.yanyufanchen.com/public/uploads/1511489339.jpg','张永富',NULL,'13616498818',NULL,NULL,NULL,'13884889738',NULL,NULL,NULL,'阳历',8,'ooc0D0cp5Wyw3LZjBoLTSDLfxKdQ',0),(343,'王焱','男','371324200201251112','3-610',10,'山东省临沂市兰陵县兰陵镇顺墩村','汉族','软件开发','2002-01-25',NULL,'王飞',NULL,'17568074094',NULL,NULL,NULL,'15851009466',NULL,NULL,NULL,'阳历',8,'ooc0D0d3tA0o-66qF2iZiDeEPEpQ',0),(344,'冯立凡','男','371321200111233130','3-608',10,'山东省临沂市沂南县青驼镇冯家湖村159号','汉族','软件开发','2001-11-23','http://www.yanyufanchen.com/public/uploads/1511439628.jpg','冯其勇',NULL,'17661602359',NULL,NULL,NULL,'13280592102',NULL,NULL,NULL,'阳历',1,'ooc0D0WTqTEHWql-wTJA-_5nqT6Q',0),(345,'张孝菲','女','37132420020406382x','1-409',10,'山东省临沂市兰陵县卞庄镇卞庄镇政府后面','汉族','软件开发','2002-04-06',NULL,'张步光',NULL,'18354438835',NULL,NULL,NULL,'15020331269',NULL,NULL,NULL,'阳历',4,'ooc0D0VLoKE52PCkFwGlCG4B6yaE',0),(346,'付宇','男','371324200112054731','3-610',10,'山东省临沂市兰山区八一路239号铁路新村','汉族','软件开发','2002-12-05','http://www.yanyufanchen.com/public/uploads/1511440029.jpg','付成龙',NULL,'15318517882',NULL,NULL,NULL,'‭137 5823 0',NULL,NULL,NULL,'农历',3,'ooc0D0fP2Jw0kNos-RXHPwvq6Ijw',0),(347,'刘旭','男','371325200208010916','3-609',10,'山东省临沂市费县探沂镇英家疃村','汉族','软件开发','2002-08-01',NULL,'刘国义',NULL,'18854953533',NULL,NULL,NULL,'13953908057',NULL,NULL,NULL,'阳历',2,'ooc0D0b7ATX0vNYmFAOO1xW_Omeo',0),(348,'赵兰超','男','371327200112020012','3-609',10,'临沂市莒南县十字路镇东芦家林','汉族','软件开发','2001-12-02',NULL,'赵桂民',NULL,'15762039217',NULL,NULL,NULL,'18264906918',NULL,NULL,NULL,'阳历',7,'ooc0D0aSjNBck_kpsSxVnjiDJOrc',0),(349,'赵兰超','男','371327200112020012','3-609',10,'临沂市莒南县十字路镇东芦家林','汉族','软件开发','2001-12-02',NULL,'赵桂民',NULL,'15762039217',NULL,NULL,NULL,'18264906918',NULL,NULL,NULL,'阳历',7,'ooc0D0aSjNBck_kpsSxVnjiDJOrc',0),(350,'薛洋','男','371312200110055356','3-608',10,'山东省临沂市经济开发区朝阳街道天齐庙村','汉族','软件开发','2001-10-05',NULL,'胡晓倩',NULL,'13235399622',NULL,NULL,NULL,'13562902038',NULL,NULL,NULL,'阳历',3,'ooc0D0d0M7DNlkK4PGPSTF3Fszmg',0),(351,'张洁','女','371327200108083723','1-409',10,'莒南县十字路街道西关居','汉族','软件','2001-08-08','http://www.yanyufanchen.com/public/uploads/1511440399.jpg','张永村',NULL,'18396769017',NULL,NULL,NULL,'15094714068',NULL,NULL,NULL,'阳历',5,'ooc0D0cQnnpvxZ6A9vaKC6rUiUSI',0),(352,'王海莹','女','371321200208030620','1-409',10,'山东省临沂市沂南县依汶镇小安子村','汉族','软件开发','2002-08-03','http://www.yanyufanchen.com/public/uploads/1511488905.jpg','王西合',NULL,'15106618499',NULL,NULL,NULL,'15216433732',NULL,NULL,NULL,'阳历',1,'ooc0D0WfclBSMMbloAzQzqrmEjz0',0),(353,'王中安','男','371312200002287117','3-622',5,'山东省临沂市河东区汤头镇王五湖村','汉族','软件开发','2017-11-24',NULL,'王希庆',NULL,'15106691120',NULL,NULL,NULL,'15615175229',NULL,NULL,NULL,'阳历',3,'ooc0D0XmOas7V5UTlwpCmk1XIo8Q',0),(354,'苏运贞','女','371323200108234047','1-409',10,'山东省临沂市沂水县许家湖镇烟家庄村','汉族','软件开发','2001-08-23',NULL,'苏德恒',NULL,'15069982286',NULL,NULL,NULL,'15020988348',NULL,NULL,NULL,'阳历',7,'ooc0D0Zj1AZBPlXJ4_qCAoz9pQIo',0),(355,'高维良','男','371322200107114936','3-608',10,'临沂市河东区伊丽莎白东岸','汉族','软件开发','2001-05-21',NULL,'高超群',NULL,'15216542824',NULL,NULL,NULL,'13562984921',NULL,NULL,NULL,'阳历',4,'ooc0D0YoajXc7H0RPiZT9vPQ_z3c',0),(356,'朱孟嘉','女','371312200209027128','1-609',10,'山东省临沂市河东区汤头街道朱家五湖村','汉族','软件开发','2002-09-02',NULL,'朱孔瑞',NULL,'13127290108',NULL,NULL,NULL,'13705396130',NULL,NULL,NULL,'阳历',5,'ooc0D0dV0914mR4ITPOTzUMmLidk',0),(357,NULL,NULL,NULL,NULL,NULL,NULL,NULL,NULL,NULL,NULL,NULL,NULL,NULL,NULL,NULL,NULL,NULL,NULL,NULL,NULL,NULL,NULL,'ooc0D0U0kwbjuc25Cr14jr94eCf8',0),(358,'徐萍梅','女','371327200205242749','1-409',10,'山东省临沂市莒南县岭泉镇后坐山村','苗族','软件部','2002-05-24',NULL,'徐志远',NULL,'15864872844',NULL,NULL,NULL,'15244359128',NULL,NULL,NULL,'阳历',2,'ooc0D0dIGbTn2CWqzpJkCOQvZ1j4',0),(359,NULL,NULL,NULL,NULL,NULL,NULL,NULL,NULL,NULL,NULL,NULL,NULL,NULL,NULL,NULL,NULL,NULL,NULL,NULL,NULL,NULL,NULL,'ooc0D0YVYi5cl3Zo8Fnii4jjOQqU',0),(360,NULL,NULL,NULL,NULL,NULL,NULL,NULL,NULL,NULL,NULL,NULL,NULL,NULL,NULL,NULL,NULL,NULL,NULL,NULL,NULL,NULL,NULL,'ooc0D0RiXlWcghTB07CqipB2gdRg',0),(361,'高立雨','女','371312200011146922','1-603',3,'山东省临沂市河东区八湖镇高柴河村','汉族','设计','2000-11-14','http://www.yanyufanchen.com/public/uploads/1511487755.jpg','高振全',NULL,'15725782210',NULL,NULL,NULL,'13884899213',NULL,NULL,NULL,'阳历',5,'ooc0D0c1jXsKeXWbaUX-ZQ2sVGb8',0),(362,'刘通','男','371324199912014935','3-506',7,'兰陵县','汉族','软件开发','1999-12-01',NULL,'刘成兵',NULL,'1885394097',NULL,NULL,NULL,'13562931087',NULL,NULL,NULL,'阳历',3,'ooc0D0fr8LpiI4MJ-3ZI3ZrrCQIs',0),(363,'孙启超','男','371324200202271131','3-623',10,'山东省临沂市苍山县兰陵镇西横沟崖村','汉族','软件开发','2002-02-27','http://www.yanyufanchen.com/public/uploads/1511499550.jpg','孙中奎',NULL,'17861685216',NULL,NULL,NULL,'13805498283',NULL,NULL,NULL,'阳历',3,'ooc0D0Q9MzuV6OZK4EZxoEAZwPXM',0),(364,'王艳','女','371324200208102427','1-608',11,'兰陵县 神山镇青竹官庄','汉族','美容美发','2002-08-24','http://www.yanyufanchen.com/public/uploads/1511500511.jpg','王玉宽',NULL,'15266678113',NULL,NULL,NULL,'15266678113',NULL,NULL,NULL,'阳历',7,'ooc0D0XL5CpnQIfetFUQ-5l9rGkI',0),(365,'王春秀','女','371312200206187126','1-608',11,'山东省临沂市河东区汤头镇西山东村','汉族','美容美发与造型化妆','2002-06-18','http://www.yanyufanchen.com/public/uploads/1511500969.jpg','王永山',NULL,'18754993605',NULL,NULL,NULL,'13468206292',NULL,NULL,NULL,'阳历',6,'ooc0D0aXsvkA557hRpSon0Dzre4M',0),(366,'方欣','女','371324200201189427','1-609',11,'沂堂','汉族','美容美发与化妆造型专','2002-01-18','http://www.yanyufanchen.com/public/uploads/1511500664.jpg','方广华',NULL,'18764968729',NULL,NULL,NULL,'15254987086',NULL,NULL,NULL,'阳历',3,'ooc0D0Rl3-yYcnJCCAzHvBSz83Ns',0),(367,'王锦慧','女','37132420021218244x','3-608',11,'兰陵县神山镇青竹官庄','汉族','美容美发与造型设计','2002-11-15','http://www.yanyufanchen.com/public/uploads/1511500775.jpg','王锋雅',NULL,'15589074731',NULL,NULL,NULL,'15589074731',NULL,NULL,NULL,'农历',6,'ooc0D0aBlgxgMjLneLGtqM48yZy8',0),(368,'张琳琳','女','371327200201205123','1-608',11,'山东省临沂市莒南县坊前镇','汉族','美容美发与化妆传业','2002-01-20','http://www.yanyufanchen.com/public/uploads/1511500964.jpg','张宗凯',NULL,'15054956021',NULL,NULL,NULL,'13589657021',NULL,NULL,NULL,'农历',2,'ooc0D0UNzHenyBNhZe-Ktc5aG4yg',0),(369,'朱玉妹','女','371312200201187143','1-609',11,'山东身临沂市河东区汤头镇朱家五湖村','汉族','美容美发与造型专业','2002-01-18','http://www.yanyufanchen.com/public/uploads/1511500988.jpg','陈庆娟',NULL,'15864868067',NULL,NULL,NULL,'13864868067',NULL,NULL,NULL,'阳历',6,'ooc0D0f30otBaMNfc-jeDSQ26Szk',0),(370,'王晓乐','女','371324200202150727','1-608',11,'苍山县大仲村镇金桥屯村','汉族','美容美发与造型化妆专','2002-02-15','http://www.yanyufanchen.com/public/uploads/1511501224.jpg','王爱铝',NULL,'13655393782',NULL,NULL,NULL,'13655391527',NULL,NULL,NULL,'阳历',5,'ooc0D0aXL_Wp0Gv6RuazxGxmKLY0',0),(371,'闫美伶','女','371302200206170823','1-609',11,'山东省 临沂市 兰山区','汉族','美容美发化妆专业','2002-06-17','http://www.yanyufanchen.com/public/uploads/1511501533.jpg','范平静',NULL,'15094712641',NULL,NULL,NULL,'13563963804',NULL,NULL,NULL,'阳历',8,'ooc0D0UTGAED8ZmLjzN_HyyXRkaY',0),(373,'孙绍斌','男','371322200112208857','3-608',10,'山东省临沂市罗庄区黄山镇蒋史汪村12号','汉族','软件开发','2001-12-20','http://www.yanyufanchen.com/public/uploads/1511515364.jpg','杜俊红',NULL,'13869305655',NULL,NULL,NULL,'15265129283',NULL,NULL,NULL,'农历',8,'ooc0D0cqFRIHzVIXiScl14uoz1hs',0),(375,'邹栩','男','3713200307273131','3-604',9,'山东省临沂市罗庄区龙山庄园','汉族','软件老夫','2003-07-27','http://www.yanyufanchen.com/public/uploads/1511524814.jpg','赵林林',NULL,'13864998376',NULL,NULL,NULL,'15069937137',NULL,NULL,NULL,'农历',8,'ooc0D0ZGMNWXn0GTiX9YUK-Pjn8o',0),(376,NULL,NULL,NULL,NULL,NULL,NULL,NULL,NULL,NULL,NULL,NULL,NULL,NULL,NULL,NULL,NULL,NULL,NULL,NULL,NULL,NULL,NULL,'ooc0D0Z97ebAv9Wo_mOEQlp-dNTs',0),(377,'徐福超','男','371312199611157179','3-620',4,'河东区汤头镇大徐五湖村','朝鲜族','java','1996-11-15',NULL,'徐广华',NULL,'15866985053',NULL,NULL,NULL,'15563231011',NULL,NULL,NULL,'阳历',4,'ooc0D0SYRs-xX5twp8Bdkv7AHYXI',0),(378,NULL,NULL,NULL,NULL,NULL,NULL,NULL,NULL,NULL,NULL,NULL,NULL,NULL,NULL,NULL,NULL,NULL,NULL,NULL,NULL,NULL,NULL,'ooc0D0RuoKq3EZLGbBY7yLQS3f2A',0),(379,NULL,NULL,NULL,NULL,NULL,NULL,NULL,NULL,NULL,NULL,NULL,NULL,NULL,NULL,NULL,NULL,NULL,NULL,NULL,NULL,NULL,NULL,'ooc0D0UUHorguT1bFMInWPeY4yf0',0);
/*!40000 ALTER TABLE `ly_users` ENABLE KEYS */;

#
# Structure for table "ly_video"
#

DROP TABLE IF EXISTS `ly_video`;
CREATE TABLE `ly_video` (
  `id` mediumint(8) unsigned NOT NULL AUTO_INCREMENT,
  `catid` smallint(5) unsigned NOT NULL DEFAULT '0',
  `typeid` smallint(5) unsigned NOT NULL,
  `title` char(80) NOT NULL DEFAULT '',
  `style` char(24) NOT NULL DEFAULT '',
  `thumb` char(100) NOT NULL DEFAULT '',
  `keywords` char(40) NOT NULL DEFAULT '',
  `description` char(255) NOT NULL DEFAULT '',
  `posids` tinyint(1) unsigned NOT NULL DEFAULT '0',
  `url` char(100) NOT NULL,
  `listorder` tinyint(3) unsigned NOT NULL DEFAULT '0',
  `status` tinyint(2) unsigned NOT NULL DEFAULT '1',
  `sysadd` tinyint(1) unsigned NOT NULL DEFAULT '0',
  `islink` tinyint(1) unsigned NOT NULL DEFAULT '0',
  `username` char(20) NOT NULL,
  `inputtime` int(10) unsigned NOT NULL DEFAULT '0',
  `updatetime` int(10) unsigned NOT NULL DEFAULT '0',
  `vision` varchar(255) NOT NULL DEFAULT '',
  `video_category` varchar(255) NOT NULL DEFAULT '',
  PRIMARY KEY (`id`),
  KEY `status` (`status`,`listorder`,`id`),
  KEY `listorder` (`catid`,`status`,`listorder`,`id`),
  KEY `catid` (`catid`,`status`,`id`)
) ENGINE=MyISAM DEFAULT CHARSET=utf8;

#
# Data for table "ly_video"
#


#
# Structure for table "ly_video_content"
#

DROP TABLE IF EXISTS `ly_video_content`;
CREATE TABLE `ly_video_content` (
  `contentid` int(10) unsigned NOT NULL DEFAULT '0',
  `modelid` smallint(5) unsigned NOT NULL DEFAULT '0',
  `videoid` int(10) unsigned NOT NULL DEFAULT '0',
  `listorder` smallint(5) unsigned NOT NULL DEFAULT '0',
  KEY `videoid` (`videoid`)
) ENGINE=MyISAM DEFAULT CHARSET=utf8;

#
# Data for table "ly_video_content"
#


#
# Structure for table "ly_video_data"
#

DROP TABLE IF EXISTS `ly_video_data`;
CREATE TABLE `ly_video_data` (
  `id` mediumint(8) unsigned DEFAULT '0',
  `content` text NOT NULL,
  `readpoint` smallint(5) unsigned NOT NULL DEFAULT '0',
  `groupids_view` varchar(100) NOT NULL,
  `paginationtype` tinyint(1) NOT NULL,
  `maxcharperpage` mediumint(6) NOT NULL,
  `template` varchar(30) NOT NULL,
  `paytype` tinyint(1) unsigned NOT NULL DEFAULT '0',
  `allow_comment` tinyint(1) unsigned NOT NULL DEFAULT '1',
  `relation` varchar(255) NOT NULL DEFAULT '',
  `video` tinyint(3) unsigned NOT NULL DEFAULT '0',
  KEY `id` (`id`)
) ENGINE=MyISAM DEFAULT CHARSET=utf8;

#
# Data for table "ly_video_data"
#


#
# Structure for table "ly_video_store"
#

DROP TABLE IF EXISTS `ly_video_store`;
CREATE TABLE `ly_video_store` (
  `videoid` int(10) unsigned NOT NULL AUTO_INCREMENT,
  `title` char(60) NOT NULL,
  `vid` char(40) NOT NULL,
  `keywords` char(40) NOT NULL,
  `description` char(255) NOT NULL,
  `status` tinyint(3) NOT NULL DEFAULT '0',
  `listorder` smallint(5) unsigned NOT NULL DEFAULT '0',
  `addtime` int(10) unsigned NOT NULL DEFAULT '0',
  `userid` mediumint(8) unsigned NOT NULL DEFAULT '0',
  `picpath` char(120) NOT NULL,
  `size` char(20) NOT NULL,
  `timelen` mediumint(9) NOT NULL DEFAULT '0',
  `userupload` tinyint(1) NOT NULL DEFAULT '0',
  `channelid` tinyint(3) unsigned NOT NULL DEFAULT '0',
  PRIMARY KEY (`videoid`),
  KEY `videoid` (`videoid`,`status`)
) ENGINE=MyISAM DEFAULT CHARSET=utf8;

#
# Data for table "ly_video_store"
#


#
# Structure for table "ly_vote_data"
#

DROP TABLE IF EXISTS `ly_vote_data`;
CREATE TABLE `ly_vote_data` (
  `userid` mediumint(8) unsigned DEFAULT '0',
  `username` char(20) NOT NULL,
  `subjectid` mediumint(8) unsigned NOT NULL DEFAULT '0',
  `time` int(10) unsigned NOT NULL DEFAULT '0',
  `ip` char(15) NOT NULL,
  `data` text NOT NULL,
  `userinfo` text NOT NULL,
  KEY `subjectid` (`subjectid`),
  KEY `userid` (`userid`),
  KEY `ip` (`ip`)
) ENGINE=MyISAM DEFAULT CHARSET=utf8;

#
# Data for table "ly_vote_data"
#


#
# Structure for table "ly_vote_option"
#

DROP TABLE IF EXISTS `ly_vote_option`;
CREATE TABLE `ly_vote_option` (
  `optionid` mediumint(8) unsigned NOT NULL AUTO_INCREMENT,
  `siteid` smallint(5) unsigned DEFAULT '0',
  `subjectid` mediumint(8) unsigned NOT NULL DEFAULT '0',
  `option` varchar(255) NOT NULL,
  `image` varchar(100) DEFAULT NULL,
  `listorder` tinyint(2) unsigned DEFAULT '0',
  PRIMARY KEY (`optionid`),
  KEY `subjectid` (`subjectid`)
) ENGINE=MyISAM DEFAULT CHARSET=utf8;

#
# Data for table "ly_vote_option"
#


#
# Structure for table "ly_vote_subject"
#

DROP TABLE IF EXISTS `ly_vote_subject`;
CREATE TABLE `ly_vote_subject` (
  `subjectid` mediumint(8) unsigned NOT NULL AUTO_INCREMENT,
  `siteid` smallint(5) unsigned DEFAULT '0',
  `subject` char(255) NOT NULL,
  `ismultiple` tinyint(1) unsigned NOT NULL DEFAULT '0',
  `ischeckbox` tinyint(1) unsigned NOT NULL DEFAULT '0',
  `credit` smallint(5) unsigned NOT NULL DEFAULT '0',
  `addtime` int(10) unsigned NOT NULL DEFAULT '0',
  `fromdate` date NOT NULL DEFAULT '0000-00-00',
  `todate` date NOT NULL DEFAULT '0000-00-00',
  `interval` tinyint(3) unsigned NOT NULL DEFAULT '0',
  `enabled` tinyint(1) unsigned NOT NULL DEFAULT '1',
  `template` char(20) NOT NULL,
  `description` text NOT NULL,
  `listorder` smallint(5) unsigned NOT NULL DEFAULT '0',
  `allowguest` tinyint(1) unsigned NOT NULL DEFAULT '1',
  `maxval` tinyint(2) unsigned NOT NULL DEFAULT '0',
  `minval` tinyint(1) unsigned NOT NULL DEFAULT '1',
  `allowview` tinyint(1) unsigned NOT NULL DEFAULT '1',
  `optionnumber` tinyint(3) unsigned NOT NULL DEFAULT '0',
  `votenumber` mediumint(8) unsigned NOT NULL DEFAULT '0',
  PRIMARY KEY (`subjectid`),
  KEY `enabled` (`enabled`),
  KEY `fromdate` (`fromdate`,`todate`),
  KEY `todate` (`todate`)
) ENGINE=MyISAM DEFAULT CHARSET=utf8;

#
# Data for table "ly_vote_subject"
#


#
# Structure for table "ly_wap"
#

DROP TABLE IF EXISTS `ly_wap`;
CREATE TABLE `ly_wap` (
  `siteid` smallint(5) unsigned NOT NULL DEFAULT '1',
  `sitename` char(30) NOT NULL,
  `logo` char(100) DEFAULT NULL,
  `domain` varchar(100) DEFAULT NULL,
  `setting` mediumtext,
  `status` tinyint(2) DEFAULT NULL,
  PRIMARY KEY (`siteid`)
) ENGINE=MyISAM DEFAULT CHARSET=utf8;

#
# Data for table "ly_wap"
#

/*!40000 ALTER TABLE `ly_wap` DISABLE KEYS */;
INSERT INTO `ly_wap` VALUES (1,'PHPCMS手机门户','/statics/images/wap/wlogo.gif','','array (\n  \'listnum\' => \'10\',\n  \'thumb_w\' => \'220\',\n  \'thumb_h\' => \'0\',\n  \'c_num\' => \'1000\',\n  \'index_template\' => \'index\',\n  \'category_template\' => \'category\',\n  \'list_template\' => \'list\',\n  \'show_template\' => \'show\',\n)',0);
/*!40000 ALTER TABLE `ly_wap` ENABLE KEYS */;

#
# Structure for table "ly_wap_type"
#

DROP TABLE IF EXISTS `ly_wap_type`;
CREATE TABLE `ly_wap_type` (
  `typeid` smallint(5) NOT NULL AUTO_INCREMENT,
  `cat` smallint(5) NOT NULL,
  `parentid` smallint(5) NOT NULL,
  `typename` varchar(30) NOT NULL,
  `siteid` smallint(5) NOT NULL,
  `listorder` smallint(5) DEFAULT '0',
  PRIMARY KEY (`typeid`)
) ENGINE=MyISAM DEFAULT CHARSET=utf8;

#
# Data for table "ly_wap_type"
#


#
# Structure for table "ly_workflow"
#

DROP TABLE IF EXISTS `ly_workflow`;
CREATE TABLE `ly_workflow` (
  `workflowid` smallint(5) unsigned NOT NULL AUTO_INCREMENT,
  `siteid` smallint(5) unsigned NOT NULL DEFAULT '0',
  `steps` tinyint(1) unsigned NOT NULL DEFAULT '1',
  `workname` varchar(20) NOT NULL,
  `description` varchar(255) NOT NULL,
  `setting` text NOT NULL,
  `flag` tinyint(1) unsigned NOT NULL DEFAULT '0',
  PRIMARY KEY (`workflowid`)
) ENGINE=MyISAM AUTO_INCREMENT=5 DEFAULT CHARSET=utf8;

#
# Data for table "ly_workflow"
#

/*!40000 ALTER TABLE `ly_workflow` DISABLE KEYS */;
INSERT INTO `ly_workflow` VALUES (1,1,1,'一级审核','审核一次','',0),(2,1,2,'二级审核','审核两次','',0),(3,1,3,'三级审核','审核三次','',0),(4,1,4,'四级审核','四级审核','',0);
/*!40000 ALTER TABLE `ly_workflow` ENABLE KEYS */;
